project_id,client_id,client_name,sector,service_line,start_date,planned_end_date,actual_end_date,status,complexity,team_size,senior_staff_count,junior_staff_count,contract_value_ngn,actual_cost_ngn,delay_days,cost_overrun_pct,client_satisfaction_score,renewed_within_12m,acquisition_channel
P1066,C-PS-Client-05,PS-Client-05,Public Sector,Data Visualization & Analytics,2021-01-05,2021-03-05,2021-03-08,Completed,Low,4,2,2,7150000.0,7450000.0,3.0,0.042,3.7,No,Repeat Client
P0866,C-FAI-Client-07,FAI-Client-07,Finance and Insurance,Stakeholder Engagement,2021-01-07,2021-04-07,2021-04-10,Completed,Low,2,1,1,6530000.0,6750000.0,3.0,0.034,4.2,Yes,Competitive Tender
P1401,C-TAI-Client-07,TAI-Client-07,Technology and Innovation,Digital Transformation,2021-01-08,2021-03-08,2021-03-10,Completed,Low,4,2,2,7600000.0,7820000.0,2.0,0.029,4.3,No,Direct Outreach
P0003,C-A-Client-04,A-Client-04,Agriculture,Digital Transformation,2021-01-08,2021-03-08,2021-05-05,Completed,Medium,8,2,6,14680000.0,19880000.0,58.0,0.354,2.5,No,Competitive Tender
P0864,C-FAI-Client-08,FAI-Client-08,Finance and Insurance,Strategic Planning,2021-01-10,2021-03-10,2021-03-13,Completed,Low,2,1,1,5300000.0,5580000.0,3.0,0.052,4.1,No,Referral
P0867,C-FAI-Client-03,FAI-Client-03,Finance and Insurance,Market & Social Research,2021-01-10,2021-03-10,2021-03-11,Completed,Low,2,1,1,4660000.0,4740000.0,1.0,0.018,4.2,Yes,Competitive Tender
P1218,C-CEAT-Client-09,CEAT-Client-09,Creative Economy and Tourism,Market & Social Research,2021-01-11,2021-04-11,2021-05-19,Completed,Low,2,1,1,3890000.0,5340000.0,38.0,0.372,3.3,No,Competitive Tender
P1399,C-TAI-Client-01,TAI-Client-01,Technology and Innovation,Digital Transformation,2021-01-12,2021-04-12,2021-04-16,Completed,Low,2,1,1,5360000.0,5620000.0,4.0,0.049,4.3,No,Direct Outreach
P1219,C-CEAT-Client-05,CEAT-Client-05,Creative Economy and Tourism,Data Visualization & Analytics,2021-01-13,2021-04-13,2021-04-15,Completed,Low,4,1,3,8190000.0,8340000.0,2.0,0.018,4.6,Yes,Competitive Tender
P0002,C-A-Client-02,A-Client-02,Agriculture,Market & Social Research,2021-01-14,2021-02-14,2021-02-14,Completed,Low,2,1,1,1460000.0,1460000.0,0.0,0.0,4.1,No,Repeat Client
P1220,C-CEAT-Client-01,CEAT-Client-01,Creative Economy and Tourism,Digital Transformation,2021-01-15,2021-03-15,2021-03-18,Completed,Low,3,1,2,3780000.0,3930000.0,3.0,0.039,4.4,No,Referral
P1216,C-CEAT-Client-09,CEAT-Client-09,Creative Economy and Tourism,Data Visualization & Analytics,2021-01-15,2021-07-15,2021-07-15,Completed,High,12,5,7,63660000.0,63660000.0,0.0,0.0,4.6,Yes,Referral
P1061,C-PS-Client-05,PS-Client-05,Public Sector,Stakeholder Engagement,2021-01-16,2021-02-16,2021-03-24,Completed,Low,2,1,1,1380000.0,2210000.0,36.0,0.6,2.2,No,Competitive Tender
P1064,C-PS-Client-04,PS-Client-04,Public Sector,Digital Transformation,2021-01-17,2021-02-17,2021-02-18,Completed,Low,3,1,2,2330000.0,2380000.0,1.0,0.021,4.7,Yes,Direct Outreach
P1400,C-TAI-Client-05,TAI-Client-05,Technology and Innovation,Strategic Planning,2021-01-18,2021-07-18,2021-08-21,Completed,High,8,3,5,70900000.0,82530000.0,34.0,0.164,3.9,Yes,Competitive Tender
P1062,C-PS-Client-04,PS-Client-04,Public Sector,Strategic Planning,2021-01-18,2021-06-18,2021-06-19,Completed,Medium,6,2,4,34920000.0,35160000.0,1.0,0.007,4.0,No,Direct Outreach
P0004,C-A-Client-08,A-Client-08,Agriculture,Stakeholder Engagement,2021-01-21,2021-06-21,2021-09-11,Completed,Medium,5,2,3,19890000.0,25380000.0,82.0,0.276,3.0,No,Competitive Tender
P0001,C-A-Client-02,A-Client-02,Agriculture,Stakeholder Engagement,2021-01-22,2021-04-22,2021-04-22,Completed,Low,4,1,3,10090000.0,10090000.0,0.0,0.0,4.1,Yes,Competitive Tender
P1063,C-PS-Client-09,PS-Client-09,Public Sector,Strategic Planning,2021-01-23,2021-10-23,2022-01-14,Completed,High,7,2,5,65540000.0,75040000.0,83.0,0.145,2.0,No,Direct Outreach
P0631,C-E-Client-07,E-Client-07,Energy,Political Risk Management,2021-01-23,2021-02-23,2021-03-07,Completed,Low,4,1,3,5140000.0,6900000.0,12.0,0.343,3.4,No,Referral
P1065,C-PS-Client-06,PS-Client-06,Public Sector,Strategic Planning,2021-01-26,2021-03-26,2021-04-11,Completed,Low,3,1,2,4490000.0,5720000.0,16.0,0.273,3.0,No,Direct Outreach
P0239,C-CACM-Client-04,CACM-Client-04,Climate and Carbon Markets,Stakeholder Engagement,2021-01-26,2021-05-26,2021-05-28,Completed,Medium,5,2,3,22310000.0,22640000.0,2.0,0.015,4.0,Yes,Referral
P0863,C-FAI-Client-05,FAI-Client-05,Finance and Insurance,Stakeholder Engagement,2021-01-26,2021-05-26,,Cancelled,Medium,6,2,4,31820000.0,32490000.0,,,,N/A,Direct Outreach
P0865,C-FAI-Client-02,FAI-Client-02,Finance and Insurance,Political Risk Management,2021-01-28,2021-04-28,2021-04-29,Completed,Low,4,1,3,12610000.0,12770000.0,1.0,0.013,4.6,Yes,Competitive Tender
P1217,C-CEAT-Client-07,CEAT-Client-07,Creative Economy and Tourism,Digital Transformation,2021-01-28,2021-05-28,2021-05-29,Completed,Medium,7,3,4,24930000.0,25100000.0,1.0,0.007,4.4,Yes,Direct Outreach
P1406,C-TAI-Client-03,TAI-Client-03,Technology and Innovation,Digital Transformation,2021-02-01,2021-04-01,2021-06-24,Completed,Medium,4,1,3,11400000.0,18110000.0,84.0,0.589,2.3,Yes,Repeat Client
P0007,C-A-Client-06,A-Client-06,Agriculture,Data Visualization & Analytics,2021-02-03,2021-07-03,2021-09-20,Completed,Medium,4,2,2,15710000.0,21330000.0,79.0,0.358,2.4,No,Repeat Client
P0011,C-A-Client-05,A-Client-05,Agriculture,Strategic Planning,2021-02-03,2021-06-03,2021-06-07,Completed,High,10,4,6,40290000.0,41900000.0,4.0,0.04,4.1,No,Competitive Tender
P0009,C-A-Client-05,A-Client-05,Agriculture,Digital Transformation,2021-02-04,2021-07-04,2021-07-16,Completed,Medium,4,1,3,17930000.0,19310000.0,12.0,0.077,4.3,Yes,Referral
P1408,C-TAI-Client-08,TAI-Client-08,Technology and Innovation,Digital Transformation,2021-02-05,2021-05-05,2021-06-03,Completed,Low,3,1,2,8190000.0,10290000.0,29.0,0.256,3.8,No,Referral
P1405,C-TAI-Client-03,TAI-Client-03,Technology and Innovation,Market & Social Research,2021-02-05,2021-04-05,2021-04-05,Completed,Low,4,2,2,8260000.0,8260000.0,0.0,0.0,4.4,No,Direct Outreach
P0633,C-E-Client-03,E-Client-03,Energy,Stakeholder Engagement,2021-02-06,2021-09-06,2021-12-19,Completed,High,15,6,9,199400000.0,252640000.0,104.0,0.267,2.2,No,Competitive Tender
P0634,C-E-Client-03,E-Client-03,Energy,Market & Social Research,2021-02-06,2021-07-06,2021-07-10,Completed,Medium,6,3,3,49190000.0,50030000.0,4.0,0.017,4.7,No,Repeat Client
P0868,C-FAI-Client-08,FAI-Client-08,Finance and Insurance,Market & Social Research,2021-02-07,2021-04-07,2021-05-23,Completed,Low,3,1,2,8660000.0,12840000.0,46.0,0.483,2.4,No,Referral
P1404,C-TAI-Client-06,TAI-Client-06,Technology and Innovation,Political Risk Management,2021-02-07,2021-05-07,,Cancelled,Low,3,1,2,9640000.0,11180000.0,,,,N/A,Referral
P0006,C-A-Client-06,A-Client-06,Agriculture,Strategic Planning,2021-02-09,2021-03-09,2021-03-09,Completed,Low,2,1,1,1290000.0,1290000.0,0.0,0.0,4.0,No,Direct Outreach
P0005,C-A-Client-07,A-Client-07,Agriculture,Data Visualization & Analytics,2021-02-09,2021-06-09,2021-08-05,Completed,High,9,2,7,36390000.0,45630000.0,57.0,0.254,2.5,No,Referral
P1068,C-PS-Client-04,PS-Client-04,Public Sector,Political Risk Management,2021-02-09,2021-11-09,2021-11-13,Completed,High,13,5,8,138680000.0,140070000.0,4.0,0.01,4.1,No,Repeat Client
P1402,C-TAI-Client-07,TAI-Client-07,Technology and Innovation,Political Risk Management,2021-02-11,2021-11-11,2021-11-12,Completed,High,13,4,9,195990000.0,196770000.0,1.0,0.004,4.2,Yes,Referral
P1403,C-TAI-Client-08,TAI-Client-08,Technology and Innovation,Market & Social Research,2021-02-14,2021-05-14,2021-06-23,Completed,Medium,5,2,3,21460000.0,28430000.0,40.0,0.325,3.3,No,Competitive Tender
P1407,C-TAI-Client-03,TAI-Client-03,Technology and Innovation,Strategic Planning,2021-02-16,2021-05-16,2021-05-17,Completed,Low,3,1,2,7720000.0,7770000.0,1.0,0.007,4.3,No,Referral
P1069,C-PS-Client-03,PS-Client-03,Public Sector,Data Visualization & Analytics,2021-02-18,2021-10-18,2021-11-16,Completed,High,14,4,10,151890000.0,169810000.0,29.0,0.118,3.6,No,Competitive Tender
P1070,C-PS-Client-05,PS-Client-05,Public Sector,Data Visualization & Analytics,2021-02-18,2021-05-18,2021-05-18,Completed,Low,3,1,2,6410000.0,6410000.0,0.0,0.0,4.2,No,Referral
P1071,C-PS-Client-03,PS-Client-03,Public Sector,Digital Transformation,2021-02-19,2021-08-19,2021-08-19,Completed,High,13,5,8,100910000.0,100910000.0,0.0,0.0,4.0,No,Referral
P0632,C-E-Client-07,E-Client-07,Energy,Political Risk Management,2021-02-20,2021-05-20,2021-05-20,Completed,Medium,8,2,6,32820000.0,32820000.0,0.0,0.0,3.7,No,Repeat Client
P0010,C-A-Client-04,A-Client-04,Agriculture,Digital Transformation,2021-02-20,2021-06-20,2021-06-20,Completed,Medium,8,3,5,26690000.0,26690000.0,0.0,0.0,4.3,No,Repeat Client
P0008,C-A-Client-08,A-Client-08,Agriculture,Stakeholder Engagement,2021-02-20,2021-06-20,2021-08-26,Completed,Medium,4,2,2,16650000.0,23410000.0,67.0,0.406,2.4,No,Repeat Client
P1067,C-PS-Client-06,PS-Client-06,Public Sector,Stakeholder Engagement,2021-02-28,2021-07-28,2021-09-07,Completed,Medium,8,3,5,41490000.0,48500000.0,41.0,0.169,3.5,No,Repeat Client
P0636,C-E-Client-04,E-Client-04,Energy,Political Risk Management,2021-03-01,2021-10-01,2021-10-02,Completed,High,9,4,5,109730000.0,110060000.0,1.0,0.003,4.1,No,Referral
P1412,C-TAI-Client-04,TAI-Client-04,Technology and Innovation,Digital Transformation,2021-03-01,2021-11-01,2021-11-02,Completed,High,14,4,10,187400000.0,188340000.0,1.0,0.005,4.6,Yes,Direct Outreach
P1221,C-CEAT-Client-01,CEAT-Client-01,Creative Economy and Tourism,Stakeholder Engagement,2021-03-02,2021-05-02,2021-05-05,Completed,Low,4,2,2,5770000.0,6020000.0,3.0,0.043,4.7,No,Repeat Client
P1072,C-PS-Client-08,PS-Client-08,Public Sector,Digital Transformation,2021-03-04,2021-12-04,2021-12-08,Completed,High,10,4,6,117680000.0,118860000.0,4.0,0.01,3.7,No,Competitive Tender
P0242,C-CACM-Client-06,CACM-Client-06,Climate and Carbon Markets,Digital Transformation,2021-03-05,2021-05-05,2021-05-06,Completed,Medium,6,2,4,17870000.0,18050000.0,1.0,0.01,4.2,Yes,Repeat Client
P1222,C-CEAT-Client-05,CEAT-Client-05,Creative Economy and Tourism,Market & Social Research,2021-03-05,2021-05-05,2021-05-09,Completed,Low,2,1,1,2450000.0,2580000.0,4.0,0.055,4.2,Yes,Referral
P1073,C-PS-Client-09,PS-Client-09,Public Sector,Political Risk Management,2021-03-06,2021-05-06,2021-05-06,Completed,Medium,5,2,3,9450000.0,9450000.0,0.0,0.0,4.1,No,Repeat Client
P1223,C-CEAT-Client-05,CEAT-Client-05,Creative Economy and Tourism,Stakeholder Engagement,2021-03-07,2021-07-07,2021-07-10,Completed,Medium,4,1,3,12370000.0,12630000.0,3.0,0.021,3.7,No,Repeat Client
P0875,C-FAI-Client-06,FAI-Client-06,Finance and Insurance,Stakeholder Engagement,2021-03-07,2021-07-07,2021-07-11,Completed,Medium,4,1,3,22860000.0,23710000.0,4.0,0.037,4.8,No,Competitive Tender
P1077,C-PS-Client-01,PS-Client-01,Public Sector,Digital Transformation,2021-03-08,2021-09-08,2021-09-25,Completed,High,8,3,5,66520000.0,71510000.0,17.0,0.075,3.8,Yes,Repeat Client
P0240,C-CACM-Client-01,CACM-Client-01,Climate and Carbon Markets,Data Visualization & Analytics,2021-03-09,2021-06-09,2021-06-12,Completed,Medium,4,1,3,18120000.0,18590000.0,3.0,0.026,3.8,No,Referral
P0869,C-FAI-Client-02,FAI-Client-02,Finance and Insurance,Political Risk Management,2021-03-11,2021-12-11,2021-12-13,Completed,High,9,2,7,140970000.0,142100000.0,2.0,0.008,4.7,Yes,Repeat Client
P0870,C-FAI-Client-01,FAI-Client-01,Finance and Insurance,Strategic Planning,2021-03-11,2021-06-11,2021-06-14,Completed,Medium,6,1,5,26340000.0,27080000.0,3.0,0.028,4.7,No,Referral
P0635,C-E-Client-01,E-Client-01,Energy,Data Visualization & Analytics,2021-03-11,2021-08-11,2021-10-26,Completed,Medium,8,2,6,53460000.0,69600000.0,76.0,0.302,2.6,No,Direct Outreach
P1411,C-TAI-Client-07,TAI-Client-07,Technology and Innovation,Stakeholder Engagement,2021-03-12,2021-04-12,2021-04-13,Completed,Low,2,1,1,2320000.0,2390000.0,1.0,0.03,4.2,Yes,Referral
P1075,C-PS-Client-03,PS-Client-03,Public Sector,Political Risk Management,2021-03-13,2021-05-13,2021-07-24,Completed,Medium,4,2,2,8680000.0,13770000.0,72.0,0.586,1.8,No,Repeat Client
P0243,C-CACM-Client-03,CACM-Client-03,Climate and Carbon Markets,Stakeholder Engagement,2021-03-14,2021-06-14,2021-07-31,Completed,Medium,5,2,3,20250000.0,29100000.0,47.0,0.437,2.2,No,Competitive Tender
P0013,C-A-Client-03,A-Client-03,Agriculture,Data Visualization & Analytics,2021-03-15,2021-06-15,2021-06-16,Completed,Low,3,1,2,7890000.0,7960000.0,1.0,0.009,4.3,Yes,Referral
P0871,C-FAI-Client-03,FAI-Client-03,Finance and Insurance,Stakeholder Engagement,2021-03-15,2021-05-15,2021-07-05,Completed,Low,2,1,1,5250000.0,7970000.0,51.0,0.519,2.0,No,Repeat Client
P0874,C-FAI-Client-01,FAI-Client-01,Finance and Insurance,Stakeholder Engagement,2021-03-16,2021-05-16,2021-05-20,Completed,Low,2,1,1,4530000.0,4730000.0,4.0,0.045,4.2,No,Repeat Client
P1224,C-CEAT-Client-03,CEAT-Client-03,Creative Economy and Tourism,Strategic Planning,2021-03-17,2021-06-17,2021-06-19,Completed,Low,4,1,3,9000000.0,9240000.0,2.0,0.027,3.5,No,Competitive Tender
P1410,C-TAI-Client-08,TAI-Client-08,Technology and Innovation,Political Risk Management,2021-03-17,2021-08-17,2021-08-21,Completed,Medium,8,3,5,49130000.0,50550000.0,4.0,0.029,4.3,Yes,Repeat Client
P0637,C-E-Client-08,E-Client-08,Energy,Political Risk Management,2021-03-18,2021-06-18,2021-07-21,Completed,Low,4,1,3,16240000.0,21490000.0,33.0,0.323,2.5,No,Referral
P0873,C-FAI-Client-07,FAI-Client-07,Finance and Insurance,Political Risk Management,2021-03-20,2021-10-20,2021-10-24,Completed,High,13,6,7,146220000.0,149140000.0,4.0,0.02,4.0,Yes,Direct Outreach
P1409,C-TAI-Client-03,TAI-Client-03,Technology and Innovation,Political Risk Management,2021-03-20,2021-05-20,2021-05-22,Completed,Low,4,1,3,9020000.0,9190000.0,2.0,0.019,4.0,Yes,Repeat Client
P1076,C-PS-Client-02,PS-Client-02,Public Sector,Data Visualization & Analytics,2021-03-20,2021-05-20,2021-05-20,Completed,Low,2,1,1,3790000.0,3790000.0,0.0,0.0,4.7,No,Direct Outreach
P0872,C-FAI-Client-02,FAI-Client-02,Finance and Insurance,Market & Social Research,2021-03-25,2021-08-25,2021-08-26,Completed,High,14,6,8,144470000.0,145190000.0,1.0,0.005,5.0,Yes,Repeat Client
P1074,C-PS-Client-01,PS-Client-01,Public Sector,Market & Social Research,2021-03-26,2021-05-26,2021-05-30,Completed,Low,4,1,3,7370000.0,7860000.0,4.0,0.067,4.0,No,Referral
P0241,C-CACM-Client-06,CACM-Client-06,Climate and Carbon Markets,Digital Transformation,2021-03-26,2021-08-26,2021-08-26,Completed,Medium,4,1,3,28050000.0,28050000.0,0.0,0.0,4.1,Yes,Referral
P0012,C-A-Client-07,A-Client-07,Agriculture,Data Visualization & Analytics,2021-03-28,2021-06-28,2021-09-21,Completed,Medium,4,1,3,10050000.0,14080000.0,85.0,0.401,2.2,No,Repeat Client
P1225,C-CEAT-Client-03,CEAT-Client-03,Creative Economy and Tourism,Market & Social Research,2021-04-02,2021-06-02,2021-06-03,Completed,Low,3,1,2,4600000.0,4670000.0,1.0,0.016,4.3,No,Referral
P1414,C-TAI-Client-02,TAI-Client-02,Technology and Innovation,Stakeholder Engagement,2021-04-02,2021-09-02,2021-09-03,Completed,Medium,6,1,5,35980000.0,36230000.0,1.0,0.007,4.4,No,Competitive Tender
P0876,C-FAI-Client-04,FAI-Client-04,Finance and Insurance,Market & Social Research,2021-04-07,2021-08-07,,Cancelled,High,7,2,5,48710000.0,67710000.0,,,,N/A,Competitive Tender
P1226,C-CEAT-Client-04,CEAT-Client-04,Creative Economy and Tourism,Market & Social Research,2021-04-09,2021-06-09,2021-06-09,Completed,Low,4,1,3,5040000.0,5040000.0,0.0,0.0,4.2,No,Referral
P1227,C-CEAT-Client-07,CEAT-Client-07,Creative Economy and Tourism,Stakeholder Engagement,2021-04-09,2021-10-09,2021-10-09,Completed,High,8,2,6,46970000.0,46970000.0,0.0,0.0,4.7,Yes,Repeat Client
P0245,C-CACM-Client-06,CACM-Client-06,Climate and Carbon Markets,Strategic Planning,2021-04-09,2021-06-09,,Cancelled,Low,3,1,2,5480000.0,5890000.0,,,,N/A,Repeat Client
P0014,C-A-Client-02,A-Client-02,Agriculture,Stakeholder Engagement,2021-04-12,2021-07-12,2021-07-13,Completed,Medium,6,3,3,15280000.0,15460000.0,1.0,0.012,5.0,Yes,Referral
P0244,C-CACM-Client-05,CACM-Client-05,Climate and Carbon Markets,Market & Social Research,2021-04-12,2021-07-12,2021-07-12,Completed,Low,4,2,2,14590000.0,14590000.0,0.0,0.0,4.7,Yes,Referral
P1078,C-PS-Client-09,PS-Client-09,Public Sector,Data Visualization & Analytics,2021-04-13,2021-09-13,2021-11-06,Completed,Medium,8,2,6,34840000.0,42160000.0,54.0,0.21,2.4,No,Direct Outreach
P0016,C-A-Client-04,A-Client-04,Agriculture,Digital Transformation,2021-04-15,2021-06-15,2021-06-16,Completed,Low,3,1,2,4390000.0,4440000.0,1.0,0.011,4.3,No,Direct Outreach
P0246,C-CACM-Client-04,CACM-Client-04,Climate and Carbon Markets,Digital Transformation,2021-04-15,2021-08-15,2021-10-01,Completed,High,9,4,5,65100000.0,76950000.0,47.0,0.182,3.3,No,Repeat Client
P1415,C-TAI-Client-05,TAI-Client-05,Technology and Innovation,Political Risk Management,2021-04-16,2021-06-16,2021-06-20,Completed,Medium,5,1,4,13960000.0,14850000.0,4.0,0.064,4.2,Yes,Repeat Client
P1413,C-TAI-Client-06,TAI-Client-06,Technology and Innovation,Strategic Planning,2021-04-17,2021-08-17,2021-08-19,Completed,Medium,7,2,5,32600000.0,33250000.0,2.0,0.02,4.8,No,Repeat Client
P0015,C-A-Client-04,A-Client-04,Agriculture,Market & Social Research,2021-04-21,2021-07-21,2021-07-21,Completed,Medium,8,3,5,19220000.0,19220000.0,0.0,0.0,3.8,No,Competitive Tender
P0638,C-E-Client-08,E-Client-08,Energy,Political Risk Management,2021-04-22,2021-06-22,2021-06-23,Completed,Low,3,1,2,7930000.0,8030000.0,1.0,0.013,4.0,Yes,Referral
P1079,C-PS-Client-03,PS-Client-03,Public Sector,Digital Transformation,2021-04-23,2021-12-23,2022-02-17,Completed,High,7,3,4,76330000.0,91210000.0,56.0,0.195,3.1,No,Competitive Tender
P1083,C-PS-Client-01,PS-Client-01,Public Sector,Market & Social Research,2021-05-02,2021-07-02,2021-08-22,Completed,Low,2,1,1,3100000.0,4420000.0,51.0,0.425,2.1,No,Repeat Client
P0640,C-E-Client-09,E-Client-09,Energy,Data Visualization & Analytics,2021-05-02,2021-07-02,2021-07-05,Completed,Low,2,1,1,4740000.0,5010000.0,3.0,0.058,4.7,No,Competitive Tender
P0879,C-FAI-Client-05,FAI-Client-05,Finance and Insurance,Political Risk Management,2021-05-03,2021-07-03,2021-07-03,Completed,Medium,6,2,4,18960000.0,18960000.0,0.0,0.0,4.3,Yes,Repeat Client
P1084,C-PS-Client-06,PS-Client-06,Public Sector,Digital Transformation,2021-05-03,2021-07-03,2021-07-07,Completed,Low,3,1,2,4730000.0,4960000.0,4.0,0.049,4.4,No,Referral
P0642,C-E-Client-09,E-Client-09,Energy,Data Visualization & Analytics,2021-05-04,2021-07-04,2021-07-06,Completed,Medium,6,1,5,15160000.0,15720000.0,2.0,0.037,4.2,Yes,Repeat Client
P0641,C-E-Client-09,E-Client-09,Energy,Stakeholder Engagement,2021-05-06,2021-12-06,2022-01-24,Completed,High,14,5,9,194810000.0,228900000.0,49.0,0.175,3.3,Yes,Repeat Client
P0639,C-E-Client-04,E-Client-04,Energy,Data Visualization & Analytics,2021-05-06,2021-09-06,2021-09-06,Completed,High,7,2,5,43470000.0,43470000.0,0.0,0.0,4.2,No,Competitive Tender
P1228,C-CEAT-Client-08,CEAT-Client-08,Creative Economy and Tourism,Market & Social Research,2021-05-07,2021-07-07,2021-07-10,Completed,Medium,6,2,4,11360000.0,11690000.0,3.0,0.029,4.1,Yes,Referral
P0021,C-A-Client-07,A-Client-07,Agriculture,Stakeholder Engagement,2021-05-08,2021-09-08,2021-09-08,Completed,Medium,8,4,4,30010000.0,30010000.0,0.0,0.0,4.4,Yes,Referral
P0017,C-A-Client-01,A-Client-01,Agriculture,Data Visualization & Analytics,2021-05-11,2021-06-11,2021-06-12,Completed,Low,2,1,1,1740000.0,1800000.0,1.0,0.036,4.3,No,Competitive Tender
P1085,C-PS-Client-04,PS-Client-04,Public Sector,Stakeholder Engagement,2021-05-13,2021-07-13,2021-07-13,Completed,Low,4,1,3,6800000.0,6800000.0,0.0,0.0,4.3,No,Repeat Client
P0018,C-A-Client-04,A-Client-04,Agriculture,Stakeholder Engagement,2021-05-13,2021-07-13,,Cancelled,Low,2,1,1,3480000.0,4010000.0,,,,N/A,Referral
P0878,C-FAI-Client-05,FAI-Client-05,Finance and Insurance,Market & Social Research,2021-05-13,2021-08-13,2021-08-14,Completed,Low,4,1,3,15270000.0,15440000.0,1.0,0.011,4.8,Yes,Repeat Client
P1080,C-PS-Client-04,PS-Client-04,Public Sector,Digital Transformation,2021-05-16,2021-07-16,2021-07-18,Completed,Low,2,1,1,2840000.0,2900000.0,2.0,0.021,4.3,No,Competitive Tender
P1229,C-CEAT-Client-02,CEAT-Client-02,Creative Economy and Tourism,Stakeholder Engagement,2021-05-16,2021-08-16,2021-08-16,Completed,Low,4,1,3,7820000.0,7820000.0,0.0,0.0,4.5,Yes,Referral
P1416,C-TAI-Client-02,TAI-Client-02,Technology and Innovation,Market & Social Research,2021-05-17,2021-06-17,2021-06-19,Completed,Low,4,2,2,3420000.0,3640000.0,2.0,0.064,4.0,Yes,Competitive Tender
P0020,C-A-Client-05,A-Client-05,Agriculture,Market & Social Research,2021-05-21,2021-10-21,2021-11-29,Completed,Medium,5,2,3,24690000.0,28690000.0,39.0,0.162,3.4,No,Referral
P0877,C-FAI-Client-03,FAI-Client-03,Finance and Insurance,Strategic Planning,2021-05-23,2021-11-23,2021-11-27,Completed,High,11,5,6,116390000.0,119650000.0,4.0,0.028,3.9,Yes,Repeat Client
P0019,C-A-Client-08,A-Client-08,Agriculture,Political Risk Management,2021-05-23,2021-07-23,2021-07-26,Completed,Low,2,1,1,3270000.0,3390000.0,3.0,0.036,4.3,No,Referral
P0247,C-CACM-Client-06,CACM-Client-06,Climate and Carbon Markets,Strategic Planning,2021-05-24,2022-02-24,2022-02-28,Completed,High,13,6,7,213270000.0,215400000.0,4.0,0.01,3.7,Yes,Direct Outreach
P1081,C-PS-Client-04,PS-Client-04,Public Sector,Strategic Planning,2021-05-26,2022-01-26,2022-01-29,Completed,High,11,3,8,104720000.0,106190000.0,3.0,0.014,4.5,Yes,Competitive Tender
P1082,C-PS-Client-03,PS-Client-03,Public Sector,Digital Transformation,2021-05-26,2021-08-26,2021-09-16,Completed,Medium,8,4,4,26590000.0,30420000.0,21.0,0.144,4.0,No,Repeat Client
P1086,C-PS-Client-09,PS-Client-09,Public Sector,Data Visualization & Analytics,2021-06-01,2021-08-01,2021-10-05,Completed,Medium,4,1,3,7540000.0,10590000.0,65.0,0.404,3.5,No,Repeat Client
P1418,C-TAI-Client-01,TAI-Client-01,Technology and Innovation,Political Risk Management,2021-06-02,2021-12-02,2021-12-06,Completed,High,15,5,10,129100000.0,132070000.0,4.0,0.023,4.4,Yes,Competitive Tender
P0644,C-E-Client-04,E-Client-04,Energy,Data Visualization & Analytics,2021-06-07,2022-01-07,2022-04-06,Completed,High,8,2,6,111530000.0,140860000.0,89.0,0.263,1.8,No,Repeat Client
P0025,C-A-Client-05,A-Client-05,Agriculture,Stakeholder Engagement,2021-06-13,2021-11-13,2021-11-14,Completed,Medium,8,3,5,40320000.0,40560000.0,1.0,0.006,4.6,No,Competitive Tender
P0022,C-A-Client-03,A-Client-03,Agriculture,Stakeholder Engagement,2021-06-13,2021-12-13,2021-12-14,Completed,High,10,3,7,80510000.0,80910000.0,1.0,0.005,4.0,No,Direct Outreach
P1419,C-TAI-Client-06,TAI-Client-06,Technology and Innovation,Political Risk Management,2021-06-15,2021-11-15,2021-11-15,Completed,Medium,8,2,6,54350000.0,54350000.0,0.0,0.0,4.8,No,Repeat Client
P0023,C-A-Client-02,A-Client-02,Agriculture,Market & Social Research,2021-06-16,2021-10-16,2021-10-20,Completed,High,7,3,4,33180000.0,33940000.0,4.0,0.023,4.0,No,Repeat Client
P1417,C-TAI-Client-05,TAI-Client-05,Technology and Innovation,Stakeholder Engagement,2021-06-16,2022-03-16,2022-03-16,Completed,High,8,3,5,99500000.0,99500000.0,0.0,0.0,3.6,Yes,Repeat Client
P0643,C-E-Client-08,E-Client-08,Energy,Stakeholder Engagement,2021-06-18,2021-07-18,2021-07-22,Completed,Low,4,2,2,4760000.0,5430000.0,4.0,0.141,4.8,No,Repeat Client
P0027,C-A-Client-02,A-Client-02,Agriculture,Data Visualization & Analytics,2021-06-18,2021-10-18,2021-12-09,Completed,Medium,6,2,4,23580000.0,30560000.0,52.0,0.296,2.8,No,Repeat Client
P1088,C-PS-Client-07,PS-Client-07,Public Sector,Stakeholder Engagement,2021-06-20,2021-09-20,2021-09-21,Completed,Medium,7,3,4,22930000.0,23140000.0,1.0,0.009,4.1,Yes,Competitive Tender
P0024,C-A-Client-02,A-Client-02,Agriculture,Political Risk Management,2021-06-21,2021-09-21,2021-09-25,Completed,Medium,7,3,4,21170000.0,22230000.0,4.0,0.05,4.1,No,Repeat Client
P1230,C-CEAT-Client-07,CEAT-Client-07,Creative Economy and Tourism,Strategic Planning,2021-06-21,2021-10-21,2021-10-24,Completed,Medium,4,1,3,13720000.0,14100000.0,3.0,0.028,4.4,Yes,Competitive Tender
P0881,C-FAI-Client-08,FAI-Client-08,Finance and Insurance,Data Visualization & Analytics,2021-06-22,2021-11-22,2022-01-08,Completed,High,12,5,7,103440000.0,123400000.0,47.0,0.193,3.0,Yes,Referral
P0880,C-FAI-Client-06,FAI-Client-06,Finance and Insurance,Political Risk Management,2021-06-24,2022-02-24,2022-02-27,Completed,High,15,5,10,238030000.0,240410000.0,3.0,0.01,3.9,No,Repeat Client
P1087,C-PS-Client-05,PS-Client-05,Public Sector,Market & Social Research,2021-06-24,2021-10-24,2021-12-29,Completed,Medium,6,2,4,27250000.0,34470000.0,66.0,0.265,2.8,No,Repeat Client
P0882,C-FAI-Client-07,FAI-Client-07,Finance and Insurance,Strategic Planning,2021-06-25,2021-07-25,2021-07-28,Completed,Low,2,1,1,2550000.0,2740000.0,3.0,0.075,4.3,Yes,Repeat Client
P1231,C-CEAT-Client-06,CEAT-Client-06,Creative Economy and Tourism,Political Risk Management,2021-06-25,2021-08-25,2021-08-25,Completed,Medium,6,2,4,10430000.0,10430000.0,0.0,0.0,4.0,Yes,Referral
P0248,C-CACM-Client-05,CACM-Client-05,Climate and Carbon Markets,Stakeholder Engagement,2021-06-26,2021-11-26,2021-11-29,Completed,Medium,4,2,2,27970000.0,28450000.0,3.0,0.017,3.9,No,Repeat Client
P0645,C-E-Client-05,E-Client-05,Energy,Data Visualization & Analytics,2021-06-28,2021-08-28,2021-08-31,Completed,Medium,7,3,4,23370000.0,24160000.0,3.0,0.034,3.7,No,Referral
P0026,C-A-Client-02,A-Client-02,Agriculture,Digital Transformation,2021-06-28,2021-07-28,2021-07-28,Completed,Low,4,1,3,3130000.0,3130000.0,0.0,0.0,4.0,No,Repeat Client
P0884,C-FAI-Client-06,FAI-Client-06,Finance and Insurance,Digital Transformation,2021-07-01,2021-10-01,2021-10-05,Completed,Medium,4,1,3,21010000.0,21870000.0,4.0,0.041,4.8,No,Direct Outreach
P1089,C-PS-Client-07,PS-Client-07,Public Sector,Stakeholder Engagement,2021-07-01,2021-09-01,2021-09-26,Completed,Low,2,1,1,3870000.0,4960000.0,25.0,0.281,3.4,No,Referral
P1423,C-TAI-Client-01,TAI-Client-01,Technology and Innovation,Data Visualization & Analytics,2021-07-02,2021-11-02,2021-11-04,Completed,Medium,8,2,6,47270000.0,47790000.0,2.0,0.011,4.1,No,Repeat Client
P0249,C-CACM-Client-05,CACM-Client-05,Climate and Carbon Markets,Stakeholder Engagement,2021-07-04,2021-12-04,2021-12-06,Completed,Medium,6,1,5,36170000.0,36500000.0,2.0,0.009,3.8,No,Repeat Client
P0030,C-A-Client-04,A-Client-04,Agriculture,Market & Social Research,2021-07-04,2021-10-04,2021-10-11,Completed,Low,3,1,2,5830000.0,6340000.0,7.0,0.087,3.7,No,Repeat Client
P0883,C-FAI-Client-04,FAI-Client-04,Finance and Insurance,Digital Transformation,2021-07-08,2021-12-08,,Cancelled,High,9,2,7,83790000.0,84380000.0,,,,N/A,Competitive Tender
P1420,C-TAI-Client-03,TAI-Client-03,Technology and Innovation,Strategic Planning,2021-07-12,2021-09-12,2021-09-14,Completed,Low,3,1,2,6210000.0,6380000.0,2.0,0.028,4.1,Yes,Repeat Client
P0031,C-A-Client-01,A-Client-01,Agriculture,Stakeholder Engagement,2021-07-12,2021-10-12,2021-10-15,Completed,Medium,8,2,6,22260000.0,22710000.0,3.0,0.02,4.2,No,Repeat Client
P0250,C-CACM-Client-02,CACM-Client-02,Climate and Carbon Markets,Digital Transformation,2021-07-13,2021-10-13,2021-10-17,Completed,Low,3,1,2,10710000.0,11130000.0,4.0,0.039,4.0,Yes,Referral
P0028,C-A-Client-01,A-Client-01,Agriculture,Digital Transformation,2021-07-14,2021-10-14,2021-10-17,Completed,Medium,7,2,5,16700000.0,17180000.0,3.0,0.029,4.0,No,Direct Outreach
P1232,C-CEAT-Client-01,CEAT-Client-01,Creative Economy and Tourism,Digital Transformation,2021-07-14,2021-08-14,2021-10-06,Completed,Low,2,1,1,1370000.0,2190000.0,53.0,0.6,1.6,No,Repeat Client
P1422,C-TAI-Client-03,TAI-Client-03,Technology and Innovation,Stakeholder Engagement,2021-07-21,2021-12-21,2021-12-24,Completed,Medium,8,2,6,47020000.0,47870000.0,3.0,0.018,4.2,No,Competitive Tender
P1421,C-TAI-Client-05,TAI-Client-05,Technology and Innovation,Strategic Planning,2021-07-23,2022-03-23,2022-03-26,Completed,High,11,5,6,145460000.0,147640000.0,3.0,0.015,4.2,Yes,Repeat Client
P0029,C-A-Client-03,A-Client-03,Agriculture,Stakeholder Engagement,2021-07-24,2021-11-24,2021-11-26,Completed,Medium,8,3,5,28090000.0,28570000.0,2.0,0.017,4.0,Yes,Direct Outreach
P1090,C-PS-Client-05,PS-Client-05,Public Sector,Data Visualization & Analytics,2021-08-04,2021-10-04,,Cancelled,Medium,8,2,6,16590000.0,18500000.0,,,,N/A,Referral
P0887,C-FAI-Client-02,FAI-Client-02,Finance and Insurance,Political Risk Management,2021-08-04,2021-10-04,2021-10-07,Completed,Medium,4,1,3,14720000.0,15410000.0,3.0,0.047,3.9,Yes,Repeat Client
P1091,C-PS-Client-09,PS-Client-09,Public Sector,Stakeholder Engagement,2021-08-04,2021-11-04,2021-11-05,Completed,Low,3,1,2,7120000.0,7180000.0,1.0,0.008,4.4,Yes,Repeat Client
P0647,C-E-Client-07,E-Client-07,Energy,Market & Social Research,2021-08-07,2021-12-07,2021-12-11,Completed,Medium,8,2,6,45810000.0,47230000.0,4.0,0.031,3.6,No,Repeat Client
P0251,C-CACM-Client-06,CACM-Client-06,Climate and Carbon Markets,Stakeholder Engagement,2021-08-08,2021-10-08,2021-10-09,Completed,Low,2,1,1,5260000.0,5370000.0,1.0,0.021,4.2,No,Competitive Tender
P1425,C-TAI-Client-05,TAI-Client-05,Technology and Innovation,Data Visualization & Analytics,2021-08-09,2021-09-09,2021-09-10,Completed,Low,4,2,2,4520000.0,4610000.0,1.0,0.02,4.9,Yes,Referral
P1092,C-PS-Client-08,PS-Client-08,Public Sector,Market & Social Research,2021-08-09,2022-01-09,2022-01-13,Completed,Medium,7,3,4,40040000.0,41080000.0,4.0,0.026,4.5,No,Referral
P0032,C-A-Client-02,A-Client-02,Agriculture,Data Visualization & Analytics,2021-08-11,2021-10-11,2021-10-13,Completed,Low,2,1,1,2620000.0,2690000.0,2.0,0.028,5.0,No,Referral
P0888,C-FAI-Client-09,FAI-Client-09,Finance and Insurance,Data Visualization & Analytics,2021-08-15,2022-01-15,2022-01-15,Completed,Medium,4,1,3,28150000.0,28150000.0,0.0,0.0,3.5,Yes,Competitive Tender
P0889,C-FAI-Client-01,FAI-Client-01,Finance and Insurance,Data Visualization & Analytics,2021-08-16,2021-11-16,2021-11-19,Completed,Medium,5,2,3,24120000.0,25110000.0,3.0,0.041,4.1,No,Repeat Client
P1424,C-TAI-Client-02,TAI-Client-02,Technology and Innovation,Data Visualization & Analytics,2021-08-16,2021-10-16,2021-10-17,Completed,Medium,5,2,3,10970000.0,11160000.0,1.0,0.017,3.7,Yes,Repeat Client
P1234,C-CEAT-Client-09,CEAT-Client-09,Creative Economy and Tourism,Stakeholder Engagement,2021-08-17,2021-12-17,2021-12-20,Completed,High,12,5,7,57420000.0,59090000.0,3.0,0.029,4.6,Yes,Repeat Client
P0649,C-E-Client-05,E-Client-05,Energy,Stakeholder Engagement,2021-08-19,2022-02-19,2022-05-01,Completed,High,15,7,8,147690000.0,186240000.0,71.0,0.261,2.8,No,Repeat Client
P0034,C-A-Client-08,A-Client-08,Agriculture,Strategic Planning,2021-08-19,2021-09-19,2021-09-20,Completed,Low,2,1,1,1750000.0,1790000.0,1.0,0.022,4.5,No,Repeat Client
P0648,C-E-Client-04,E-Client-04,Energy,Strategic Planning,2021-08-20,2021-11-20,2022-01-30,Completed,Medium,5,1,4,19940000.0,26480000.0,71.0,0.328,3.1,No,Competitive Tender
P0886,C-FAI-Client-01,FAI-Client-01,Finance and Insurance,Digital Transformation,2021-08-20,2021-09-20,2021-10-12,Completed,Low,4,1,3,4970000.0,6500000.0,22.0,0.307,3.2,No,Repeat Client
P0885,C-FAI-Client-05,FAI-Client-05,Finance and Insurance,Stakeholder Engagement,2021-08-21,2021-09-21,,Cancelled,Low,3,1,2,3630000.0,4070000.0,,,,N/A,Referral
P1233,C-CEAT-Client-01,CEAT-Client-01,Creative Economy and Tourism,Data Visualization & Analytics,2021-08-25,2022-05-25,2022-09-18,Completed,High,13,3,10,110050000.0,140530000.0,116.0,0.277,2.2,No,Repeat Client
P0033,C-A-Client-01,A-Client-01,Agriculture,Market & Social Research,2021-08-27,2021-10-27,2021-11-06,Completed,Low,2,1,1,3560000.0,3870000.0,10.0,0.088,3.3,No,Repeat Client
P0646,C-E-Client-02,E-Client-02,Energy,Market & Social Research,2021-08-28,2021-09-28,2021-09-28,Completed,Low,3,1,2,3370000.0,3370000.0,0.0,0.0,3.5,Yes,Direct Outreach
P1235,C-CEAT-Client-04,CEAT-Client-04,Creative Economy and Tourism,Market & Social Research,2021-09-05,2022-03-05,2022-03-06,Completed,High,15,4,11,95050000.0,95620000.0,1.0,0.006,4.0,No,Repeat Client
P0036,C-A-Client-07,A-Client-07,Agriculture,Market & Social Research,2021-09-06,2022-01-06,2022-01-08,Completed,Medium,8,3,5,33440000.0,34080000.0,2.0,0.019,4.1,Yes,Repeat Client
P0252,C-CACM-Client-05,CACM-Client-05,Climate and Carbon Markets,Digital Transformation,2021-09-08,2021-11-08,2021-11-08,Completed,Medium,7,3,4,16610000.0,16610000.0,0.0,0.0,4.4,No,Referral
P0254,C-CACM-Client-02,CACM-Client-02,Climate and Carbon Markets,Market & Social Research,2021-09-10,2022-02-10,2022-02-11,Completed,Medium,4,1,3,23120000.0,23280000.0,1.0,0.007,4.6,No,Repeat Client
P0890,C-FAI-Client-09,FAI-Client-09,Finance and Insurance,Data Visualization & Analytics,2021-09-14,2022-06-14,2022-09-07,Completed,High,8,2,6,158250000.0,201450000.0,85.0,0.273,2.3,No,Repeat Client
P0253,C-CACM-Client-01,CACM-Client-01,Climate and Carbon Markets,Strategic Planning,2021-09-14,2021-10-14,2021-10-17,Completed,Low,2,1,1,2440000.0,2600000.0,3.0,0.065,4.1,No,Repeat Client
P0255,C-CACM-Client-08,CACM-Client-08,Climate and Carbon Markets,Data Visualization & Analytics,2021-09-18,2021-10-18,2021-10-18,Completed,Low,3,1,2,2860000.0,2860000.0,0.0,0.0,4.1,No,Competitive Tender
P0650,C-E-Client-05,E-Client-05,Energy,Data Visualization & Analytics,2021-09-18,2021-10-18,2021-11-23,Completed,Low,3,1,2,3330000.0,4760000.0,36.0,0.428,3.0,No,Repeat Client
P0651,C-E-Client-02,E-Client-02,Energy,Market & Social Research,2021-09-19,2022-03-19,2022-03-20,Completed,High,15,7,8,164220000.0,164880000.0,1.0,0.004,4.1,No,Repeat Client
P0891,C-FAI-Client-03,FAI-Client-03,Finance and Insurance,Political Risk Management,2021-09-20,2021-12-20,2021-12-20,Completed,Low,4,1,3,14910000.0,14910000.0,0.0,0.0,4.5,Yes,Repeat Client
P0035,C-A-Client-08,A-Client-08,Agriculture,Stakeholder Engagement,2021-09-25,2021-12-25,2021-12-28,Completed,Medium,5,2,3,16840000.0,17290000.0,3.0,0.027,4.3,No,Repeat Client
P1093,C-PS-Client-08,PS-Client-08,Public Sector,Stakeholder Engagement,2021-09-25,2022-03-25,2022-05-31,Completed,High,14,4,10,109000000.0,129490000.0,67.0,0.188,2.9,No,Competitive Tender
P0892,C-FAI-Client-02,FAI-Client-02,Finance and Insurance,Data Visualization & Analytics,2021-09-27,2022-01-27,2022-01-27,Completed,High,15,6,9,123520000.0,123520000.0,0.0,0.0,4.3,No,Referral
P1426,C-TAI-Client-02,TAI-Client-02,Technology and Innovation,Stakeholder Engagement,2021-09-28,2021-11-28,2021-12-02,Completed,Low,2,1,1,4630000.0,4990000.0,4.0,0.077,4.3,Yes,Direct Outreach
P1236,C-CEAT-Client-08,CEAT-Client-08,Creative Economy and Tourism,Stakeholder Engagement,2021-10-02,2022-07-02,2022-09-18,Completed,High,13,6,7,111990000.0,141670000.0,78.0,0.265,2.9,No,Competitive Tender
P1095,C-PS-Client-04,PS-Client-04,Public Sector,Digital Transformation,2021-10-03,2021-12-03,2021-12-05,Completed,Low,4,2,2,6580000.0,6820000.0,2.0,0.037,3.8,No,Direct Outreach
P0893,C-FAI-Client-04,FAI-Client-04,Finance and Insurance,Stakeholder Engagement,2021-10-04,2021-12-04,2021-12-08,Completed,Medium,7,3,4,21640000.0,22920000.0,4.0,0.059,3.8,Yes,Repeat Client
P0653,C-E-Client-04,E-Client-04,Energy,Market & Social Research,2021-10-05,2022-01-05,2022-01-06,Completed,Low,2,1,1,6450000.0,6530000.0,1.0,0.012,4.6,No,Direct Outreach
P1427,C-TAI-Client-03,TAI-Client-03,Technology and Innovation,Digital Transformation,2021-10-06,2022-01-06,2022-01-10,Completed,Low,4,1,3,12460000.0,12850000.0,4.0,0.031,4.0,No,Competitive Tender
P1428,C-TAI-Client-05,TAI-Client-05,Technology and Innovation,Digital Transformation,2021-10-15,2022-02-15,2022-02-16,Completed,Medium,5,2,3,28400000.0,28570000.0,1.0,0.006,4.2,Yes,Competitive Tender
P1097,C-PS-Client-04,PS-Client-04,Public Sector,Data Visualization & Analytics,2021-10-17,2021-12-17,2021-12-21,Completed,Medium,6,1,5,11460000.0,12230000.0,4.0,0.067,3.9,No,Repeat Client
P0037,C-A-Client-04,A-Client-04,Agriculture,Digital Transformation,2021-10-18,2022-01-18,2022-01-20,Completed,Low,4,2,2,10960000.0,11160000.0,2.0,0.018,4.5,No,Referral
P0256,C-CACM-Client-03,CACM-Client-03,Climate and Carbon Markets,Political Risk Management,2021-10-22,2022-03-22,2022-03-26,Completed,Medium,8,2,6,53850000.0,55250000.0,4.0,0.026,3.9,No,Competitive Tender
P1096,C-PS-Client-07,PS-Client-07,Public Sector,Data Visualization & Analytics,2021-10-23,2021-11-23,2021-11-27,Completed,Low,3,1,2,2600000.0,2900000.0,4.0,0.114,3.5,No,Competitive Tender
P0654,C-E-Client-07,E-Client-07,Energy,Political Risk Management,2021-10-23,2022-02-23,,Cancelled,Medium,5,1,4,30780000.0,37860000.0,,,,N/A,Competitive Tender
P0652,C-E-Client-05,E-Client-05,Energy,Digital Transformation,2021-10-25,2021-12-25,2021-12-28,Completed,Low,2,1,1,5120000.0,5390000.0,3.0,0.052,3.7,Yes,Repeat Client
P1094,C-PS-Client-02,PS-Client-02,Public Sector,Data Visualization & Analytics,2021-10-28,2021-11-28,2021-12-11,Completed,Low,3,1,2,3060000.0,3770000.0,13.0,0.232,3.2,No,Direct Outreach
P0258,C-CACM-Client-04,CACM-Client-04,Climate and Carbon Markets,Political Risk Management,2021-11-02,2022-02-02,2022-02-04,Completed,Low,3,1,2,10650000.0,10920000.0,2.0,0.025,4.5,No,Repeat Client
P1098,C-PS-Client-02,PS-Client-02,Public Sector,Stakeholder Engagement,2021-11-03,2022-04-03,2022-04-03,Completed,Medium,6,2,4,35700000.0,35700000.0,0.0,0.0,4.6,No,Competitive Tender
P0655,C-E-Client-07,E-Client-07,Energy,Political Risk Management,2021-11-05,2022-07-05,2022-07-09,Completed,High,11,3,8,165870000.0,168520000.0,4.0,0.016,4.0,No,Referral
P1099,C-PS-Client-06,PS-Client-06,Public Sector,Market & Social Research,2021-11-06,2022-01-06,2022-01-10,Completed,Low,3,1,2,4440000.0,4680000.0,4.0,0.055,4.5,No,Referral
P1102,C-PS-Client-04,PS-Client-04,Public Sector,Stakeholder Engagement,2021-11-07,2022-02-07,2022-02-10,Completed,Medium,5,2,3,15100000.0,15430000.0,3.0,0.022,4.8,No,Repeat Client
P1429,C-TAI-Client-01,TAI-Client-01,Technology and Innovation,Data Visualization & Analytics,2021-11-08,2022-01-08,2022-01-08,Completed,Low,2,1,1,4410000.0,4410000.0,0.0,0.0,4.1,No,Referral
P0038,C-A-Client-08,A-Client-08,Agriculture,Stakeholder Engagement,2021-11-10,2022-04-10,2022-04-11,Completed,Medium,6,1,5,29710000.0,29860000.0,1.0,0.005,4.5,Yes,Repeat Client
P0040,C-A-Client-04,A-Client-04,Agriculture,Stakeholder Engagement,2021-11-11,2021-12-11,2021-12-12,Completed,Low,4,2,2,3670000.0,3750000.0,1.0,0.021,3.5,No,Direct Outreach
P0656,C-E-Client-07,E-Client-07,Energy,Stakeholder Engagement,2021-11-15,2022-01-15,2022-03-18,Completed,Medium,4,1,3,10570000.0,15560000.0,62.0,0.472,2.2,No,Competitive Tender
P0039,C-A-Client-04,A-Client-04,Agriculture,Strategic Planning,2021-11-15,2021-12-15,2021-12-15,Completed,Low,2,1,1,1360000.0,1360000.0,0.0,0.0,4.8,Yes,Competitive Tender
P1100,C-PS-Client-04,PS-Client-04,Public Sector,Political Risk Management,2021-11-19,2022-05-19,,Cancelled,High,9,3,6,75010000.0,84390000.0,,,,N/A,Competitive Tender
P0257,C-CACM-Client-07,CACM-Client-07,Climate and Carbon Markets,Data Visualization & Analytics,2021-11-21,2021-12-21,2021-12-21,Completed,Low,3,1,2,2980000.0,2980000.0,0.0,0.0,4.6,No,Competitive Tender
P1101,C-PS-Client-04,PS-Client-04,Public Sector,Data Visualization & Analytics,2021-11-24,2022-02-24,2022-02-25,Completed,Medium,5,1,4,14810000.0,14990000.0,1.0,0.012,4.4,Yes,Repeat Client
P0657,C-E-Client-08,E-Client-08,Energy,Political Risk Management,2021-11-24,2022-03-24,2022-03-24,Completed,Medium,6,2,4,39440000.0,39440000.0,0.0,0.0,4.4,No,Competitive Tender
P1105,C-PS-Client-06,PS-Client-06,Public Sector,Political Risk Management,2021-12-02,2022-02-02,2022-02-02,Completed,Low,3,1,2,4870000.0,4870000.0,0.0,0.0,4.5,Yes,Referral
P0042,C-A-Client-02,A-Client-02,Agriculture,Stakeholder Engagement,2021-12-03,2022-01-03,2022-02-24,Completed,Low,3,1,2,2180000.0,3050000.0,52.0,0.4,2.8,Yes,Direct Outreach
P1430,C-TAI-Client-08,TAI-Client-08,Technology and Innovation,Political Risk Management,2021-12-03,2022-05-03,2022-05-06,Completed,High,9,3,6,65020000.0,66260000.0,3.0,0.019,3.9,Yes,Competitive Tender
P0894,C-FAI-Client-04,FAI-Client-04,Finance and Insurance,Data Visualization & Analytics,2021-12-07,2022-02-07,2022-02-11,Completed,Low,4,1,3,10870000.0,11660000.0,4.0,0.073,4.0,No,Repeat Client
P0261,C-CACM-Client-02,CACM-Client-02,Climate and Carbon Markets,Digital Transformation,2021-12-07,2022-01-07,2022-01-09,Completed,Low,3,1,2,3790000.0,3940000.0,2.0,0.04,4.3,Yes,Repeat Client
P0262,C-CACM-Client-01,CACM-Client-01,Climate and Carbon Markets,Strategic Planning,2021-12-07,2022-03-07,2022-03-11,Completed,Low,4,1,3,12620000.0,13020000.0,4.0,0.032,4.4,Yes,Repeat Client
P0660,C-E-Client-08,E-Client-08,Energy,Data Visualization & Analytics,2021-12-07,2022-02-07,2022-02-07,Completed,Low,2,1,1,4560000.0,4560000.0,0.0,0.0,4.2,Yes,Competitive Tender
P0041,C-A-Client-01,A-Client-01,Agriculture,Market & Social Research,2021-12-08,2022-02-08,2022-02-11,Completed,Medium,4,1,3,6820000.0,7150000.0,3.0,0.048,4.7,Yes,Repeat Client
P0897,C-FAI-Client-02,FAI-Client-02,Finance and Insurance,Strategic Planning,2021-12-08,2022-01-08,2022-01-08,Completed,Low,2,1,1,2860000.0,2860000.0,0.0,0.0,4.4,No,Repeat Client
P1238,C-CEAT-Client-03,CEAT-Client-03,Creative Economy and Tourism,Data Visualization & Analytics,2021-12-10,2022-05-10,2022-07-06,Completed,Medium,5,2,3,19810000.0,24050000.0,57.0,0.214,2.9,Yes,Repeat Client
P0661,C-E-Client-09,E-Client-09,Energy,Stakeholder Engagement,2021-12-11,2022-04-11,2022-04-14,Completed,Medium,6,2,4,40550000.0,41480000.0,3.0,0.023,4.2,No,Direct Outreach
P0658,C-E-Client-02,E-Client-02,Energy,Digital Transformation,2021-12-11,2022-03-11,2022-03-11,Completed,Low,2,1,1,8630000.0,8630000.0,0.0,0.0,4.5,Yes,Repeat Client
P1103,C-PS-Client-02,PS-Client-02,Public Sector,Strategic Planning,2021-12-12,2022-05-12,2022-05-16,Completed,High,8,3,5,48040000.0,49530000.0,4.0,0.031,3.9,Yes,Direct Outreach
P0260,C-CACM-Client-07,CACM-Client-07,Climate and Carbon Markets,Data Visualization & Analytics,2021-12-12,2022-04-12,2022-06-16,Completed,Medium,4,1,3,25050000.0,35070000.0,65.0,0.4,1.9,No,Competitive Tender
P0659,C-E-Client-09,E-Client-09,Energy,Political Risk Management,2021-12-15,2022-04-15,2022-04-16,Completed,Medium,4,1,3,21780000.0,21930000.0,1.0,0.007,4.4,Yes,Competitive Tender
P0259,C-CACM-Client-02,CACM-Client-02,Climate and Carbon Markets,Digital Transformation,2021-12-15,2022-01-15,2022-01-16,Completed,Low,3,1,2,3100000.0,3170000.0,1.0,0.021,4.1,No,Repeat Client
P0896,C-FAI-Client-08,FAI-Client-08,Finance and Insurance,Data Visualization & Analytics,2021-12-18,2022-02-18,2022-03-27,Completed,Low,2,1,1,5840000.0,8390000.0,37.0,0.436,2.8,No,Repeat Client
P1237,C-CEAT-Client-04,CEAT-Client-04,Creative Economy and Tourism,Political Risk Management,2021-12-19,2022-03-19,2022-04-11,Completed,Low,2,1,1,3960000.0,4870000.0,23.0,0.229,3.9,No,Direct Outreach
P1433,C-TAI-Client-01,TAI-Client-01,Technology and Innovation,Market & Social Research,2021-12-21,2022-04-21,2022-04-24,Completed,Medium,4,1,3,21370000.0,21840000.0,3.0,0.022,4.2,No,Repeat Client
P1432,C-TAI-Client-06,TAI-Client-06,Technology and Innovation,Strategic Planning,2021-12-21,2022-03-21,2022-03-25,Completed,Medium,5,2,3,18420000.0,18950000.0,4.0,0.029,4.3,No,Referral
P1104,C-PS-Client-01,PS-Client-01,Public Sector,Stakeholder Engagement,2021-12-22,2022-09-22,,Cancelled,High,14,6,8,152920000.0,153530000.0,,,,N/A,Repeat Client
P0895,C-FAI-Client-03,FAI-Client-03,Finance and Insurance,Strategic Planning,2021-12-23,2022-02-23,2022-02-24,Completed,Low,3,1,2,8050000.0,8150000.0,1.0,0.013,3.5,Yes,Repeat Client
P1431,C-TAI-Client-08,TAI-Client-08,Technology and Innovation,Digital Transformation,2021-12-25,2022-07-25,2022-07-27,Completed,High,10,3,7,114030000.0,114940000.0,2.0,0.008,4.6,No,Referral
P0899,C-FAI-Client-05,FAI-Client-05,Finance and Insurance,Digital Transformation,2022-01-03,2022-03-03,2022-05-26,Completed,Medium,4,1,3,13890000.0,18860000.0,84.0,0.358,2.4,No,Repeat Client
P1239,C-CEAT-Client-01,CEAT-Client-01,Creative Economy and Tourism,Stakeholder Engagement,2022-01-03,2022-06-03,2022-06-06,Completed,Medium,8,2,6,38430000.0,39010000.0,3.0,0.015,4.2,No,Direct Outreach
P0044,C-A-Client-08,A-Client-08,Agriculture,Political Risk Management,2022-01-05,2022-06-05,2022-06-09,Completed,Medium,5,2,3,25360000.0,26070000.0,4.0,0.028,4.5,No,Repeat Client
P0662,C-E-Client-01,E-Client-01,Energy,Strategic Planning,2022-01-05,2022-06-05,2022-06-09,Completed,Medium,6,2,4,47380000.0,48330000.0,4.0,0.02,4.9,No,Referral
P0049,C-A-Client-07,A-Client-07,Agriculture,Market & Social Research,2022-01-07,2022-06-07,2022-06-09,Completed,Medium,5,2,3,26950000.0,27300000.0,2.0,0.013,4.7,Yes,Repeat Client
P0045,C-A-Client-07,A-Client-07,Agriculture,Data Visualization & Analytics,2022-01-07,2022-02-07,2022-02-10,Completed,Low,2,1,1,1790000.0,1930000.0,3.0,0.081,3.9,No,Direct Outreach
P0264,C-CACM-Client-04,CACM-Client-04,Climate and Carbon Markets,Stakeholder Engagement,2022-01-07,2022-03-07,2022-05-18,Completed,Medium,8,2,6,23140000.0,35870000.0,72.0,0.55,1.5,No,Referral
P0043,C-A-Client-04,A-Client-04,Agriculture,Stakeholder Engagement,2022-01-08,2022-07-08,2022-07-10,Completed,High,14,3,11,94080000.0,95110000.0,2.0,0.011,4.3,Yes,Direct Outreach
P1436,C-TAI-Client-07,TAI-Client-07,Technology and Innovation,Strategic Planning,2022-01-09,2022-04-09,2022-04-10,Completed,Medium,8,2,6,35000000.0,35380000.0,1.0,0.011,4.6,Yes,Direct Outreach
P1107,C-PS-Client-03,PS-Client-03,Public Sector,Strategic Planning,2022-01-09,2022-08-09,2022-08-13,Completed,High,10,2,8,79660000.0,81250000.0,4.0,0.02,4.5,No,Referral
P1437,C-TAI-Client-06,TAI-Client-06,Technology and Innovation,Stakeholder Engagement,2022-01-10,2022-03-10,2022-03-10,Completed,Low,3,1,2,7030000.0,7030000.0,0.0,0.0,4.1,Yes,Competitive Tender
P1240,C-CEAT-Client-07,CEAT-Client-07,Creative Economy and Tourism,Stakeholder Engagement,2022-01-13,2022-03-13,2022-03-17,Completed,Low,2,1,1,2820000.0,2940000.0,4.0,0.042,3.8,No,Referral
P0046,C-A-Client-01,A-Client-01,Agriculture,Digital Transformation,2022-01-14,2022-03-14,2022-03-14,Completed,Low,3,1,2,4640000.0,4640000.0,0.0,0.0,4.3,Yes,Competitive Tender
P1241,C-CEAT-Client-03,CEAT-Client-03,Creative Economy and Tourism,Political Risk Management,2022-01-14,2022-04-14,2022-04-17,Completed,Low,2,1,1,3750000.0,3850000.0,3.0,0.027,4.5,Yes,Direct Outreach
P1434,C-TAI-Client-05,TAI-Client-05,Technology and Innovation,Political Risk Management,2022-01-15,2022-03-15,2022-03-18,Completed,Low,3,1,2,5880000.0,6100000.0,3.0,0.037,3.7,Yes,Competitive Tender
P1242,C-CEAT-Client-07,CEAT-Client-07,Creative Economy and Tourism,Digital Transformation,2022-01-18,2022-06-18,2022-06-20,Completed,High,14,6,8,81250000.0,82550000.0,2.0,0.016,4.0,Yes,Repeat Client
P1106,C-PS-Client-03,PS-Client-03,Public Sector,Stakeholder Engagement,2022-01-19,2022-03-19,2022-03-20,Completed,Low,3,1,2,6040000.0,6120000.0,1.0,0.013,4.1,No,Direct Outreach
P0047,C-A-Client-01,A-Client-01,Agriculture,Political Risk Management,2022-01-21,2022-04-21,2022-04-25,Completed,Low,2,1,1,5450000.0,5680000.0,4.0,0.042,4.6,No,Competitive Tender
P1438,C-TAI-Client-06,TAI-Client-06,Technology and Innovation,Political Risk Management,2022-01-22,2022-03-22,2022-03-26,Completed,Medium,4,1,3,9020000.0,9630000.0,4.0,0.068,3.4,Yes,Repeat Client
P0048,C-A-Client-04,A-Client-04,Agriculture,Market & Social Research,2022-01-24,2022-07-24,2022-07-27,Completed,High,8,2,6,57120000.0,57810000.0,3.0,0.012,3.7,Yes,Repeat Client
P1435,C-TAI-Client-07,TAI-Client-07,Technology and Innovation,Political Risk Management,2022-01-24,2022-04-24,2022-04-24,Completed,Medium,7,2,5,29460000.0,29460000.0,0.0,0.0,4.0,No,Competitive Tender
P0263,C-CACM-Client-03,CACM-Client-03,Climate and Carbon Markets,Stakeholder Engagement,2022-01-26,2022-07-26,2022-07-30,Completed,High,10,3,7,100290000.0,102800000.0,4.0,0.025,4.4,No,Direct Outreach
P0898,C-FAI-Client-08,FAI-Client-08,Finance and Insurance,Market & Social Research,2022-01-27,2022-04-27,2022-05-01,Completed,Low,4,2,2,15510000.0,15930000.0,4.0,0.027,4.2,Yes,Repeat Client
P0266,C-CACM-Client-03,CACM-Client-03,Climate and Carbon Markets,Stakeholder Engagement,2022-02-01,2022-06-01,2022-07-08,Completed,Medium,5,2,3,26470000.0,31680000.0,37.0,0.197,3.5,No,Competitive Tender
P1110,C-PS-Client-01,PS-Client-01,Public Sector,Strategic Planning,2022-02-04,2022-07-04,2022-07-28,Completed,Medium,6,1,5,31870000.0,36910000.0,24.0,0.158,3.5,No,Referral
P0663,C-E-Client-01,E-Client-01,Energy,Strategic Planning,2022-02-04,2022-11-04,2023-01-11,Completed,High,14,4,10,257500000.0,320330000.0,68.0,0.244,3.1,No,Repeat Client
P0265,C-CACM-Client-03,CACM-Client-03,Climate and Carbon Markets,Stakeholder Engagement,2022-02-07,2022-05-07,2022-05-10,Completed,Medium,6,2,4,29630000.0,30520000.0,3.0,0.03,4.5,No,Competitive Tender
P1244,C-CEAT-Client-07,CEAT-Client-07,Creative Economy and Tourism,Data Visualization & Analytics,2022-02-08,2022-03-08,2022-03-12,Completed,Low,3,1,2,2410000.0,2590000.0,4.0,0.075,4.3,No,Repeat Client
P0900,C-FAI-Client-05,FAI-Client-05,Finance and Insurance,Political Risk Management,2022-02-08,2022-04-08,2022-04-09,Completed,Low,3,1,2,8910000.0,9030000.0,1.0,0.013,4.1,Yes,Repeat Client
P0050,C-A-Client-02,A-Client-02,Agriculture,Political Risk Management,2022-02-09,2022-07-09,2022-07-20,Completed,Medium,5,2,3,26550000.0,28090000.0,11.0,0.058,3.6,No,Repeat Client
P1246,C-CEAT-Client-06,CEAT-Client-06,Creative Economy and Tourism,Data Visualization & Analytics,2022-02-12,2022-04-12,2022-05-05,Completed,Low,2,1,1,2480000.0,3180000.0,23.0,0.283,2.8,No,Repeat Client
P1109,C-PS-Client-03,PS-Client-03,Public Sector,Political Risk Management,2022-02-17,2022-04-17,,Cancelled,Low,3,1,2,5320000.0,5380000.0,,,,N/A,Direct Outreach
P1108,C-PS-Client-09,PS-Client-09,Public Sector,Strategic Planning,2022-02-17,2022-07-17,2022-07-17,Completed,Medium,7,3,4,33330000.0,33330000.0,0.0,0.0,4.3,No,Repeat Client
P1243,C-CEAT-Client-09,CEAT-Client-09,Creative Economy and Tourism,Market & Social Research,2022-02-19,2022-03-19,2022-03-20,Completed,Low,4,1,3,2480000.0,2540000.0,1.0,0.026,3.7,Yes,Direct Outreach
P1439,C-TAI-Client-06,TAI-Client-06,Technology and Innovation,Data Visualization & Analytics,2022-02-20,2022-05-20,2022-05-22,Completed,Low,3,1,2,9480000.0,9610000.0,2.0,0.014,4.2,Yes,Repeat Client
P1245,C-CEAT-Client-07,CEAT-Client-07,Creative Economy and Tourism,Political Risk Management,2022-02-22,2022-04-22,2022-04-26,Completed,Medium,4,2,2,6100000.0,6390000.0,4.0,0.047,3.8,No,Repeat Client
P0664,C-E-Client-08,E-Client-08,Energy,Strategic Planning,2022-02-28,2022-05-28,2022-08-17,Completed,Medium,7,2,5,28220000.0,44760000.0,81.0,0.586,2.6,No,Competitive Tender
P0268,C-CACM-Client-06,CACM-Client-06,Climate and Carbon Markets,Strategic Planning,2022-03-01,2022-05-01,2022-05-01,Completed,Low,2,1,1,5230000.0,5230000.0,0.0,0.0,4.2,No,Repeat Client
P1249,C-CEAT-Client-06,CEAT-Client-06,Creative Economy and Tourism,Market & Social Research,2022-03-02,2022-04-02,2022-04-04,Completed,Low,2,1,1,1410000.0,1490000.0,2.0,0.055,4.1,No,Direct Outreach
P0054,C-A-Client-01,A-Client-01,Agriculture,Political Risk Management,2022-03-02,2022-04-02,2022-05-16,Completed,Low,3,1,2,2460000.0,3940000.0,44.0,0.6,2.2,No,Referral
P0901,C-FAI-Client-01,FAI-Client-01,Finance and Insurance,Data Visualization & Analytics,2022-03-02,2022-05-02,2022-05-02,Completed,Medium,5,2,3,16990000.0,16990000.0,0.0,0.0,4.6,Yes,Repeat Client
P0269,C-CACM-Client-03,CACM-Client-03,Climate and Carbon Markets,Digital Transformation,2022-03-06,2022-07-06,2022-08-09,Completed,Medium,4,1,3,20190000.0,23760000.0,34.0,0.177,3.6,No,Competitive Tender
P0057,C-A-Client-01,A-Client-01,Agriculture,Stakeholder Engagement,2022-03-07,2022-05-07,2022-05-07,Completed,Low,2,1,1,3070000.0,3070000.0,0.0,0.0,4.4,No,Repeat Client
P0267,C-CACM-Client-01,CACM-Client-01,Climate and Carbon Markets,Market & Social Research,2022-03-09,2022-06-09,2022-06-09,Completed,Medium,4,2,2,16630000.0,16630000.0,0.0,0.0,4.6,Yes,Repeat Client
P1440,C-TAI-Client-07,TAI-Client-07,Technology and Innovation,Political Risk Management,2022-03-09,2022-07-09,2022-07-11,Completed,High,11,2,9,78270000.0,79130000.0,2.0,0.011,4.2,No,Repeat Client
P0055,C-A-Client-07,A-Client-07,Agriculture,Digital Transformation,2022-03-09,2022-08-09,2022-08-12,Completed,Medium,6,2,4,27000000.0,27460000.0,3.0,0.017,4.1,No,Repeat Client
P0902,C-FAI-Client-02,FAI-Client-02,Finance and Insurance,Strategic Planning,2022-03-12,2022-07-12,2022-07-16,Completed,Medium,7,2,5,41210000.0,42080000.0,4.0,0.021,4.4,Yes,Repeat Client
P1112,C-PS-Client-03,PS-Client-03,Public Sector,Stakeholder Engagement,2022-03-12,2022-06-12,2022-06-12,Completed,Low,3,1,2,9140000.0,9140000.0,0.0,0.0,4.2,No,Repeat Client
P1248,C-CEAT-Client-03,CEAT-Client-03,Creative Economy and Tourism,Political Risk Management,2022-03-12,2022-06-12,,Cancelled,Low,3,1,2,7130000.0,8980000.0,,,,N/A,Repeat Client
P0665,C-E-Client-05,E-Client-05,Energy,Market & Social Research,2022-03-14,2022-06-14,2022-06-17,Completed,Medium,5,1,4,20790000.0,21230000.0,3.0,0.021,4.3,Yes,Repeat Client
P0270,C-CACM-Client-08,CACM-Client-08,Climate and Carbon Markets,Political Risk Management,2022-03-14,2022-05-14,2022-05-18,Completed,Medium,4,1,3,12040000.0,12500000.0,4.0,0.038,4.2,Yes,Referral
P0053,C-A-Client-04,A-Client-04,Agriculture,Political Risk Management,2022-03-14,2022-05-14,2022-05-14,Completed,Low,3,1,2,4140000.0,4140000.0,0.0,0.0,4.6,Yes,Repeat Client
P0052,C-A-Client-04,A-Client-04,Agriculture,Market & Social Research,2022-03-18,2022-04-18,2022-05-24,Completed,Low,2,1,1,1430000.0,2000000.0,36.0,0.397,2.9,No,Repeat Client
P1247,C-CEAT-Client-05,CEAT-Client-05,Creative Economy and Tourism,Market & Social Research,2022-03-20,2022-12-20,2023-02-25,Completed,High,7,3,4,69550000.0,87220000.0,67.0,0.254,2.2,No,Competitive Tender
P0904,C-FAI-Client-06,FAI-Client-06,Finance and Insurance,Political Risk Management,2022-03-21,2022-06-21,2022-06-22,Completed,Medium,6,2,4,33520000.0,33920000.0,1.0,0.012,4.1,No,Repeat Client
P1111,C-PS-Client-02,PS-Client-02,Public Sector,Data Visualization & Analytics,2022-03-22,2022-04-22,2022-04-26,Completed,Low,3,1,2,2750000.0,3050000.0,4.0,0.108,4.2,No,Direct Outreach
P0056,C-A-Client-08,A-Client-08,Agriculture,Market & Social Research,2022-03-24,2022-06-24,2022-06-26,Completed,Low,4,1,3,10520000.0,10680000.0,2.0,0.015,3.7,Yes,Competitive Tender
P1250,C-CEAT-Client-02,CEAT-Client-02,Creative Economy and Tourism,Digital Transformation,2022-03-25,2022-06-25,2022-06-27,Completed,Low,2,1,1,4180000.0,4270000.0,2.0,0.022,3.7,No,Referral
P0051,C-A-Client-01,A-Client-01,Agriculture,Digital Transformation,2022-03-26,2022-11-26,2022-11-28,Completed,High,8,3,5,71990000.0,72490000.0,2.0,0.007,3.5,Yes,Repeat Client
P0666,C-E-Client-06,E-Client-06,Energy,Data Visualization & Analytics,2022-03-28,2022-07-28,2022-10-07,Completed,Medium,4,2,2,25350000.0,33870000.0,71.0,0.336,3.0,No,Competitive Tender
P0903,C-FAI-Client-03,FAI-Client-03,Finance and Insurance,Digital Transformation,2022-03-28,2022-05-28,2022-05-30,Completed,Medium,4,1,3,12470000.0,12790000.0,2.0,0.026,4.6,No,Competitive Tender
P1252,C-CEAT-Client-05,CEAT-Client-05,Creative Economy and Tourism,Political Risk Management,2022-04-01,2022-10-01,2022-12-28,Completed,High,8,4,4,46930000.0,63310000.0,88.0,0.349,1.5,No,Repeat Client
P1444,C-TAI-Client-07,TAI-Client-07,Technology and Innovation,Strategic Planning,2022-04-01,2022-05-01,2022-05-02,Completed,Low,2,1,1,2290000.0,2350000.0,1.0,0.028,4.3,No,Referral
P1251,C-CEAT-Client-03,CEAT-Client-03,Creative Economy and Tourism,Data Visualization & Analytics,2022-04-02,2022-07-02,2022-07-06,Completed,Medium,8,2,6,18030000.0,18810000.0,4.0,0.043,4.1,Yes,Repeat Client
P0667,C-E-Client-01,E-Client-01,Energy,Political Risk Management,2022-04-03,2022-10-03,2022-10-07,Completed,High,9,4,5,90460000.0,91730000.0,4.0,0.014,4.8,No,Repeat Client
P0061,C-A-Client-07,A-Client-07,Agriculture,Strategic Planning,2022-04-03,2023-01-03,2023-01-03,Completed,High,10,4,6,113780000.0,113780000.0,0.0,0.0,4.1,No,Repeat Client
P1115,C-PS-Client-06,PS-Client-06,Public Sector,Data Visualization & Analytics,2022-04-07,2022-06-07,2022-06-08,Completed,Low,4,2,2,8080000.0,8220000.0,1.0,0.017,4.1,No,Repeat Client
P1113,C-PS-Client-08,PS-Client-08,Public Sector,Stakeholder Engagement,2022-04-09,2022-07-09,2022-07-10,Completed,Medium,6,2,4,19750000.0,19990000.0,1.0,0.012,4.0,No,Repeat Client
P1114,C-PS-Client-08,PS-Client-08,Public Sector,Political Risk Management,2022-04-11,2022-08-11,2022-10-09,Completed,Medium,5,1,4,25020000.0,32030000.0,59.0,0.28,3.5,Yes,Referral
P0907,C-FAI-Client-07,FAI-Client-07,Finance and Insurance,Digital Transformation,2022-04-13,2022-11-13,2022-12-12,Completed,High,11,5,6,142390000.0,161760000.0,29.0,0.136,3.9,No,Repeat Client
P1253,C-CEAT-Client-04,CEAT-Client-04,Creative Economy and Tourism,Digital Transformation,2022-04-16,2022-06-16,2022-06-19,Completed,Medium,6,2,4,11410000.0,11950000.0,3.0,0.047,4.7,No,Repeat Client
P0060,C-A-Client-02,A-Client-02,Agriculture,Stakeholder Engagement,2022-04-17,2022-06-17,2022-06-21,Completed,Medium,5,2,3,11710000.0,12590000.0,4.0,0.075,3.8,No,Repeat Client
P1445,C-TAI-Client-06,TAI-Client-06,Technology and Innovation,Market & Social Research,2022-04-17,2022-06-17,2022-06-17,Completed,Medium,7,3,4,19680000.0,19680000.0,0.0,0.0,4.2,Yes,Repeat Client
P0272,C-CACM-Client-01,CACM-Client-01,Climate and Carbon Markets,Digital Transformation,2022-04-17,2022-05-17,2022-05-17,Completed,Low,4,2,2,4980000.0,4980000.0,0.0,0.0,4.2,Yes,Referral
P0059,C-A-Client-03,A-Client-03,Agriculture,Strategic Planning,2022-04-19,2022-06-19,2022-06-20,Completed,Low,4,1,3,6010000.0,6080000.0,1.0,0.012,4.3,Yes,Repeat Client
P0905,C-FAI-Client-02,FAI-Client-02,Finance and Insurance,Data Visualization & Analytics,2022-04-20,2022-06-20,2022-06-20,Completed,Low,4,1,3,10790000.0,10790000.0,0.0,0.0,4.3,No,Repeat Client
P1442,C-TAI-Client-06,TAI-Client-06,Technology and Innovation,Digital Transformation,2022-04-22,2022-07-22,2022-08-04,Completed,Medium,8,3,5,33720000.0,37630000.0,13.0,0.116,3.5,No,Repeat Client
P1443,C-TAI-Client-01,TAI-Client-01,Technology and Innovation,Digital Transformation,2022-04-23,2022-09-23,2022-10-18,Completed,High,12,5,7,90860000.0,101310000.0,25.0,0.115,3.2,Yes,Repeat Client
P1446,C-TAI-Client-04,TAI-Client-04,Technology and Innovation,Strategic Planning,2022-04-24,2022-08-24,2022-08-28,Completed,Medium,6,2,4,29440000.0,30530000.0,4.0,0.037,4.4,Yes,Repeat Client
P0058,C-A-Client-01,A-Client-01,Agriculture,Strategic Planning,2022-04-24,2022-06-24,2022-06-27,Completed,Medium,6,2,4,10530000.0,11040000.0,3.0,0.048,4.2,Yes,Repeat Client
P0271,C-CACM-Client-02,CACM-Client-02,Climate and Carbon Markets,Political Risk Management,2022-04-25,2022-08-25,2022-08-27,Completed,Medium,8,3,5,39630000.0,40340000.0,2.0,0.018,4.0,Yes,Competitive Tender
P1441,C-TAI-Client-04,TAI-Client-04,Technology and Innovation,Digital Transformation,2022-04-25,2022-07-25,2022-07-27,Completed,Low,4,1,3,14290000.0,14630000.0,2.0,0.024,4.0,No,Repeat Client
P0273,C-CACM-Client-01,CACM-Client-01,Climate and Carbon Markets,Strategic Planning,2022-04-26,2022-08-26,2022-11-21,Completed,Medium,7,3,4,34660000.0,44570000.0,87.0,0.286,2.4,No,Repeat Client
P0906,C-FAI-Client-02,FAI-Client-02,Finance and Insurance,Political Risk Management,2022-04-27,2022-06-27,2022-06-29,Completed,Low,2,1,1,4870000.0,5040000.0,2.0,0.035,3.6,Yes,Referral
P0908,C-FAI-Client-03,FAI-Client-03,Finance and Insurance,Strategic Planning,2022-04-28,2022-09-28,2022-10-10,Completed,Medium,7,1,6,54880000.0,59760000.0,12.0,0.089,4.2,Yes,Referral
P1447,C-TAI-Client-01,TAI-Client-01,Technology and Innovation,Stakeholder Engagement,2022-05-01,2022-08-01,2022-08-03,Completed,Low,2,1,1,6120000.0,6210000.0,2.0,0.015,4.1,No,Referral
P0063,C-A-Client-06,A-Client-06,Agriculture,Data Visualization & Analytics,2022-05-03,2022-10-03,2022-10-07,Completed,Medium,8,3,5,40090000.0,41330000.0,4.0,0.031,4.4,Yes,Repeat Client
P0909,C-FAI-Client-03,FAI-Client-03,Finance and Insurance,Strategic Planning,2022-05-05,2023-02-05,2023-02-06,Completed,High,7,2,5,112880000.0,113220000.0,1.0,0.003,4.5,Yes,Repeat Client
P0064,C-A-Client-05,A-Client-05,Agriculture,Political Risk Management,2022-05-07,2022-09-07,2022-09-09,Completed,Medium,5,2,3,18040000.0,18380000.0,2.0,0.019,4.0,Yes,Repeat Client
P0910,C-FAI-Client-08,FAI-Client-08,Finance and Insurance,Market & Social Research,2022-05-14,2023-01-14,2023-01-17,Completed,High,14,7,7,262280000.0,266480000.0,3.0,0.016,4.3,No,Repeat Client
P0274,C-CACM-Client-02,CACM-Client-02,Climate and Carbon Markets,Political Risk Management,2022-05-16,2022-07-16,2022-07-20,Completed,Low,3,1,2,6610000.0,7030000.0,4.0,0.064,3.9,No,Repeat Client
P1254,C-CEAT-Client-09,CEAT-Client-09,Creative Economy and Tourism,Stakeholder Engagement,2022-05-18,2022-08-18,2022-08-19,Completed,Medium,5,2,3,15670000.0,15780000.0,1.0,0.007,4.5,Yes,Repeat Client
P0062,C-A-Client-01,A-Client-01,Agriculture,Stakeholder Engagement,2022-05-19,2022-08-19,2022-09-24,Completed,Medium,8,2,6,24130000.0,28910000.0,36.0,0.198,3.2,No,Repeat Client
P1117,C-PS-Client-04,PS-Client-04,Public Sector,Strategic Planning,2022-05-19,2022-06-19,2022-07-21,Completed,Low,4,2,2,3560000.0,4690000.0,32.0,0.318,2.4,No,Competitive Tender
P0277,C-CACM-Client-05,CACM-Client-05,Climate and Carbon Markets,Political Risk Management,2022-05-20,2022-09-20,2022-11-15,Completed,Medium,7,3,4,43450000.0,54180000.0,56.0,0.247,3.1,No,Repeat Client
P0276,C-CACM-Client-03,CACM-Client-03,Climate and Carbon Markets,Data Visualization & Analytics,2022-05-20,2022-06-20,2022-06-20,Completed,Low,2,1,1,2470000.0,2470000.0,0.0,0.0,4.5,Yes,Competitive Tender
P0911,C-FAI-Client-01,FAI-Client-01,Finance and Insurance,Digital Transformation,2022-05-20,2022-07-20,2022-07-22,Completed,Low,3,1,2,8060000.0,8400000.0,2.0,0.042,3.6,No,Competitive Tender
P1448,C-TAI-Client-02,TAI-Client-02,Technology and Innovation,Strategic Planning,2022-05-22,2022-10-22,2022-10-25,Completed,High,8,2,6,57500000.0,58480000.0,3.0,0.017,4.3,Yes,Repeat Client
P1257,C-CEAT-Client-03,CEAT-Client-03,Creative Economy and Tourism,Strategic Planning,2022-05-22,2022-07-22,2022-07-25,Completed,Medium,6,2,4,11060000.0,11560000.0,3.0,0.045,3.9,No,Direct Outreach
P0275,C-CACM-Client-02,CACM-Client-02,Climate and Carbon Markets,Data Visualization & Analytics,2022-05-23,2022-10-23,2022-10-24,Completed,Medium,4,2,2,26910000.0,27100000.0,1.0,0.007,4.2,No,Repeat Client
P1256,C-CEAT-Client-07,CEAT-Client-07,Creative Economy and Tourism,Stakeholder Engagement,2022-05-24,2022-08-24,2022-11-17,Completed,Medium,4,1,3,12230000.0,19320000.0,85.0,0.58,1.7,No,Repeat Client
P1118,C-PS-Client-09,PS-Client-09,Public Sector,Political Risk Management,2022-05-24,2022-09-24,2022-11-23,Completed,Medium,5,1,4,20270000.0,27000000.0,60.0,0.332,2.2,No,Repeat Client
P1255,C-CEAT-Client-08,CEAT-Client-08,Creative Economy and Tourism,Stakeholder Engagement,2022-05-25,2022-09-25,2022-09-26,Completed,Medium,8,3,5,28500000.0,28780000.0,1.0,0.01,4.2,No,Competitive Tender
P1449,C-TAI-Client-07,TAI-Client-07,Technology and Innovation,Digital Transformation,2022-05-28,2022-08-28,2022-08-28,Completed,Low,2,1,1,7460000.0,7460000.0,0.0,0.0,4.4,No,Competitive Tender
P1116,C-PS-Client-08,PS-Client-08,Public Sector,Market & Social Research,2022-05-28,2022-10-28,2022-11-01,Completed,Medium,6,3,3,37110000.0,37960000.0,4.0,0.023,4.1,Yes,Referral
P0279,C-CACM-Client-04,CACM-Client-04,Climate and Carbon Markets,Political Risk Management,2022-06-04,2022-09-04,2022-09-07,Completed,Low,4,2,2,12430000.0,12680000.0,3.0,0.02,4.7,Yes,Repeat Client
P0913,C-FAI-Client-01,FAI-Client-01,Finance and Insurance,Strategic Planning,2022-06-04,2023-01-04,2023-01-05,Completed,High,14,6,8,198210000.0,198800000.0,1.0,0.003,4.8,No,Direct Outreach
P0065,C-A-Client-08,A-Client-08,Agriculture,Data Visualization & Analytics,2022-06-05,2023-03-05,2023-05-09,Completed,High,11,3,8,137120000.0,158650000.0,65.0,0.157,3.4,No,Repeat Client
P1120,C-PS-Client-03,PS-Client-03,Public Sector,Political Risk Management,2022-06-05,2023-01-05,2023-01-31,Completed,High,7,3,4,63340000.0,71070000.0,26.0,0.122,3.7,No,Repeat Client
P0914,C-FAI-Client-09,FAI-Client-09,Finance and Insurance,Digital Transformation,2022-06-09,2022-10-09,2022-10-10,Completed,Medium,4,2,2,27470000.0,27720000.0,1.0,0.009,4.4,No,Repeat Client
P0068,C-A-Client-02,A-Client-02,Agriculture,Market & Social Research,2022-06-09,2022-07-09,2022-07-13,Completed,Low,3,1,2,2720000.0,2940000.0,4.0,0.08,4.0,No,Competitive Tender
P1258,C-CEAT-Client-05,CEAT-Client-05,Creative Economy and Tourism,Strategic Planning,2022-06-10,2022-07-10,2022-07-12,Completed,Low,4,1,3,3410000.0,3610000.0,2.0,0.058,4.3,No,Referral
P1451,C-TAI-Client-02,TAI-Client-02,Technology and Innovation,Digital Transformation,2022-06-10,2022-08-10,2022-08-10,Completed,Low,4,1,3,9160000.0,9160000.0,0.0,0.0,4.3,No,Referral
P0282,C-CACM-Client-03,CACM-Client-03,Climate and Carbon Markets,Digital Transformation,2022-06-11,2022-10-11,2022-10-14,Completed,Medium,6,2,4,32520000.0,33430000.0,3.0,0.028,3.7,No,Repeat Client
P0281,C-CACM-Client-06,CACM-Client-06,Climate and Carbon Markets,Political Risk Management,2022-06-13,2022-11-13,2022-11-15,Completed,Medium,4,1,3,30600000.0,30880000.0,2.0,0.009,4.4,No,Referral
P1259,C-CEAT-Client-02,CEAT-Client-02,Creative Economy and Tourism,Political Risk Management,2022-06-15,2022-09-15,2022-10-28,Completed,Low,2,1,1,4890000.0,5980000.0,43.0,0.222,3.3,No,Repeat Client
P1452,C-TAI-Client-06,TAI-Client-06,Technology and Innovation,Data Visualization & Analytics,2022-06-15,2022-08-15,2022-08-17,Completed,Low,3,1,2,6050000.0,6170000.0,2.0,0.02,3.7,No,Repeat Client
P0280,C-CACM-Client-06,CACM-Client-06,Climate and Carbon Markets,Political Risk Management,2022-06-15,2022-07-15,2022-07-18,Completed,Low,3,1,2,3070000.0,3370000.0,3.0,0.097,4.2,No,Repeat Client
P1121,C-PS-Client-09,PS-Client-09,Public Sector,Digital Transformation,2022-06-16,2022-09-16,2022-09-20,Completed,Medium,8,3,5,25760000.0,26660000.0,4.0,0.035,3.9,Yes,Repeat Client
P0670,C-E-Client-10,E-Client-10,Energy,Market & Social Research,2022-06-16,2022-08-16,2022-08-17,Completed,Medium,5,1,4,14640000.0,14860000.0,1.0,0.015,4.2,No,Referral
P0278,C-CACM-Client-02,CACM-Client-02,Climate and Carbon Markets,Digital Transformation,2022-06-17,2022-09-17,2022-09-19,Completed,Low,3,1,2,9330000.0,9490000.0,2.0,0.017,4.8,No,Referral
P0067,C-A-Client-04,A-Client-04,Agriculture,Stakeholder Engagement,2022-06-19,2022-08-19,2022-08-19,Completed,Medium,4,2,2,8240000.0,8240000.0,0.0,0.0,4.7,No,Competitive Tender
P0915,C-FAI-Client-09,FAI-Client-09,Finance and Insurance,Stakeholder Engagement,2022-06-19,2022-09-19,2022-09-22,Completed,Medium,6,2,4,29140000.0,30160000.0,3.0,0.035,4.7,Yes,Repeat Client
P0669,C-E-Client-01,E-Client-01,Energy,Market & Social Research,2022-06-21,2022-10-21,2022-10-21,Completed,High,8,2,6,66310000.0,66310000.0,0.0,0.0,3.8,No,Referral
P0668,C-E-Client-04,E-Client-04,Energy,Political Risk Management,2022-06-21,2022-08-21,2022-08-24,Completed,Low,4,1,3,9470000.0,10030000.0,3.0,0.059,4.1,No,Competitive Tender
P0066,C-A-Client-08,A-Client-08,Agriculture,Stakeholder Engagement,2022-06-25,2022-07-25,2022-07-28,Completed,Low,2,1,1,1600000.0,1700000.0,3.0,0.062,3.6,Yes,Repeat Client
P1450,C-TAI-Client-03,TAI-Client-03,Technology and Innovation,Data Visualization & Analytics,2022-06-25,2022-09-25,2022-09-27,Completed,Medium,4,1,3,17980000.0,18470000.0,2.0,0.027,4.5,Yes,Referral
P0912,C-FAI-Client-08,FAI-Client-08,Finance and Insurance,Political Risk Management,2022-06-27,2022-09-27,2022-09-27,Completed,Low,2,1,1,6970000.0,6970000.0,0.0,0.0,4.8,Yes,Repeat Client
P1119,C-PS-Client-03,PS-Client-03,Public Sector,Digital Transformation,2022-06-28,2022-08-28,2022-08-29,Completed,Low,2,1,1,4010000.0,4090000.0,1.0,0.021,4.4,Yes,Referral
P0919,C-FAI-Client-09,FAI-Client-09,Finance and Insurance,Political Risk Management,2022-07-02,2022-11-02,2022-11-02,Completed,High,9,4,5,80450000.0,80450000.0,0.0,0.0,4.4,Yes,Repeat Client
P0674,C-E-Client-06,E-Client-06,Energy,Data Visualization & Analytics,2022-07-03,2022-09-03,2022-10-21,Completed,Medium,4,2,2,12230000.0,19260000.0,48.0,0.575,2.3,No,Referral
P0286,C-CACM-Client-07,CACM-Client-07,Climate and Carbon Markets,Digital Transformation,2022-07-04,2022-09-04,2022-09-08,Completed,Low,3,1,2,7990000.0,8410000.0,4.0,0.052,4.4,No,Repeat Client
P0673,C-E-Client-04,E-Client-04,Energy,Political Risk Management,2022-07-05,2022-12-05,2023-02-21,Completed,Medium,4,2,2,34060000.0,44790000.0,78.0,0.315,2.0,No,Referral
P1457,C-TAI-Client-02,TAI-Client-02,Technology and Innovation,Political Risk Management,2022-07-05,2022-12-05,2022-12-06,Completed,Medium,5,2,3,29560000.0,29770000.0,1.0,0.007,4.0,No,Competitive Tender
P1124,C-PS-Client-05,PS-Client-05,Public Sector,Political Risk Management,2022-07-06,2022-09-06,2022-10-17,Completed,Medium,5,2,3,10590000.0,13630000.0,41.0,0.287,3.4,Yes,Repeat Client
P1455,C-TAI-Client-08,TAI-Client-08,Technology and Innovation,Market & Social Research,2022-07-06,2022-12-06,2022-12-09,Completed,Medium,4,2,2,28160000.0,28840000.0,3.0,0.024,4.2,Yes,Repeat Client
P1453,C-TAI-Client-01,TAI-Client-01,Technology and Innovation,Political Risk Management,2022-07-06,2022-08-06,2022-08-06,Completed,Low,3,1,2,3390000.0,3390000.0,0.0,0.0,4.5,Yes,Repeat Client
P1126,C-PS-Client-06,PS-Client-06,Public Sector,Stakeholder Engagement,2022-07-11,2023-01-11,2023-01-13,Completed,High,12,5,7,106860000.0,107610000.0,2.0,0.007,4.3,Yes,Repeat Client
P1122,C-PS-Client-05,PS-Client-05,Public Sector,Stakeholder Engagement,2022-07-11,2022-09-11,2022-09-11,Completed,Low,3,1,2,5300000.0,5300000.0,0.0,0.0,4.3,Yes,Competitive Tender
P0069,C-A-Client-08,A-Client-08,Agriculture,Stakeholder Engagement,2022-07-12,2022-11-12,2022-12-19,Completed,Medium,5,2,3,21860000.0,25600000.0,37.0,0.171,3.1,No,Repeat Client
P1454,C-TAI-Client-05,TAI-Client-05,Technology and Innovation,Data Visualization & Analytics,2022-07-13,2022-09-13,2022-09-14,Completed,Low,2,1,1,4190000.0,4270000.0,1.0,0.018,4.5,Yes,Repeat Client
P0284,C-CACM-Client-06,CACM-Client-06,Climate and Carbon Markets,Market & Social Research,2022-07-14,2022-08-14,2022-08-14,Completed,Low,4,2,2,4700000.0,4700000.0,0.0,0.0,4.5,No,Referral
P0283,C-CACM-Client-02,CACM-Client-02,Climate and Carbon Markets,Strategic Planning,2022-07-16,2022-11-16,2023-01-25,Completed,High,8,2,6,57030000.0,70490000.0,70.0,0.236,3.1,No,Repeat Client
P0671,C-E-Client-01,E-Client-01,Energy,Strategic Planning,2022-07-17,2022-10-17,2022-10-20,Completed,Low,3,1,2,10800000.0,11060000.0,3.0,0.024,3.8,No,Direct Outreach
P0285,C-CACM-Client-06,CACM-Client-06,Climate and Carbon Markets,Digital Transformation,2022-07-18,2022-11-18,2022-12-29,Completed,High,15,6,9,94520000.0,117680000.0,41.0,0.245,2.8,No,Repeat Client
P1456,C-TAI-Client-08,TAI-Client-08,Technology and Innovation,Strategic Planning,2022-07-20,2022-09-20,2022-09-20,Completed,Low,2,1,1,4110000.0,4110000.0,0.0,0.0,4.1,No,Repeat Client
P1260,C-CEAT-Client-02,CEAT-Client-02,Creative Economy and Tourism,Strategic Planning,2022-07-22,2022-11-22,2022-11-26,Completed,Medium,6,3,3,19790000.0,20620000.0,4.0,0.042,3.6,Yes,Repeat Client
P0918,C-FAI-Client-09,FAI-Client-09,Finance and Insurance,Stakeholder Engagement,2022-07-22,2022-12-22,2022-12-23,Completed,Medium,5,2,3,42440000.0,42650000.0,1.0,0.005,4.3,No,Repeat Client
P0672,C-E-Client-07,E-Client-07,Energy,Digital Transformation,2022-07-23,2022-11-23,2023-02-06,Completed,Medium,4,1,3,29540000.0,40470000.0,75.0,0.37,2.8,No,Competitive Tender
P0916,C-FAI-Client-07,FAI-Client-07,Finance and Insurance,Digital Transformation,2022-07-23,2023-04-23,2023-07-27,Completed,High,8,2,6,125960000.0,164250000.0,95.0,0.304,2.4,No,Competitive Tender
P0070,C-A-Client-01,A-Client-01,Agriculture,Digital Transformation,2022-07-23,2022-11-23,,Cancelled,Medium,8,3,5,37810000.0,38450000.0,,,,N/A,Repeat Client
P0917,C-FAI-Client-06,FAI-Client-06,Finance and Insurance,Digital Transformation,2022-07-24,2022-08-24,2022-08-25,Completed,Low,3,1,2,3640000.0,3760000.0,1.0,0.033,4.3,Yes,Repeat Client
P1125,C-PS-Client-08,PS-Client-08,Public Sector,Digital Transformation,2022-07-27,2022-10-27,2022-10-28,Completed,Low,2,1,1,6280000.0,6340000.0,1.0,0.009,5.0,Yes,Competitive Tender
P0920,C-FAI-Client-02,FAI-Client-02,Finance and Insurance,Political Risk Management,2022-07-28,2022-09-28,2022-10-01,Completed,Low,2,1,1,4810000.0,5040000.0,3.0,0.047,3.5,No,Repeat Client
P1123,C-PS-Client-02,PS-Client-02,Public Sector,Digital Transformation,2022-07-28,2022-09-28,2022-10-28,Completed,Medium,7,3,4,13380000.0,17390000.0,30.0,0.3,3.3,Yes,Repeat Client
P1460,C-TAI-Client-01,TAI-Client-01,Technology and Innovation,Strategic Planning,2022-08-01,2023-01-01,2023-01-05,Completed,Medium,5,1,4,36490000.0,37150000.0,4.0,0.018,3.9,No,Repeat Client
P0677,C-E-Client-03,E-Client-03,Energy,Political Risk Management,2022-08-01,2022-11-01,2022-11-03,Completed,Low,4,2,2,15520000.0,15750000.0,2.0,0.015,4.0,No,Repeat Client
P0076,C-A-Client-03,A-Client-03,Agriculture,Digital Transformation,2022-08-02,2022-10-02,2022-10-04,Completed,Medium,6,2,4,10540000.0,10850000.0,2.0,0.029,4.0,No,Competitive Tender
P0287,C-CACM-Client-05,CACM-Client-05,Climate and Carbon Markets,Data Visualization & Analytics,2022-08-02,2022-12-02,2022-12-06,Completed,Medium,8,3,5,42700000.0,44370000.0,4.0,0.039,4.2,Yes,Competitive Tender
P1459,C-TAI-Client-05,TAI-Client-05,Technology and Innovation,Political Risk Management,2022-08-03,2022-11-03,2022-11-04,Completed,Low,4,1,3,12360000.0,12500000.0,1.0,0.011,4.1,Yes,Competitive Tender
P0072,C-A-Client-03,A-Client-03,Agriculture,Data Visualization & Analytics,2022-08-04,2022-09-04,2022-09-26,Completed,Low,4,1,3,3190000.0,4380000.0,22.0,0.372,3.5,No,Competitive Tender
P1261,C-CEAT-Client-04,CEAT-Client-04,Creative Economy and Tourism,Political Risk Management,2022-08-10,2022-11-10,2022-11-14,Completed,Low,3,1,2,7420000.0,7790000.0,4.0,0.05,4.0,Yes,Referral
P0073,C-A-Client-06,A-Client-06,Agriculture,Market & Social Research,2022-08-10,2022-11-10,2022-11-12,Completed,Low,2,1,1,5480000.0,5560000.0,2.0,0.015,3.3,No,Repeat Client
P0675,C-E-Client-03,E-Client-03,Energy,Digital Transformation,2022-08-10,2022-11-10,2022-11-12,Completed,Medium,7,2,5,33720000.0,34430000.0,2.0,0.021,3.7,No,Referral
P0921,C-FAI-Client-05,FAI-Client-05,Finance and Insurance,Strategic Planning,2022-08-11,2022-11-11,2022-11-14,Completed,Medium,6,3,3,34160000.0,34880000.0,3.0,0.021,4.6,Yes,Repeat Client
P0678,C-E-Client-07,E-Client-07,Energy,Stakeholder Engagement,2022-08-12,2022-11-12,2022-12-02,Completed,Medium,5,2,3,27460000.0,31520000.0,20.0,0.148,3.6,No,Direct Outreach
P0922,C-FAI-Client-07,FAI-Client-07,Finance and Insurance,Political Risk Management,2022-08-17,2022-11-17,2022-12-26,Completed,Medium,8,3,5,45930000.0,55710000.0,39.0,0.213,3.6,No,Repeat Client
P1127,C-PS-Client-01,PS-Client-01,Public Sector,Political Risk Management,2022-08-18,2022-12-18,2022-12-19,Completed,Medium,6,2,4,27610000.0,27890000.0,1.0,0.01,4.6,Yes,Repeat Client
P0074,C-A-Client-08,A-Client-08,Agriculture,Data Visualization & Analytics,2022-08-22,2022-11-22,2022-11-22,Completed,Low,3,1,2,7940000.0,7940000.0,0.0,0.0,4.3,Yes,Repeat Client
P1461,C-TAI-Client-03,TAI-Client-03,Technology and Innovation,Digital Transformation,2022-08-22,2023-01-22,2023-01-25,Completed,Medium,6,2,4,41800000.0,42640000.0,3.0,0.02,4.1,No,Repeat Client
P0676,C-E-Client-09,E-Client-09,Energy,Stakeholder Engagement,2022-08-22,2022-11-22,2022-11-23,Completed,Medium,4,1,3,21010000.0,21180000.0,1.0,0.008,4.1,Yes,Direct Outreach
P1458,C-TAI-Client-01,TAI-Client-01,Technology and Innovation,Strategic Planning,2022-08-23,2023-02-23,2023-03-13,Completed,High,8,2,6,91030000.0,97860000.0,18.0,0.075,3.9,Yes,Repeat Client
P0071,C-A-Client-03,A-Client-03,Agriculture,Data Visualization & Analytics,2022-08-27,2022-12-27,2022-12-31,Completed,Medium,4,2,2,16080000.0,16560000.0,4.0,0.03,4.2,No,Referral
P0075,C-A-Client-07,A-Client-07,Agriculture,Data Visualization & Analytics,2022-08-28,2022-09-28,2022-11-08,Completed,Low,2,1,1,1690000.0,2420000.0,41.0,0.431,2.5,Yes,Referral
P1466,C-TAI-Client-02,TAI-Client-02,Technology and Innovation,Data Visualization & Analytics,2022-09-02,2022-12-02,2022-12-06,Completed,Low,4,1,3,15850000.0,16480000.0,4.0,0.04,4.1,No,Competitive Tender
P1128,C-PS-Client-04,PS-Client-04,Public Sector,Stakeholder Engagement,2022-09-04,2022-11-04,,Cancelled,Low,4,2,2,7080000.0,8970000.0,,,,N/A,Competitive Tender
P0288,C-CACM-Client-08,CACM-Client-08,Climate and Carbon Markets,Market & Social Research,2022-09-04,2022-12-04,2023-02-09,Completed,Medium,5,1,4,19560000.0,28850000.0,67.0,0.475,2.2,No,Repeat Client
P0077,C-A-Client-07,A-Client-07,Agriculture,Stakeholder Engagement,2022-09-09,2023-02-09,2023-02-11,Completed,High,14,7,7,85340000.0,86020000.0,2.0,0.008,4.6,Yes,Repeat Client
P1462,C-TAI-Client-08,TAI-Client-08,Technology and Innovation,Political Risk Management,2022-09-11,2023-04-11,2023-07-27,Completed,High,7,2,5,88960000.0,110670000.0,107.0,0.244,2.7,No,Competitive Tender
P1464,C-TAI-Client-02,TAI-Client-02,Technology and Innovation,Stakeholder Engagement,2022-09-13,2023-06-13,2023-06-16,Completed,High,14,5,9,246070000.0,249020000.0,3.0,0.012,4.1,No,Repeat Client
P1463,C-TAI-Client-04,TAI-Client-04,Technology and Innovation,Strategic Planning,2022-09-14,2023-02-14,2023-04-24,Completed,Medium,4,1,3,26090000.0,34070000.0,69.0,0.306,2.9,No,Direct Outreach
P1262,C-CEAT-Client-06,CEAT-Client-06,Creative Economy and Tourism,Political Risk Management,2022-09-17,2022-12-17,2022-12-17,Completed,Low,2,1,1,4810000.0,4810000.0,0.0,0.0,4.5,Yes,Referral
P1465,C-TAI-Client-05,TAI-Client-05,Technology and Innovation,Political Risk Management,2022-09-18,2022-11-18,2022-11-18,Completed,Low,3,1,2,5780000.0,5780000.0,0.0,0.0,4.3,No,Repeat Client
P1467,C-TAI-Client-08,TAI-Client-08,Technology and Innovation,Data Visualization & Analytics,2022-09-18,2023-01-18,2023-01-20,Completed,Medium,4,2,2,24010000.0,24300000.0,2.0,0.012,3.9,No,Repeat Client
P1129,C-PS-Client-03,PS-Client-03,Public Sector,Data Visualization & Analytics,2022-09-19,2023-06-19,2023-06-21,Completed,High,15,6,9,181460000.0,183270000.0,2.0,0.01,3.9,No,Repeat Client
P0290,C-CACM-Client-07,CACM-Client-07,Climate and Carbon Markets,Stakeholder Engagement,2022-09-25,2023-03-25,2023-03-27,Completed,High,10,4,6,112580000.0,113930000.0,2.0,0.012,4.2,Yes,Repeat Client
P0924,C-FAI-Client-08,FAI-Client-08,Finance and Insurance,Political Risk Management,2022-09-26,2023-02-26,2023-02-28,Completed,Medium,4,1,3,38980000.0,39330000.0,2.0,0.009,4.1,No,Referral
P0923,C-FAI-Client-08,FAI-Client-08,Finance and Insurance,Political Risk Management,2022-09-27,2022-10-27,2022-12-01,Completed,Low,2,1,1,2670000.0,3990000.0,35.0,0.493,2.6,Yes,Direct Outreach
P1263,C-CEAT-Client-02,CEAT-Client-02,Creative Economy and Tourism,Market & Social Research,2022-09-28,2022-12-28,2022-12-30,Completed,Low,4,1,3,8530000.0,8640000.0,2.0,0.013,4.2,Yes,Competitive Tender
P0289,C-CACM-Client-06,CACM-Client-06,Climate and Carbon Markets,Strategic Planning,2022-09-28,2022-10-28,2022-10-28,Completed,Low,3,1,2,3710000.0,3710000.0,0.0,0.0,4.4,Yes,Referral
P0078,C-A-Client-03,A-Client-03,Agriculture,Stakeholder Engagement,2022-10-01,2022-12-01,2023-02-01,Completed,Medium,4,1,3,7230000.0,10050000.0,62.0,0.39,3.0,No,Competitive Tender
P0927,C-FAI-Client-05,FAI-Client-05,Finance and Insurance,Stakeholder Engagement,2022-10-01,2022-11-01,2022-11-03,Completed,Low,4,2,2,6200000.0,6580000.0,2.0,0.062,3.9,No,Referral
P0293,C-CACM-Client-07,CACM-Client-07,Climate and Carbon Markets,Strategic Planning,2022-10-01,2023-01-01,2023-01-03,Completed,Medium,5,2,3,25240000.0,25690000.0,2.0,0.018,4.5,Yes,Competitive Tender
P1472,C-TAI-Client-04,TAI-Client-04,Technology and Innovation,Political Risk Management,2022-10-02,2022-11-02,2022-11-06,Completed,Low,2,1,1,2480000.0,2790000.0,4.0,0.124,3.7,Yes,Competitive Tender
P0680,C-E-Client-07,E-Client-07,Energy,Data Visualization & Analytics,2022-10-05,2022-12-05,2022-12-09,Completed,Medium,8,4,4,23010000.0,24140000.0,4.0,0.049,4.3,Yes,Competitive Tender
P0292,C-CACM-Client-06,CACM-Client-06,Climate and Carbon Markets,Data Visualization & Analytics,2022-10-06,2023-02-06,2023-03-25,Completed,Medium,6,2,4,30260000.0,38700000.0,47.0,0.279,2.7,Yes,Competitive Tender
P1264,C-CEAT-Client-01,CEAT-Client-01,Creative Economy and Tourism,Strategic Planning,2022-10-07,2023-03-07,2023-03-11,Completed,Medium,8,4,4,40560000.0,41490000.0,4.0,0.023,4.7,No,Competitive Tender
P1265,C-CEAT-Client-08,CEAT-Client-08,Creative Economy and Tourism,Political Risk Management,2022-10-08,2023-02-08,2023-02-09,Completed,Medium,6,3,3,18590000.0,18700000.0,1.0,0.006,4.3,No,Repeat Client
P0925,C-FAI-Client-01,FAI-Client-01,Finance and Insurance,Strategic Planning,2022-10-11,2022-11-11,2022-11-15,Completed,Low,3,1,2,3700000.0,4190000.0,4.0,0.132,3.5,Yes,Repeat Client
P1130,C-PS-Client-09,PS-Client-09,Public Sector,Political Risk Management,2022-10-12,2022-12-12,2022-12-15,Completed,Low,4,1,3,6490000.0,6780000.0,3.0,0.045,4.9,Yes,Repeat Client
P1473,C-TAI-Client-05,TAI-Client-05,Technology and Innovation,Political Risk Management,2022-10-13,2022-12-13,2022-12-15,Completed,Medium,8,3,5,21480000.0,22080000.0,2.0,0.028,4.3,Yes,Competitive Tender
P0926,C-FAI-Client-09,FAI-Client-09,Finance and Insurance,Stakeholder Engagement,2022-10-13,2022-12-13,2022-12-16,Completed,Low,2,1,1,5720000.0,5950000.0,3.0,0.041,4.5,Yes,Repeat Client
P0681,C-E-Client-04,E-Client-04,Energy,Data Visualization & Analytics,2022-10-14,2022-12-14,2023-01-21,Completed,Low,2,1,1,5220000.0,6440000.0,38.0,0.233,2.6,No,Repeat Client
P0928,C-FAI-Client-06,FAI-Client-06,Finance and Insurance,Data Visualization & Analytics,2022-10-18,2023-01-18,2023-04-16,Completed,Medium,7,2,5,39690000.0,63500000.0,88.0,0.6,2.8,No,Repeat Client
P1468,C-TAI-Client-01,TAI-Client-01,Technology and Innovation,Political Risk Management,2022-10-21,2023-03-21,2023-03-25,Completed,High,9,2,7,86490000.0,88050000.0,4.0,0.018,4.5,No,Repeat Client
P1470,C-TAI-Client-08,TAI-Client-08,Technology and Innovation,Strategic Planning,2022-10-21,2023-01-21,2023-03-01,Completed,Low,3,1,2,8930000.0,10690000.0,39.0,0.197,3.6,Yes,Repeat Client
P1471,C-TAI-Client-04,TAI-Client-04,Technology and Innovation,Market & Social Research,2022-10-21,2022-12-21,2022-12-25,Completed,Low,4,1,3,9340000.0,9760000.0,4.0,0.045,4.2,Yes,Direct Outreach
P1469,C-TAI-Client-07,TAI-Client-07,Technology and Innovation,Strategic Planning,2022-10-22,2023-01-22,,Cancelled,Medium,6,3,3,28000000.0,29060000.0,,,,N/A,Competitive Tender
P0679,C-E-Client-02,E-Client-02,Energy,Strategic Planning,2022-10-22,2023-05-22,2023-05-22,Completed,High,10,4,6,136500000.0,136500000.0,0.0,0.0,4.3,Yes,Competitive Tender
P0291,C-CACM-Client-05,CACM-Client-05,Climate and Carbon Markets,Strategic Planning,2022-10-25,2022-12-25,2022-12-26,Completed,Medium,8,2,6,22810000.0,23130000.0,1.0,0.014,3.8,Yes,Repeat Client
P0079,C-A-Client-03,A-Client-03,Agriculture,Political Risk Management,2022-11-02,2023-01-02,2023-01-02,Completed,Low,4,2,2,5740000.0,5740000.0,0.0,0.0,4.6,No,Repeat Client
P1475,C-TAI-Client-07,TAI-Client-07,Technology and Innovation,Strategic Planning,2022-11-02,2023-05-02,2023-06-11,Completed,High,7,3,4,83060000.0,100920000.0,40.0,0.215,3.1,No,Repeat Client
P0082,C-A-Client-07,A-Client-07,Agriculture,Stakeholder Engagement,2022-11-04,2023-03-04,2023-03-08,Completed,Medium,8,3,5,30870000.0,31830000.0,4.0,0.031,4.2,Yes,Repeat Client
P0080,C-A-Client-06,A-Client-06,Agriculture,Strategic Planning,2022-11-05,2022-12-05,2022-12-08,Completed,Low,3,1,2,2480000.0,2680000.0,3.0,0.081,4.0,No,Referral
P0294,C-CACM-Client-01,CACM-Client-01,Climate and Carbon Markets,Strategic Planning,2022-11-05,2023-02-05,2023-03-25,Completed,Low,4,2,2,16960000.0,22120000.0,48.0,0.304,2.8,No,Repeat Client
P0932,C-FAI-Client-05,FAI-Client-05,Finance and Insurance,Stakeholder Engagement,2022-11-11,2023-01-11,2023-01-11,Completed,Low,4,1,3,9570000.0,9570000.0,0.0,0.0,4.5,Yes,Repeat Client
P0081,C-A-Client-04,A-Client-04,Agriculture,Digital Transformation,2022-11-12,2022-12-12,2022-12-14,Completed,Low,4,2,2,3750000.0,4040000.0,2.0,0.077,4.0,Yes,Repeat Client
P0931,C-FAI-Client-04,FAI-Client-04,Finance and Insurance,Strategic Planning,2022-11-15,2022-12-15,2023-01-20,Completed,Low,2,1,1,2850000.0,4560000.0,36.0,0.6,2.5,No,Competitive Tender
P0296,C-CACM-Client-06,CACM-Client-06,Climate and Carbon Markets,Data Visualization & Analytics,2022-11-15,2023-01-15,2023-01-15,Completed,Low,2,1,1,5350000.0,5350000.0,0.0,0.0,4.2,No,Referral
P0930,C-FAI-Client-06,FAI-Client-06,Finance and Insurance,Digital Transformation,2022-11-18,2023-07-18,2023-07-19,Completed,High,14,3,11,270350000.0,271160000.0,1.0,0.003,4.1,Yes,Competitive Tender
P1474,C-TAI-Client-01,TAI-Client-01,Technology and Innovation,Data Visualization & Analytics,2022-11-18,2023-01-18,2023-02-12,Completed,Low,2,1,1,5060000.0,6190000.0,25.0,0.224,3.8,No,Repeat Client
P1132,C-PS-Client-03,PS-Client-03,Public Sector,Market & Social Research,2022-11-20,2023-03-20,2023-03-22,Completed,Medium,7,3,4,35800000.0,36270000.0,2.0,0.013,4.2,No,Repeat Client
P0683,C-E-Client-05,E-Client-05,Energy,Market & Social Research,2022-11-20,2023-03-20,2023-05-09,Completed,Medium,4,1,3,22960000.0,29600000.0,50.0,0.289,2.9,No,Referral
P0682,C-E-Client-09,E-Client-09,Energy,Stakeholder Engagement,2022-11-21,2022-12-21,2023-01-16,Completed,Low,2,1,1,3100000.0,4850000.0,26.0,0.563,2.7,No,Referral
P0297,C-CACM-Client-02,CACM-Client-02,Climate and Carbon Markets,Strategic Planning,2022-11-24,2023-03-24,2023-03-27,Completed,Medium,8,3,5,41410000.0,42530000.0,3.0,0.027,4.2,No,Competitive Tender
P0295,C-CACM-Client-07,CACM-Client-07,Climate and Carbon Markets,Political Risk Management,2022-11-24,2023-07-24,2023-08-31,Completed,High,10,3,7,174470000.0,194710000.0,38.0,0.116,3.6,Yes,Referral
P0083,C-A-Client-03,A-Client-03,Agriculture,Market & Social Research,2022-11-24,2022-12-24,2022-12-26,Completed,Low,2,1,1,1500000.0,1600000.0,2.0,0.066,4.2,No,Referral
P1266,C-CEAT-Client-06,CEAT-Client-06,Creative Economy and Tourism,Digital Transformation,2022-11-24,2023-02-24,2023-02-26,Completed,Medium,4,2,2,12660000.0,13000000.0,2.0,0.027,4.1,No,Competitive Tender
P1131,C-PS-Client-02,PS-Client-02,Public Sector,Political Risk Management,2022-11-25,2023-08-25,2023-08-28,Completed,High,14,3,11,162930000.0,165210000.0,3.0,0.014,4.2,No,Repeat Client
P0929,C-FAI-Client-08,FAI-Client-08,Finance and Insurance,Data Visualization & Analytics,2022-11-27,2022-12-27,2022-12-29,Completed,Low,2,1,1,2680000.0,2820000.0,2.0,0.052,3.5,No,Direct Outreach
P0685,C-E-Client-07,E-Client-07,Energy,Strategic Planning,2022-12-02,2023-01-02,2023-01-02,Completed,Low,3,1,2,4500000.0,4500000.0,0.0,0.0,4.1,Yes,Repeat Client
P1478,C-TAI-Client-01,TAI-Client-01,Technology and Innovation,Political Risk Management,2022-12-02,2023-03-02,2023-03-02,Completed,Medium,7,2,5,27630000.0,27630000.0,0.0,0.0,4.9,Yes,Repeat Client
P1134,C-PS-Client-04,PS-Client-04,Public Sector,Data Visualization & Analytics,2022-12-03,2023-01-03,2023-01-05,Completed,Low,3,1,2,2990000.0,3230000.0,2.0,0.081,4.2,Yes,Referral
P0299,C-CACM-Client-07,CACM-Client-07,Climate and Carbon Markets,Political Risk Management,2022-12-03,2023-04-03,2023-04-04,Completed,Medium,7,3,4,39460000.0,39700000.0,1.0,0.006,4.7,No,Repeat Client
P1482,C-TAI-Client-04,TAI-Client-04,Technology and Innovation,Strategic Planning,2022-12-04,2023-05-04,2023-07-31,Completed,Medium,8,3,5,61820000.0,91430000.0,88.0,0.479,2.2,No,Competitive Tender
P0298,C-CACM-Client-01,CACM-Client-01,Climate and Carbon Markets,Digital Transformation,2022-12-05,2023-01-05,2023-01-07,Completed,Low,4,2,2,5430000.0,5790000.0,2.0,0.066,4.8,Yes,Direct Outreach
P0086,C-A-Client-01,A-Client-01,Agriculture,Political Risk Management,2022-12-06,2023-02-06,2023-02-22,Completed,Medium,7,3,4,13980000.0,17250000.0,16.0,0.234,3.0,No,Competitive Tender
P1480,C-TAI-Client-05,TAI-Client-05,Technology and Innovation,Strategic Planning,2022-12-06,2023-09-06,2023-09-06,Completed,High,7,2,5,111920000.0,111920000.0,0.0,0.0,4.4,Yes,Repeat Client
P1476,C-TAI-Client-08,TAI-Client-08,Technology and Innovation,Digital Transformation,2022-12-07,2023-03-07,2023-03-07,Completed,Low,4,1,3,13530000.0,13530000.0,0.0,0.0,3.8,No,Referral
P0686,C-E-Client-10,E-Client-10,Energy,Strategic Planning,2022-12-08,2023-02-08,2023-02-10,Completed,Low,4,1,3,12580000.0,13100000.0,2.0,0.041,3.6,No,Repeat Client
P0087,C-A-Client-06,A-Client-06,Agriculture,Data Visualization & Analytics,2022-12-08,2023-03-08,2023-03-09,Completed,Medium,7,2,5,24650000.0,24920000.0,1.0,0.011,3.8,No,Competitive Tender
P1135,C-PS-Client-05,PS-Client-05,Public Sector,Stakeholder Engagement,2022-12-11,2023-03-11,2023-03-17,Completed,Low,3,1,2,9440000.0,9970000.0,6.0,0.056,4.1,Yes,Repeat Client
P0084,C-A-Client-06,A-Client-06,Agriculture,Political Risk Management,2022-12-14,2023-02-14,2023-04-13,Completed,Medium,5,1,4,9380000.0,12940000.0,58.0,0.379,3.0,No,Referral
P1481,C-TAI-Client-02,TAI-Client-02,Technology and Innovation,Strategic Planning,2022-12-15,2023-03-15,2023-03-18,Completed,Low,2,1,1,7360000.0,7610000.0,3.0,0.034,4.8,Yes,Repeat Client
P0933,C-FAI-Client-01,FAI-Client-01,Finance and Insurance,Market & Social Research,2022-12-17,2023-04-17,2023-04-20,Completed,Medium,4,1,3,32200000.0,32680000.0,3.0,0.015,3.8,No,Competitive Tender
P0684,C-E-Client-05,E-Client-05,Energy,Digital Transformation,2022-12-17,2023-03-17,2023-03-18,Completed,Medium,7,2,5,40220000.0,40700000.0,1.0,0.012,3.7,No,Repeat Client
P0300,C-CACM-Client-05,CACM-Client-05,Climate and Carbon Markets,Market & Social Research,2022-12-20,2023-05-20,2023-05-24,Completed,Medium,7,2,5,45780000.0,47060000.0,4.0,0.028,4.5,Yes,Referral
P1479,C-TAI-Client-03,TAI-Client-03,Technology and Innovation,Strategic Planning,2022-12-20,2023-01-20,2023-01-22,Completed,Low,2,1,1,2570000.0,2740000.0,2.0,0.066,4.4,No,Repeat Client
P1136,C-PS-Client-08,PS-Client-08,Public Sector,Data Visualization & Analytics,2022-12-21,2023-07-21,2023-11-17,Completed,High,11,4,7,114900000.0,156950000.0,119.0,0.366,2.1,No,Repeat Client
P1133,C-PS-Client-07,PS-Client-07,Public Sector,Strategic Planning,2022-12-21,2023-04-21,2023-04-21,Completed,Medium,7,2,5,27750000.0,27750000.0,0.0,0.0,4.4,Yes,Repeat Client
P0301,C-CACM-Client-06,CACM-Client-06,Climate and Carbon Markets,Political Risk Management,2022-12-25,2023-08-25,2023-11-24,Completed,High,8,3,5,112890000.0,136260000.0,91.0,0.207,2.3,No,Repeat Client
P0085,C-A-Client-04,A-Client-04,Agriculture,Data Visualization & Analytics,2022-12-26,2023-03-26,2023-03-29,Completed,Low,4,2,2,9670000.0,10070000.0,3.0,0.041,4.4,Yes,Referral
P1483,C-TAI-Client-06,TAI-Client-06,Technology and Innovation,Digital Transformation,2022-12-26,2023-01-26,2023-01-28,Completed,Low,3,1,2,3270000.0,3450000.0,2.0,0.056,3.8,No,Direct Outreach
P1477,C-TAI-Client-04,TAI-Client-04,Technology and Innovation,Strategic Planning,2022-12-28,2023-08-28,2023-08-29,Completed,High,9,3,6,107840000.0,108380000.0,1.0,0.005,5.0,Yes,Competitive Tender
P1489,C-TAI-Client-07,TAI-Client-07,Technology and Innovation,Market & Social Research,2023-01-02,2023-04-02,2023-06-01,Completed,Medium,4,1,3,15370000.0,20320000.0,60.0,0.322,2.7,No,Repeat Client
P0302,C-CACM-Client-08,CACM-Client-08,Climate and Carbon Markets,Stakeholder Engagement,2023-01-04,2023-05-04,2023-05-04,Completed,Medium,8,2,6,48100000.0,48100000.0,0.0,0.0,4.1,No,Repeat Client
P0306,C-CACM-Client-07,CACM-Client-07,Climate and Carbon Markets,Market & Social Research,2023-01-04,2023-03-04,2023-03-07,Completed,Medium,7,3,4,23470000.0,24570000.0,3.0,0.047,4.0,No,Repeat Client
P0092,C-A-Client-01,A-Client-01,Agriculture,Strategic Planning,2023-01-06,2023-09-06,2023-09-09,Completed,High,11,2,9,129770000.0,131850000.0,3.0,0.016,4.0,No,Repeat Client
P0095,C-A-Client-07,A-Client-07,Agriculture,Strategic Planning,2023-01-07,2023-07-07,2023-07-11,Completed,High,7,3,4,47210000.0,48150000.0,4.0,0.02,3.9,Yes,Repeat Client
P0305,C-CACM-Client-05,CACM-Client-05,Climate and Carbon Markets,Data Visualization & Analytics,2023-01-07,2023-02-07,,Cancelled,Low,3,1,2,4140000.0,4430000.0,,,,N/A,Referral
P0089,C-A-Client-05,A-Client-05,Agriculture,Strategic Planning,2023-01-07,2023-06-07,2023-06-09,Completed,Medium,6,2,4,36590000.0,37180000.0,2.0,0.016,4.6,Yes,Direct Outreach
P1487,C-TAI-Client-03,TAI-Client-03,Technology and Innovation,Digital Transformation,2023-01-09,2023-02-09,2023-03-21,Completed,Low,3,1,2,3770000.0,5730000.0,40.0,0.519,2.6,No,Repeat Client
P1139,C-PS-Client-04,PS-Client-04,Public Sector,Market & Social Research,2023-01-09,2023-10-09,2023-11-13,Completed,High,8,4,4,120890000.0,134070000.0,35.0,0.109,3.8,Yes,Repeat Client
P1488,C-TAI-Client-04,TAI-Client-04,Technology and Innovation,Stakeholder Engagement,2023-01-12,2023-04-12,2023-04-13,Completed,Medium,7,3,4,30640000.0,31010000.0,1.0,0.012,4.5,No,Referral
P1267,C-CEAT-Client-05,CEAT-Client-05,Creative Economy and Tourism,Market & Social Research,2023-01-12,2023-03-12,2023-03-12,Completed,Low,4,1,3,5760000.0,5760000.0,0.0,0.0,3.8,Yes,Repeat Client
P1140,C-PS-Client-02,PS-Client-02,Public Sector,Political Risk Management,2023-01-13,2023-02-13,2023-03-28,Completed,Low,2,1,1,1910000.0,2640000.0,43.0,0.38,2.5,No,Competitive Tender
P0934,C-FAI-Client-02,FAI-Client-02,Finance and Insurance,Data Visualization & Analytics,2023-01-16,2023-06-16,,Cancelled,High,13,3,10,128320000.0,130240000.0,,,,N/A,Referral
P0687,C-E-Client-06,E-Client-06,Energy,Market & Social Research,2023-01-17,2023-02-17,2023-02-21,Completed,Low,3,1,2,3640000.0,4180000.0,4.0,0.148,4.9,Yes,Referral
P1268,C-CEAT-Client-05,CEAT-Client-05,Creative Economy and Tourism,Political Risk Management,2023-01-17,2023-05-17,2023-08-12,Completed,Medium,4,2,2,13190000.0,18060000.0,87.0,0.369,2.6,No,Repeat Client
P1485,C-TAI-Client-04,TAI-Client-04,Technology and Innovation,Strategic Planning,2023-01-19,2023-04-19,2023-04-22,Completed,Medium,6,2,4,22150000.0,22840000.0,3.0,0.031,3.9,No,Direct Outreach
P1486,C-TAI-Client-02,TAI-Client-02,Technology and Innovation,Strategic Planning,2023-01-19,2023-04-19,2023-05-26,Completed,Medium,6,2,4,27070000.0,34080000.0,37.0,0.259,3.0,No,Referral
P0935,C-FAI-Client-02,FAI-Client-02,Finance and Insurance,Political Risk Management,2023-01-20,2023-04-20,2023-04-22,Completed,Medium,5,2,3,29450000.0,30070000.0,2.0,0.021,4.7,Yes,Repeat Client
P0093,C-A-Client-06,A-Client-06,Agriculture,Political Risk Management,2023-01-20,2023-06-20,2023-06-22,Completed,Medium,6,3,3,37240000.0,37800000.0,2.0,0.015,4.7,Yes,Competitive Tender
P0304,C-CACM-Client-04,CACM-Client-04,Climate and Carbon Markets,Data Visualization & Analytics,2023-01-20,2023-03-20,2023-05-28,Completed,Medium,4,1,3,10610000.0,16980000.0,69.0,0.6,2.0,No,Direct Outreach
P0094,C-A-Client-07,A-Client-07,Agriculture,Stakeholder Engagement,2023-01-20,2023-04-20,2023-04-26,Completed,Low,2,1,1,4870000.0,5260000.0,6.0,0.081,4.6,Yes,Repeat Client
P0303,C-CACM-Client-04,CACM-Client-04,Climate and Carbon Markets,Political Risk Management,2023-01-22,2023-03-22,2023-03-26,Completed,Low,2,1,1,5700000.0,6120000.0,4.0,0.074,4.1,Yes,Repeat Client
P1484,C-TAI-Client-02,TAI-Client-02,Technology and Innovation,Digital Transformation,2023-01-22,2023-08-22,2023-08-22,Completed,High,12,3,9,166570000.0,166570000.0,0.0,0.0,4.4,Yes,Repeat Client
P1137,C-PS-Client-03,PS-Client-03,Public Sector,Market & Social Research,2023-01-24,2023-06-24,2023-08-27,Completed,Medium,7,3,4,43970000.0,53860000.0,64.0,0.225,3.0,No,Repeat Client
P0090,C-A-Client-07,A-Client-07,Agriculture,Digital Transformation,2023-01-25,2023-05-25,2023-05-26,Completed,Medium,6,2,4,22250000.0,22450000.0,1.0,0.009,4.1,Yes,Repeat Client
P1269,C-CEAT-Client-05,CEAT-Client-05,Creative Economy and Tourism,Market & Social Research,2023-01-27,2023-03-27,2023-03-27,Completed,Medium,8,2,6,12740000.0,12740000.0,0.0,0.0,4.9,No,Repeat Client
P0091,C-A-Client-02,A-Client-02,Agriculture,Data Visualization & Analytics,2023-01-27,2023-05-27,,Cancelled,Medium,4,2,2,15990000.0,16290000.0,,,,N/A,Referral
P0088,C-A-Client-01,A-Client-01,Agriculture,Digital Transformation,2023-01-27,2023-06-27,2023-06-27,Completed,High,10,5,5,55090000.0,55090000.0,0.0,0.0,4.2,Yes,Referral
P1138,C-PS-Client-04,PS-Client-04,Public Sector,Digital Transformation,2023-01-28,2023-02-28,2023-02-28,Completed,Low,2,1,1,1740000.0,1740000.0,0.0,0.0,4.5,No,Competitive Tender
P1490,C-TAI-Client-01,TAI-Client-01,Technology and Innovation,Strategic Planning,2023-02-01,2023-04-01,2023-04-02,Completed,Low,2,1,1,5180000.0,5250000.0,1.0,0.013,4.7,Yes,Competitive Tender
P0312,C-CACM-Client-08,CACM-Client-08,Climate and Carbon Markets,Digital Transformation,2023-02-01,2023-04-01,2023-04-05,Completed,Low,2,1,1,4350000.0,4640000.0,4.0,0.066,4.5,No,Referral
P0309,C-CACM-Client-08,CACM-Client-08,Climate and Carbon Markets,Strategic Planning,2023-02-02,2023-07-02,2023-08-31,Completed,Medium,4,2,2,32540000.0,42010000.0,60.0,0.291,2.7,No,Repeat Client
P0307,C-CACM-Client-04,CACM-Client-04,Climate and Carbon Markets,Stakeholder Engagement,2023-02-05,2023-07-05,2023-07-06,Completed,Medium,8,4,4,71020000.0,71660000.0,1.0,0.009,4.7,No,Repeat Client
P0100,C-A-Client-07,A-Client-07,Agriculture,Digital Transformation,2023-02-05,2023-05-05,2023-05-08,Completed,Medium,7,2,5,23220000.0,23960000.0,3.0,0.032,4.3,No,Competitive Tender
P1143,C-PS-Client-05,PS-Client-05,Public Sector,Market & Social Research,2023-02-05,2023-04-05,2023-04-06,Completed,Medium,7,2,5,17900000.0,18190000.0,1.0,0.016,3.2,No,Repeat Client
P1270,C-CEAT-Client-03,CEAT-Client-03,Creative Economy and Tourism,Strategic Planning,2023-02-05,2023-04-05,2023-04-07,Completed,Low,3,1,2,4560000.0,4700000.0,2.0,0.031,3.7,Yes,Repeat Client
P1491,C-TAI-Client-05,TAI-Client-05,Technology and Innovation,Political Risk Management,2023-02-06,2023-04-06,2023-04-09,Completed,Medium,8,3,5,23890000.0,25040000.0,3.0,0.048,4.0,No,Repeat Client
P0936,C-FAI-Client-06,FAI-Client-06,Finance and Insurance,Strategic Planning,2023-02-07,2023-04-07,2023-04-10,Completed,Low,2,1,1,5310000.0,5600000.0,3.0,0.054,4.3,Yes,Repeat Client
P1272,C-CEAT-Client-07,CEAT-Client-07,Creative Economy and Tourism,Data Visualization & Analytics,2023-02-08,2023-05-08,2023-05-09,Completed,Low,2,1,1,5040000.0,5100000.0,1.0,0.011,4.0,No,Referral
P0313,C-CACM-Client-02,CACM-Client-02,Climate and Carbon Markets,Market & Social Research,2023-02-12,2023-06-12,2023-06-16,Completed,High,13,3,10,106840000.0,108980000.0,4.0,0.02,4.3,Yes,Repeat Client
P0688,C-E-Client-06,E-Client-06,Energy,Stakeholder Engagement,2023-02-13,2023-05-13,2023-05-16,Completed,Low,3,1,2,12420000.0,12790000.0,3.0,0.03,4.1,No,Direct Outreach
P0097,C-A-Client-06,A-Client-06,Agriculture,Digital Transformation,2023-02-14,2023-04-14,2023-06-05,Completed,Medium,6,1,5,14250000.0,20960000.0,52.0,0.471,2.1,No,Repeat Client
P0099,C-A-Client-05,A-Client-05,Agriculture,Stakeholder Engagement,2023-02-14,2023-04-14,2023-04-30,Completed,Low,3,1,2,5660000.0,6940000.0,16.0,0.227,3.6,No,Repeat Client
P0938,C-FAI-Client-01,FAI-Client-01,Finance and Insurance,Stakeholder Engagement,2023-02-15,2023-05-15,2023-05-18,Completed,Medium,7,1,6,38960000.0,39900000.0,3.0,0.024,4.1,No,Referral
P0096,C-A-Client-04,A-Client-04,Agriculture,Data Visualization & Analytics,2023-02-17,2023-05-17,2023-05-17,Completed,Low,4,1,3,9400000.0,9400000.0,0.0,0.0,4.2,No,Competitive Tender
P0308,C-CACM-Client-07,CACM-Client-07,Climate and Carbon Markets,Digital Transformation,2023-02-18,2023-06-18,2023-06-19,Completed,Medium,4,1,3,24390000.0,24630000.0,1.0,0.01,4.5,Yes,Referral
P1141,C-PS-Client-07,PS-Client-07,Public Sector,Stakeholder Engagement,2023-02-18,2023-03-18,2023-03-21,Completed,Low,2,1,1,2130000.0,2290000.0,3.0,0.076,4.1,Yes,Repeat Client
P1273,C-CEAT-Client-09,CEAT-Client-09,Creative Economy and Tourism,Market & Social Research,2023-02-20,2023-04-20,2023-05-20,Completed,Low,3,1,2,5290000.0,6780000.0,30.0,0.281,3.2,No,Repeat Client
P1493,C-TAI-Client-08,TAI-Client-08,Technology and Innovation,Political Risk Management,2023-02-21,2023-06-21,2023-06-25,Completed,Medium,8,4,4,52160000.0,53460000.0,4.0,0.025,4.7,No,Direct Outreach
P0311,C-CACM-Client-02,CACM-Client-02,Climate and Carbon Markets,Political Risk Management,2023-02-21,2023-07-21,2023-07-22,Completed,Medium,6,2,4,44900000.0,45260000.0,1.0,0.008,3.7,Yes,Repeat Client
P1492,C-TAI-Client-04,TAI-Client-04,Technology and Innovation,Market & Social Research,2023-02-23,2023-07-23,2023-09-11,Completed,Medium,5,2,3,30080000.0,36850000.0,50.0,0.225,2.8,No,Repeat Client
P1271,C-CEAT-Client-04,CEAT-Client-04,Creative Economy and Tourism,Political Risk Management,2023-02-24,2023-07-24,2023-07-24,Completed,Medium,8,4,4,32860000.0,32860000.0,0.0,0.0,3.7,Yes,Repeat Client
P0101,C-A-Client-07,A-Client-07,Agriculture,Stakeholder Engagement,2023-02-24,2023-07-24,2023-07-27,Completed,High,11,5,6,77520000.0,79070000.0,3.0,0.02,4.3,Yes,Competitive Tender
P1142,C-PS-Client-05,PS-Client-05,Public Sector,Stakeholder Engagement,2023-02-25,2023-06-25,2023-08-22,Completed,High,8,2,6,43290000.0,55410000.0,58.0,0.28,2.7,No,Competitive Tender
P0937,C-FAI-Client-02,FAI-Client-02,Finance and Insurance,Political Risk Management,2023-02-25,2023-09-25,2024-01-26,Completed,High,7,2,5,96540000.0,132650000.0,123.0,0.374,2.3,No,Repeat Client
P0098,C-A-Client-05,A-Client-05,Agriculture,Digital Transformation,2023-02-28,2023-06-28,2023-07-02,Completed,High,11,3,8,50570000.0,52490000.0,4.0,0.038,3.9,No,Competitive Tender
P0310,C-CACM-Client-07,CACM-Client-07,Climate and Carbon Markets,Digital Transformation,2023-02-28,2023-08-28,2023-08-31,Completed,High,13,3,10,123900000.0,126250000.0,3.0,0.019,4.9,No,Competitive Tender
P0691,C-E-Client-09,E-Client-09,Energy,Data Visualization & Analytics,2023-03-02,2023-04-02,2023-04-04,Completed,Low,3,1,2,3590000.0,3820000.0,2.0,0.063,4.4,Yes,Repeat Client
P1146,C-PS-Client-06,PS-Client-06,Public Sector,Political Risk Management,2023-03-02,2023-12-02,2023-12-05,Completed,High,12,3,9,137260000.0,138500000.0,3.0,0.009,4.4,Yes,Repeat Client
P1498,C-TAI-Client-04,TAI-Client-04,Technology and Innovation,Political Risk Management,2023-03-04,2023-07-04,2023-07-17,Completed,Medium,8,3,5,46290000.0,51150000.0,13.0,0.105,3.9,Yes,Competitive Tender
P1145,C-PS-Client-03,PS-Client-03,Public Sector,Strategic Planning,2023-03-05,2023-06-05,2023-07-02,Completed,Medium,8,2,6,33670000.0,43600000.0,27.0,0.295,3.5,Yes,Repeat Client
P1148,C-PS-Client-03,PS-Client-03,Public Sector,Stakeholder Engagement,2023-03-05,2023-12-05,2024-03-21,Completed,High,15,5,10,187220000.0,241890000.0,107.0,0.292,2.7,No,Repeat Client
P1495,C-TAI-Client-02,TAI-Client-02,Technology and Innovation,Digital Transformation,2023-03-06,2023-06-06,2023-06-10,Completed,Low,3,1,2,8820000.0,9060000.0,4.0,0.027,4.5,Yes,Direct Outreach
P0105,C-A-Client-06,A-Client-06,Agriculture,Strategic Planning,2023-03-06,2023-05-06,2023-05-09,Completed,Medium,6,1,5,14590000.0,15070000.0,3.0,0.033,3.9,Yes,Direct Outreach
P1274,C-CEAT-Client-09,CEAT-Client-09,Creative Economy and Tourism,Digital Transformation,2023-03-07,2023-06-07,2023-06-08,Completed,Low,2,1,1,5000000.0,5070000.0,1.0,0.014,4.5,No,Competitive Tender
P1494,C-TAI-Client-01,TAI-Client-01,Technology and Innovation,Stakeholder Engagement,2023-03-08,2023-06-08,2023-06-09,Completed,Medium,8,3,5,37440000.0,37700000.0,1.0,0.007,4.5,Yes,Repeat Client
P1144,C-PS-Client-08,PS-Client-08,Public Sector,Digital Transformation,2023-03-08,2023-12-08,2024-02-19,Completed,High,11,5,6,138710000.0,161180000.0,73.0,0.162,2.8,No,Referral
P0103,C-A-Client-06,A-Client-06,Agriculture,Political Risk Management,2023-03-14,2023-06-14,2023-07-26,Completed,Low,4,2,2,10740000.0,14080000.0,42.0,0.311,3.0,No,Competitive Tender
P0314,C-CACM-Client-02,CACM-Client-02,Climate and Carbon Markets,Political Risk Management,2023-03-14,2023-11-14,2024-01-10,Completed,High,13,6,7,222870000.0,250730000.0,57.0,0.125,3.3,No,Direct Outreach
P0104,C-A-Client-08,A-Client-08,Agriculture,Digital Transformation,2023-03-15,2023-08-15,2023-08-15,Completed,Medium,5,2,3,23310000.0,23310000.0,0.0,0.0,4.3,Yes,Direct Outreach
P1147,C-PS-Client-09,PS-Client-09,Public Sector,Political Risk Management,2023-03-15,2023-06-15,2023-06-17,Completed,Low,3,1,2,9370000.0,9530000.0,2.0,0.017,4.3,Yes,Competitive Tender
P0940,C-FAI-Client-03,FAI-Client-03,Finance and Insurance,Digital Transformation,2023-03-16,2023-06-16,2023-06-16,Completed,Low,2,1,1,7430000.0,7430000.0,0.0,0.0,4.0,No,Referral
P1497,C-TAI-Client-02,TAI-Client-02,Technology and Innovation,Stakeholder Engagement,2023-03-18,2023-06-18,2023-07-14,Completed,Medium,5,2,3,20940000.0,24270000.0,26.0,0.159,3.8,Yes,Repeat Client
P0690,C-E-Client-05,E-Client-05,Energy,Market & Social Research,2023-03-19,2023-05-19,2023-07-07,Completed,Medium,4,1,3,15030000.0,21820000.0,49.0,0.452,2.7,No,Repeat Client
P0942,C-FAI-Client-07,FAI-Client-07,Finance and Insurance,Political Risk Management,2023-03-20,2023-07-20,2023-07-20,Completed,Medium,8,4,4,52290000.0,52290000.0,0.0,0.0,4.6,No,Referral
P0943,C-FAI-Client-05,FAI-Client-05,Finance and Insurance,Political Risk Management,2023-03-20,2023-06-20,2023-06-23,Completed,Low,2,1,1,10110000.0,10480000.0,3.0,0.037,4.8,No,Repeat Client
P1149,C-PS-Client-07,PS-Client-07,Public Sector,Stakeholder Engagement,2023-03-20,2023-05-20,2023-05-21,Completed,Low,4,1,3,7870000.0,8030000.0,1.0,0.02,4.0,Yes,Direct Outreach
P1277,C-CEAT-Client-06,CEAT-Client-06,Creative Economy and Tourism,Strategic Planning,2023-03-21,2023-11-21,2023-12-10,Completed,High,9,4,5,97060000.0,102590000.0,19.0,0.057,3.5,Yes,Repeat Client
P0689,C-E-Client-02,E-Client-02,Energy,Strategic Planning,2023-03-22,2023-06-22,2023-06-26,Completed,Medium,7,3,4,31260000.0,32230000.0,4.0,0.031,3.6,No,Competitive Tender
P1276,C-CEAT-Client-07,CEAT-Client-07,Creative Economy and Tourism,Market & Social Research,2023-03-23,2023-06-23,2023-07-26,Completed,Low,2,1,1,4280000.0,5680000.0,33.0,0.328,3.2,No,Competitive Tender
P0939,C-FAI-Client-07,FAI-Client-07,Finance and Insurance,Stakeholder Engagement,2023-03-24,2023-07-24,2023-07-25,Completed,High,15,6,9,154190000.0,155120000.0,1.0,0.006,3.9,Yes,Repeat Client
P1499,C-TAI-Client-04,TAI-Client-04,Technology and Innovation,Data Visualization & Analytics,2023-03-25,2023-06-25,2023-06-27,Completed,Low,4,1,3,14690000.0,14980000.0,2.0,0.02,4.7,Yes,Repeat Client
P0316,C-CACM-Client-02,CACM-Client-02,Climate and Carbon Markets,Stakeholder Engagement,2023-03-25,2023-04-25,2023-04-26,Completed,Low,2,1,1,2320000.0,2400000.0,1.0,0.035,4.0,Yes,Repeat Client
P1275,C-CEAT-Client-05,CEAT-Client-05,Creative Economy and Tourism,Digital Transformation,2023-03-26,2023-06-26,2023-09-09,Completed,Medium,5,1,4,16660000.0,24490000.0,75.0,0.47,1.4,No,Repeat Client
P1496,C-TAI-Client-07,TAI-Client-07,Technology and Innovation,Strategic Planning,2023-03-27,2023-05-27,2023-05-30,Completed,Low,3,1,2,6760000.0,7010000.0,3.0,0.037,4.0,Yes,Repeat Client
P0941,C-FAI-Client-07,FAI-Client-07,Finance and Insurance,Digital Transformation,2023-03-27,2023-04-27,2023-06-11,Completed,Low,2,1,1,3340000.0,5230000.0,45.0,0.567,2.4,No,Referral
P0102,C-A-Client-05,A-Client-05,Agriculture,Market & Social Research,2023-03-27,2023-04-27,2023-04-29,Completed,Low,3,1,2,2340000.0,2430000.0,2.0,0.038,4.2,No,Competitive Tender
P0315,C-CACM-Client-04,CACM-Client-04,Climate and Carbon Markets,Data Visualization & Analytics,2023-03-28,2023-07-28,2023-10-23,Completed,Medium,6,2,4,32310000.0,47690000.0,87.0,0.476,1.5,No,Repeat Client
P1500,C-TAI-Client-03,TAI-Client-03,Technology and Innovation,Digital Transformation,2023-04-02,2023-07-02,2023-07-03,Completed,Medium,4,1,3,20150000.0,20390000.0,1.0,0.012,4.4,Yes,Referral
P1505,C-TAI-Client-03,TAI-Client-03,Technology and Innovation,Strategic Planning,2023-04-02,2023-07-02,2023-07-06,Completed,Low,2,1,1,7270000.0,7500000.0,4.0,0.031,3.9,No,Repeat Client
P0320,C-CACM-Client-08,CACM-Client-08,Climate and Carbon Markets,Stakeholder Engagement,2023-04-03,2023-07-03,2023-07-04,Completed,Medium,7,3,4,32860000.0,33290000.0,1.0,0.013,4.6,Yes,Repeat Client
P0695,C-E-Client-03,E-Client-03,Energy,Stakeholder Engagement,2023-04-03,2023-07-03,2023-07-23,Completed,Low,2,1,1,8210000.0,9800000.0,20.0,0.194,3.8,Yes,Repeat Client
P1503,C-TAI-Client-06,TAI-Client-06,Technology and Innovation,Stakeholder Engagement,2023-04-07,2023-09-07,2023-09-11,Completed,Medium,6,1,5,49930000.0,51080000.0,4.0,0.023,3.9,No,Competitive Tender
P1508,C-TAI-Client-06,TAI-Client-06,Technology and Innovation,Market & Social Research,2023-04-07,2023-07-07,2023-07-08,Completed,Low,4,2,2,14760000.0,14920000.0,1.0,0.011,4.0,Yes,Repeat Client
P1151,C-PS-Client-05,PS-Client-05,Public Sector,Data Visualization & Analytics,2023-04-08,2023-06-08,2023-06-09,Completed,Medium,7,3,4,15690000.0,15880000.0,1.0,0.012,4.1,No,Repeat Client
P0319,C-CACM-Client-03,CACM-Client-03,Climate and Carbon Markets,Digital Transformation,2023-04-09,2023-07-09,2023-07-11,Completed,Medium,5,2,3,25750000.0,26420000.0,2.0,0.026,4.1,Yes,Competitive Tender
P0944,C-FAI-Client-03,FAI-Client-03,Finance and Insurance,Market & Social Research,2023-04-11,2023-06-11,2023-06-15,Completed,Low,3,1,2,8630000.0,9270000.0,4.0,0.074,3.9,No,Repeat Client
P0696,C-E-Client-02,E-Client-02,Energy,Data Visualization & Analytics,2023-04-11,2023-09-11,2023-09-12,Completed,Medium,8,2,6,60890000.0,61190000.0,1.0,0.005,4.4,Yes,Repeat Client
P0945,C-FAI-Client-05,FAI-Client-05,Finance and Insurance,Digital Transformation,2023-04-14,2023-12-14,2023-12-16,Completed,High,15,4,11,259130000.0,261200000.0,2.0,0.008,5.0,Yes,Repeat Client
P1152,C-PS-Client-05,PS-Client-05,Public Sector,Strategic Planning,2023-04-14,2023-10-14,2023-12-11,Completed,High,9,2,7,68080000.0,78770000.0,58.0,0.157,3.1,No,Referral
P1280,C-CEAT-Client-08,CEAT-Client-08,Creative Economy and Tourism,Digital Transformation,2023-04-14,2023-09-14,2023-09-14,Completed,Medium,6,3,3,31800000.0,31800000.0,0.0,0.0,4.3,Yes,Direct Outreach
P1506,C-TAI-Client-02,TAI-Client-02,Technology and Innovation,Market & Social Research,2023-04-16,2023-07-16,2023-07-19,Completed,Low,2,1,1,5990000.0,6240000.0,3.0,0.041,3.5,No,Repeat Client
P0317,C-CACM-Client-06,CACM-Client-06,Climate and Carbon Markets,Digital Transformation,2023-04-17,2023-05-17,2023-05-17,Completed,Low,3,1,2,3590000.0,3590000.0,0.0,0.0,4.4,Yes,Referral
P0946,C-FAI-Client-09,FAI-Client-09,Finance and Insurance,Digital Transformation,2023-04-18,2023-06-18,2023-06-21,Completed,Low,4,1,3,10090000.0,10620000.0,3.0,0.053,3.3,No,Competitive Tender
P1278,C-CEAT-Client-03,CEAT-Client-03,Creative Economy and Tourism,Data Visualization & Analytics,2023-04-18,2023-12-18,2024-03-17,Completed,High,8,2,6,88250000.0,115520000.0,90.0,0.309,2.6,No,Referral
P0694,C-E-Client-02,E-Client-02,Energy,Data Visualization & Analytics,2023-04-20,2023-07-20,2023-07-22,Completed,Medium,6,2,4,29850000.0,30480000.0,2.0,0.021,3.9,No,Repeat Client
P1150,C-PS-Client-08,PS-Client-08,Public Sector,Stakeholder Engagement,2023-04-21,2023-08-21,2023-09-17,Completed,Medium,6,3,3,31710000.0,35770000.0,27.0,0.128,3.5,No,Repeat Client
P0692,C-E-Client-07,E-Client-07,Energy,Political Risk Management,2023-04-21,2024-01-21,2024-05-04,Completed,High,15,4,11,272590000.0,346460000.0,104.0,0.271,2.5,No,Referral
P1502,C-TAI-Client-06,TAI-Client-06,Technology and Innovation,Data Visualization & Analytics,2023-04-22,2023-05-22,2023-05-23,Completed,Low,2,1,1,2530000.0,2600000.0,1.0,0.028,4.4,Yes,Referral
P0693,C-E-Client-09,E-Client-09,Energy,Stakeholder Engagement,2023-04-23,2023-06-23,2023-06-24,Completed,Low,2,1,1,5670000.0,5770000.0,1.0,0.018,4.5,Yes,Repeat Client
P1507,C-TAI-Client-06,TAI-Client-06,Technology and Innovation,Political Risk Management,2023-04-24,2023-06-24,2023-06-24,Completed,Low,4,1,3,8400000.0,8400000.0,0.0,0.0,4.2,No,Repeat Client
P1509,C-TAI-Client-04,TAI-Client-04,Technology and Innovation,Strategic Planning,2023-04-25,2023-05-25,2023-05-29,Completed,Low,3,1,2,3480000.0,3880000.0,4.0,0.116,4.0,Yes,Referral
P1504,C-TAI-Client-02,TAI-Client-02,Technology and Innovation,Digital Transformation,2023-04-26,2023-06-26,2023-06-26,Completed,Low,2,1,1,4200000.0,4200000.0,0.0,0.0,4.6,No,Referral
P0318,C-CACM-Client-02,CACM-Client-02,Climate and Carbon Markets,Market & Social Research,2023-04-27,2023-07-27,2023-07-27,Completed,Medium,5,1,4,23200000.0,23200000.0,0.0,0.0,3.9,No,Repeat Client
P1279,C-CEAT-Client-01,CEAT-Client-01,Creative Economy and Tourism,Data Visualization & Analytics,2023-04-27,2023-05-27,2023-05-31,Completed,Low,4,1,3,2720000.0,2930000.0,4.0,0.077,4.4,No,Repeat Client
P0106,C-A-Client-04,A-Client-04,Agriculture,Market & Social Research,2023-04-27,2023-07-27,2023-07-31,Completed,Medium,6,3,3,20770000.0,21560000.0,4.0,0.038,4.3,No,Repeat Client
P1501,C-TAI-Client-03,TAI-Client-03,Technology and Innovation,Market & Social Research,2023-04-28,2023-09-28,2023-09-30,Completed,Medium,7,2,5,53850000.0,54550000.0,2.0,0.013,4.6,Yes,Repeat Client
P0700,C-E-Client-03,E-Client-03,Energy,Political Risk Management,2023-05-01,2023-08-01,2023-08-22,Completed,Medium,4,1,3,22990000.0,26940000.0,21.0,0.172,4.2,Yes,Repeat Client
P1153,C-PS-Client-06,PS-Client-06,Public Sector,Data Visualization & Analytics,2023-05-01,2023-08-01,,Cancelled,Low,2,1,1,6280000.0,6590000.0,,,,N/A,Repeat Client
P0324,C-CACM-Client-02,CACM-Client-02,Climate and Carbon Markets,Data Visualization & Analytics,2023-05-02,2023-11-02,2023-11-05,Completed,High,15,4,11,160270000.0,162990000.0,3.0,0.017,4.5,Yes,Repeat Client
P0950,C-FAI-Client-08,FAI-Client-08,Finance and Insurance,Stakeholder Engagement,2023-05-04,2023-09-04,2023-09-07,Completed,Medium,8,4,4,53520000.0,55020000.0,3.0,0.028,4.2,Yes,Repeat Client
P1282,C-CEAT-Client-05,CEAT-Client-05,Creative Economy and Tourism,Stakeholder Engagement,2023-05-05,2023-06-05,2023-06-16,Completed,Low,2,1,1,1500000.0,1980000.0,11.0,0.319,3.5,No,Repeat Client
P1516,C-TAI-Client-08,TAI-Client-08,Technology and Innovation,Political Risk Management,2023-05-05,2023-07-05,2023-07-08,Completed,Medium,7,3,4,17290000.0,18220000.0,3.0,0.054,4.0,No,Repeat Client
P1515,C-TAI-Client-01,TAI-Client-01,Technology and Innovation,Data Visualization & Analytics,2023-05-05,2023-07-05,2023-08-05,Completed,Medium,8,4,4,22320000.0,27120000.0,31.0,0.215,3.8,No,Competitive Tender
P0107,C-A-Client-04,A-Client-04,Agriculture,Political Risk Management,2023-05-05,2023-09-05,2023-11-29,Completed,High,7,2,5,36690000.0,50050000.0,85.0,0.364,2.2,No,Direct Outreach
P1517,C-TAI-Client-05,TAI-Client-05,Technology and Innovation,Stakeholder Engagement,2023-05-06,2023-09-06,2023-09-10,Completed,Medium,5,2,3,26310000.0,26940000.0,4.0,0.024,4.3,Yes,Referral
P0947,C-FAI-Client-05,FAI-Client-05,Finance and Insurance,Digital Transformation,2023-05-07,2023-08-07,2023-10-30,Completed,Medium,5,1,4,22830000.0,34980000.0,84.0,0.532,1.8,No,Competitive Tender
P1514,C-TAI-Client-04,TAI-Client-04,Technology and Innovation,Data Visualization & Analytics,2023-05-07,2023-09-07,2023-09-07,Completed,Medium,6,1,5,40730000.0,40730000.0,0.0,0.0,4.1,No,Referral
P0698,C-E-Client-02,E-Client-02,Energy,Political Risk Management,2023-05-08,2023-07-08,2023-07-09,Completed,Medium,7,2,5,21570000.0,22000000.0,1.0,0.02,3.7,No,Repeat Client
P1511,C-TAI-Client-08,TAI-Client-08,Technology and Innovation,Strategic Planning,2023-05-08,2023-07-08,2023-07-10,Completed,Medium,7,3,4,17100000.0,17680000.0,2.0,0.034,3.9,Yes,Repeat Client
P0110,C-A-Client-02,A-Client-02,Agriculture,Political Risk Management,2023-05-08,2023-08-08,2023-10-11,Completed,Medium,4,2,2,13030000.0,17920000.0,64.0,0.375,2.4,No,Repeat Client
P1510,C-TAI-Client-04,TAI-Client-04,Technology and Innovation,Political Risk Management,2023-05-08,2024-02-08,2024-04-07,Completed,High,13,6,7,218620000.0,260380000.0,59.0,0.191,3.3,No,Repeat Client
P1155,C-PS-Client-05,PS-Client-05,Public Sector,Stakeholder Engagement,2023-05-10,2023-07-10,2023-07-10,Completed,Medium,7,2,5,19820000.0,19820000.0,0.0,0.0,3.9,No,Repeat Client
P0322,C-CACM-Client-02,CACM-Client-02,Climate and Carbon Markets,Political Risk Management,2023-05-11,2023-06-11,2023-06-15,Completed,Low,3,1,2,3460000.0,3980000.0,4.0,0.15,3.5,Yes,Competitive Tender
P0948,C-FAI-Client-03,FAI-Client-03,Finance and Insurance,Stakeholder Engagement,2023-05-12,2023-08-12,2023-08-12,Completed,Low,2,1,1,7940000.0,7940000.0,0.0,0.0,4.4,Yes,Repeat Client
P1513,C-TAI-Client-08,TAI-Client-08,Technology and Innovation,Digital Transformation,2023-05-13,2023-07-13,2023-07-17,Completed,Low,2,1,1,5170000.0,5480000.0,4.0,0.06,3.8,No,Repeat Client
P1512,C-TAI-Client-08,TAI-Client-08,Technology and Innovation,Market & Social Research,2023-05-14,2023-06-14,2023-06-17,Completed,Low,2,1,1,2760000.0,3010000.0,3.0,0.089,4.0,No,Direct Outreach
P0323,C-CACM-Client-05,CACM-Client-05,Climate and Carbon Markets,Stakeholder Engagement,2023-05-15,2023-08-15,2023-08-19,Completed,Low,3,1,2,11100000.0,11640000.0,4.0,0.049,3.7,Yes,Repeat Client
P0325,C-CACM-Client-01,CACM-Client-01,Climate and Carbon Markets,Data Visualization & Analytics,2023-05-15,2023-10-15,2023-10-15,Completed,Medium,4,1,3,27190000.0,27190000.0,0.0,0.0,4.4,Yes,Repeat Client
P1154,C-PS-Client-08,PS-Client-08,Public Sector,Political Risk Management,2023-05-16,2023-08-16,2023-08-20,Completed,Low,2,1,1,5710000.0,5890000.0,4.0,0.032,4.2,No,Direct Outreach
P0949,C-FAI-Client-06,FAI-Client-06,Finance and Insurance,Digital Transformation,2023-05-18,2023-08-18,2023-08-19,Completed,Low,4,1,3,20370000.0,20590000.0,1.0,0.011,4.3,No,Competitive Tender
P0951,C-FAI-Client-09,FAI-Client-09,Finance and Insurance,Data Visualization & Analytics,2023-05-19,2024-02-19,2024-02-20,Completed,High,13,4,9,288310000.0,289460000.0,1.0,0.004,3.7,No,Referral
P0109,C-A-Client-08,A-Client-08,Agriculture,Political Risk Management,2023-05-19,2023-10-19,2023-10-22,Completed,High,13,6,7,95250000.0,96580000.0,3.0,0.014,4.2,No,Competitive Tender
P1283,C-CEAT-Client-04,CEAT-Client-04,Creative Economy and Tourism,Market & Social Research,2023-05-19,2024-01-19,2024-02-13,Completed,High,10,3,7,79410000.0,84330000.0,25.0,0.062,3.7,No,Repeat Client
P0108,C-A-Client-07,A-Client-07,Agriculture,Digital Transformation,2023-05-20,2023-07-20,2023-09-20,Completed,Medium,7,3,4,13890000.0,19950000.0,62.0,0.436,2.7,No,Repeat Client
P0699,C-E-Client-03,E-Client-03,Energy,Strategic Planning,2023-05-20,2023-07-20,2023-10-07,Completed,Medium,6,2,4,19250000.0,29740000.0,79.0,0.545,1.5,No,Competitive Tender
P0697,C-E-Client-04,E-Client-04,Energy,Strategic Planning,2023-05-23,2023-07-23,2023-07-24,Completed,Low,4,2,2,9670000.0,9830000.0,1.0,0.017,3.9,No,Repeat Client
P0321,C-CACM-Client-06,CACM-Client-06,Climate and Carbon Markets,Digital Transformation,2023-05-25,2023-10-25,2023-12-18,Completed,Medium,8,3,5,62920000.0,77270000.0,54.0,0.228,3.2,Yes,Referral
P1281,C-CEAT-Client-04,CEAT-Client-04,Creative Economy and Tourism,Strategic Planning,2023-05-27,2023-09-27,2023-09-29,Completed,Medium,5,2,3,22510000.0,22780000.0,2.0,0.012,4.4,No,Direct Outreach
P0953,C-FAI-Client-01,FAI-Client-01,Finance and Insurance,Digital Transformation,2023-06-01,2023-11-01,2023-11-04,Completed,Medium,5,2,3,51670000.0,52760000.0,3.0,0.021,4.2,No,Repeat Client
P0954,C-FAI-Client-03,FAI-Client-03,Finance and Insurance,Data Visualization & Analytics,2023-06-02,2023-07-02,2023-07-03,Completed,Low,3,1,2,4340000.0,4470000.0,1.0,0.029,5.0,No,Repeat Client
P1518,C-TAI-Client-03,TAI-Client-03,Technology and Innovation,Stakeholder Engagement,2023-06-06,2023-09-06,2023-09-10,Completed,Low,4,2,2,14800000.0,15390000.0,4.0,0.04,3.4,No,Competitive Tender
P0111,C-A-Client-08,A-Client-08,Agriculture,Strategic Planning,2023-06-08,2023-07-08,2023-07-11,Completed,Low,4,1,3,3580000.0,3970000.0,3.0,0.109,4.0,Yes,Referral
P1288,C-CEAT-Client-01,CEAT-Client-01,Creative Economy and Tourism,Data Visualization & Analytics,2023-06-08,2023-08-08,,Cancelled,Medium,7,2,5,12240000.0,16700000.0,,,,N/A,Repeat Client
P0704,C-E-Client-08,E-Client-08,Energy,Stakeholder Engagement,2023-06-09,2023-08-09,2023-08-28,Completed,Medium,7,3,4,25100000.0,29670000.0,19.0,0.182,3.8,No,Repeat Client
P1521,C-TAI-Client-07,TAI-Client-07,Technology and Innovation,Digital Transformation,2023-06-09,2023-07-09,2023-08-02,Completed,Low,4,1,3,4510000.0,7030000.0,24.0,0.559,3.6,Yes,Repeat Client
P0703,C-E-Client-09,E-Client-09,Energy,Strategic Planning,2023-06-11,2023-08-11,2023-08-13,Completed,Low,3,1,2,7130000.0,7390000.0,2.0,0.036,4.3,No,Repeat Client
P0705,C-E-Client-10,E-Client-10,Energy,Market & Social Research,2023-06-12,2023-07-12,2023-08-15,Completed,Low,3,1,2,4050000.0,6480000.0,34.0,0.6,2.7,Yes,Repeat Client
P0701,C-E-Client-06,E-Client-06,Energy,Market & Social Research,2023-06-12,2023-10-12,2023-10-13,Completed,Medium,5,2,3,29290000.0,29550000.0,1.0,0.009,4.0,No,Repeat Client
P0332,C-CACM-Client-03,CACM-Client-03,Climate and Carbon Markets,Data Visualization & Analytics,2023-06-15,2023-08-15,2023-08-16,Completed,Low,4,1,3,8900000.0,9070000.0,1.0,0.019,4.8,Yes,Repeat Client
P0330,C-CACM-Client-02,CACM-Client-02,Climate and Carbon Markets,Stakeholder Engagement,2023-06-15,2023-07-15,2023-07-19,Completed,Low,3,1,2,3270000.0,3570000.0,4.0,0.092,4.5,No,Direct Outreach
P1287,C-CEAT-Client-03,CEAT-Client-03,Creative Economy and Tourism,Market & Social Research,2023-06-16,2023-08-16,2023-08-18,Completed,Low,2,1,1,3490000.0,3570000.0,2.0,0.022,4.1,Yes,Repeat Client
P1520,C-TAI-Client-08,TAI-Client-08,Technology and Innovation,Political Risk Management,2023-06-16,2023-07-16,2023-07-18,Completed,Low,4,2,2,5040000.0,5340000.0,2.0,0.059,4.1,No,Repeat Client
P1286,C-CEAT-Client-03,CEAT-Client-03,Creative Economy and Tourism,Political Risk Management,2023-06-16,2024-03-16,2024-04-23,Completed,High,12,3,9,143730000.0,161700000.0,38.0,0.125,4.0,No,Repeat Client
P0112,C-A-Client-08,A-Client-08,Agriculture,Market & Social Research,2023-06-18,2023-09-18,2023-11-06,Completed,Medium,4,1,3,12040000.0,16420000.0,49.0,0.364,2.7,No,Direct Outreach
P1519,C-TAI-Client-07,TAI-Client-07,Technology and Innovation,Stakeholder Engagement,2023-06-18,2023-09-18,2023-09-20,Completed,Medium,4,1,3,16230000.0,16470000.0,2.0,0.015,4.7,Yes,Repeat Client
P0327,C-CACM-Client-01,CACM-Client-01,Climate and Carbon Markets,Political Risk Management,2023-06-20,2023-11-20,2023-11-22,Completed,Medium,7,2,5,47070000.0,47820000.0,2.0,0.016,4.2,Yes,Repeat Client
P0329,C-CACM-Client-03,CACM-Client-03,Climate and Carbon Markets,Strategic Planning,2023-06-20,2023-11-20,2023-11-22,Completed,Medium,8,2,6,69470000.0,70580000.0,2.0,0.016,4.3,No,Repeat Client
P0114,C-A-Client-07,A-Client-07,Agriculture,Stakeholder Engagement,2023-06-20,2024-03-20,2024-03-23,Completed,High,15,4,11,161550000.0,162680000.0,3.0,0.007,4.3,No,Repeat Client
P0331,C-CACM-Client-04,CACM-Client-04,Climate and Carbon Markets,Digital Transformation,2023-06-21,2023-07-21,2023-07-22,Completed,Low,2,1,1,3000000.0,3080000.0,1.0,0.026,4.5,No,Competitive Tender
P1284,C-CEAT-Client-02,CEAT-Client-02,Creative Economy and Tourism,Digital Transformation,2023-06-22,2023-07-22,2023-07-23,Completed,Low,3,1,2,2390000.0,2470000.0,1.0,0.033,3.8,No,Competitive Tender
P0702,C-E-Client-02,E-Client-02,Energy,Strategic Planning,2023-06-24,2023-08-24,2023-08-25,Completed,Low,4,1,3,11420000.0,11610000.0,1.0,0.017,4.7,Yes,Direct Outreach
P1285,C-CEAT-Client-09,CEAT-Client-09,Creative Economy and Tourism,Stakeholder Engagement,2023-06-25,2024-01-25,,Cancelled,High,9,4,5,69260000.0,82350000.0,,,,N/A,Competitive Tender
P0113,C-A-Client-06,A-Client-06,Agriculture,Political Risk Management,2023-06-26,2023-11-26,2024-01-06,Completed,Medium,8,2,6,41750000.0,47970000.0,41.0,0.149,3.5,No,Repeat Client
P0328,C-CACM-Client-04,CACM-Client-04,Climate and Carbon Markets,Data Visualization & Analytics,2023-06-26,2023-09-26,2023-09-26,Completed,Low,4,2,2,13530000.0,13530000.0,0.0,0.0,4.2,Yes,Referral
P0326,C-CACM-Client-02,CACM-Client-02,Climate and Carbon Markets,Stakeholder Engagement,2023-06-27,2023-08-27,2023-08-28,Completed,Low,2,1,1,4620000.0,4690000.0,1.0,0.016,4.2,No,Repeat Client
P0952,C-FAI-Client-09,FAI-Client-09,Finance and Insurance,Strategic Planning,2023-06-28,2024-01-28,2024-04-29,Completed,High,7,2,5,121060000.0,149750000.0,92.0,0.237,2.9,Yes,Direct Outreach
P1524,C-TAI-Client-01,TAI-Client-01,Technology and Innovation,Political Risk Management,2023-07-01,2023-09-01,2023-09-03,Completed,Low,2,1,1,4450000.0,4590000.0,2.0,0.032,4.1,No,Repeat Client
P0709,C-E-Client-07,E-Client-07,Energy,Market & Social Research,2023-07-02,2023-12-02,2023-12-05,Completed,Medium,6,2,4,44150000.0,45210000.0,3.0,0.024,4.3,No,Repeat Client
P0335,C-CACM-Client-05,CACM-Client-05,Climate and Carbon Markets,Digital Transformation,2023-07-04,2023-12-04,2023-12-07,Completed,Medium,6,3,3,54450000.0,55270000.0,3.0,0.015,4.0,No,Direct Outreach
P0710,C-E-Client-07,E-Client-07,Energy,Market & Social Research,2023-07-06,2023-08-06,2023-08-06,Completed,Low,4,1,3,6590000.0,6590000.0,0.0,0.0,4.7,Yes,Repeat Client
P1290,C-CEAT-Client-06,CEAT-Client-06,Creative Economy and Tourism,Political Risk Management,2023-07-06,2024-02-06,2024-02-06,Completed,High,14,4,10,130420000.0,130420000.0,0.0,0.0,4.2,Yes,Repeat Client
P1156,C-PS-Client-06,PS-Client-06,Public Sector,Market & Social Research,2023-07-08,2023-08-08,2023-08-08,Completed,Low,4,2,2,3600000.0,3600000.0,0.0,0.0,4.9,No,Repeat Client
P1291,C-CEAT-Client-01,CEAT-Client-01,Creative Economy and Tourism,Stakeholder Engagement,2023-07-08,2023-12-08,2023-12-08,Completed,Medium,7,3,4,29980000.0,29980000.0,0.0,0.0,4.1,No,Repeat Client
P0711,C-E-Client-06,E-Client-06,Energy,Data Visualization & Analytics,2023-07-11,2023-10-11,2024-01-01,Completed,Medium,7,2,5,32600000.0,46260000.0,82.0,0.419,1.9,No,Repeat Client
P0119,C-A-Client-03,A-Client-03,Agriculture,Market & Social Research,2023-07-11,2023-09-11,2023-09-12,Completed,Medium,5,2,3,12480000.0,12690000.0,1.0,0.017,4.6,Yes,Direct Outreach
P0706,C-E-Client-02,E-Client-02,Energy,Stakeholder Engagement,2023-07-12,2023-10-12,2023-10-16,Completed,Medium,6,2,4,27700000.0,29000000.0,4.0,0.047,4.3,No,Repeat Client
P0957,C-FAI-Client-09,FAI-Client-09,Finance and Insurance,Market & Social Research,2023-07-12,2023-09-12,2023-09-13,Completed,Low,2,1,1,6880000.0,7020000.0,1.0,0.021,4.3,No,Repeat Client
P0333,C-CACM-Client-07,CACM-Client-07,Climate and Carbon Markets,Data Visualization & Analytics,2023-07-12,2023-09-12,2023-09-14,Completed,Low,3,1,2,6910000.0,7080000.0,2.0,0.025,4.6,No,Direct Outreach
P1289,C-CEAT-Client-04,CEAT-Client-04,Creative Economy and Tourism,Strategic Planning,2023-07-14,2023-12-14,2023-12-17,Completed,High,10,3,7,67030000.0,68710000.0,3.0,0.025,4.8,No,Repeat Client
P0115,C-A-Client-08,A-Client-08,Agriculture,Data Visualization & Analytics,2023-07-15,2023-12-15,2023-12-17,Completed,High,14,5,9,105410000.0,106990000.0,2.0,0.015,4.0,Yes,Repeat Client
P0117,C-A-Client-08,A-Client-08,Agriculture,Strategic Planning,2023-07-16,2023-10-16,2023-10-16,Completed,Medium,6,2,4,23300000.0,23300000.0,0.0,0.0,5.0,Yes,Direct Outreach
P0708,C-E-Client-01,E-Client-01,Energy,Market & Social Research,2023-07-17,2023-08-17,2023-08-20,Completed,Low,2,1,1,2900000.0,3180000.0,3.0,0.097,4.7,Yes,Referral
P1523,C-TAI-Client-03,TAI-Client-03,Technology and Innovation,Stakeholder Engagement,2023-07-19,2023-08-19,2023-08-22,Completed,Low,4,2,2,5240000.0,5640000.0,3.0,0.076,4.3,No,Referral
P0334,C-CACM-Client-02,CACM-Client-02,Climate and Carbon Markets,Data Visualization & Analytics,2023-07-22,2023-09-22,2023-10-02,Completed,Medium,6,3,3,21270000.0,23550000.0,10.0,0.107,4.2,Yes,Competitive Tender
P0707,C-E-Client-04,E-Client-04,Energy,Digital Transformation,2023-07-22,2024-04-22,2024-06-16,Completed,High,8,4,4,129050000.0,150470000.0,55.0,0.166,3.0,No,Competitive Tender
P0955,C-FAI-Client-01,FAI-Client-01,Finance and Insurance,Digital Transformation,2023-07-22,2024-01-22,2024-01-22,Completed,High,9,4,5,105950000.0,105950000.0,0.0,0.0,4.2,No,Repeat Client
P0118,C-A-Client-05,A-Client-05,Agriculture,Data Visualization & Analytics,2023-07-23,2023-09-23,2023-09-25,Completed,Low,2,1,1,4080000.0,4190000.0,2.0,0.027,4.3,Yes,Referral
P1292,C-CEAT-Client-07,CEAT-Client-07,Creative Economy and Tourism,Stakeholder Engagement,2023-07-24,2023-12-24,2023-12-25,Completed,Medium,6,2,4,24680000.0,24830000.0,1.0,0.006,4.1,No,Repeat Client
P0116,C-A-Client-05,A-Client-05,Agriculture,Stakeholder Engagement,2023-07-25,2023-08-25,2023-08-26,Completed,Low,4,1,3,4080000.0,4170000.0,1.0,0.023,4.2,No,Repeat Client
P0956,C-FAI-Client-09,FAI-Client-09,Finance and Insurance,Strategic Planning,2023-07-26,2023-09-26,2023-09-30,Completed,Low,2,1,1,6400000.0,6740000.0,4.0,0.053,4.0,No,Repeat Client
P0712,C-E-Client-06,E-Client-06,Energy,Strategic Planning,2023-07-27,2023-08-27,2023-08-29,Completed,Low,4,2,2,6540000.0,6830000.0,2.0,0.044,4.9,No,Repeat Client
P1522,C-TAI-Client-06,TAI-Client-06,Technology and Innovation,Political Risk Management,2023-07-28,2023-12-28,2024-01-01,Completed,High,10,4,6,82210000.0,84590000.0,4.0,0.029,4.4,No,Repeat Client
P0122,C-A-Client-07,A-Client-07,Agriculture,Stakeholder Engagement,2023-08-02,2023-09-02,2023-09-16,Completed,Low,3,1,2,2690000.0,3520000.0,14.0,0.307,3.3,No,Repeat Client
P0337,C-CACM-Client-05,CACM-Client-05,Climate and Carbon Markets,Digital Transformation,2023-08-03,2023-11-03,2023-11-07,Completed,Medium,6,3,3,32140000.0,33330000.0,4.0,0.037,4.1,No,Referral
P0717,C-E-Client-10,E-Client-10,Energy,Market & Social Research,2023-08-10,2024-04-10,2024-04-13,Completed,High,11,2,9,158640000.0,160540000.0,3.0,0.012,4.4,No,Direct Outreach
P1529,C-TAI-Client-01,TAI-Client-01,Technology and Innovation,Political Risk Management,2023-08-10,2023-11-10,2023-12-31,Completed,Medium,4,2,2,19590000.0,28010000.0,51.0,0.43,2.4,No,Direct Outreach
P1298,C-CEAT-Client-08,CEAT-Client-08,Creative Economy and Tourism,Market & Social Research,2023-08-13,2023-12-13,2023-12-13,Completed,Medium,6,3,3,26860000.0,26860000.0,0.0,0.0,4.7,No,Referral
P0120,C-A-Client-04,A-Client-04,Agriculture,Strategic Planning,2023-08-13,2024-05-13,2024-08-30,Completed,High,9,2,7,100830000.0,128260000.0,109.0,0.272,2.3,No,Direct Outreach
P1526,C-TAI-Client-02,TAI-Client-02,Technology and Innovation,Political Risk Management,2023-08-13,2023-10-13,2023-10-14,Completed,Low,4,1,3,11110000.0,11250000.0,1.0,0.013,5.0,Yes,Direct Outreach
P0121,C-A-Client-08,A-Client-08,Agriculture,Political Risk Management,2023-08-14,2023-10-14,2023-10-15,Completed,Low,3,1,2,4840000.0,4920000.0,1.0,0.017,4.6,No,Repeat Client
P1157,C-PS-Client-07,PS-Client-07,Public Sector,Market & Social Research,2023-08-14,2023-11-14,2023-11-14,Completed,Low,3,1,2,10500000.0,10500000.0,0.0,0.0,4.6,No,Repeat Client
P1299,C-CEAT-Client-01,CEAT-Client-01,Creative Economy and Tourism,Digital Transformation,2023-08-14,2023-10-14,2023-10-14,Completed,Low,4,1,3,6420000.0,6420000.0,0.0,0.0,4.2,No,Repeat Client
P1295,C-CEAT-Client-04,CEAT-Client-04,Creative Economy and Tourism,Stakeholder Engagement,2023-08-15,2023-10-15,2023-11-21,Completed,Low,2,1,1,3490000.0,4550000.0,37.0,0.304,2.6,No,Referral
P0718,C-E-Client-08,E-Client-08,Energy,Market & Social Research,2023-08-15,2023-12-15,2024-03-04,Completed,Medium,8,2,6,51790000.0,67950000.0,80.0,0.312,2.7,No,Competitive Tender
P0715,C-E-Client-06,E-Client-06,Energy,Strategic Planning,2023-08-15,2023-12-15,2023-12-18,Completed,Medium,6,2,4,43620000.0,44620000.0,3.0,0.023,4.5,Yes,Repeat Client
P1527,C-TAI-Client-01,TAI-Client-01,Technology and Innovation,Digital Transformation,2023-08-16,2023-09-16,2023-09-20,Completed,Low,2,1,1,2530000.0,2710000.0,4.0,0.073,4.1,No,Competitive Tender
P0713,C-E-Client-03,E-Client-03,Energy,Market & Social Research,2023-08-17,2023-11-17,2023-12-14,Completed,Low,2,1,1,8870000.0,10570000.0,27.0,0.192,3.6,Yes,Repeat Client
P1297,C-CEAT-Client-05,CEAT-Client-05,Creative Economy and Tourism,Political Risk Management,2023-08-17,2023-10-17,2023-10-17,Completed,Medium,5,2,3,10360000.0,10360000.0,0.0,0.0,4.2,Yes,Referral
P1296,C-CEAT-Client-09,CEAT-Client-09,Creative Economy and Tourism,Political Risk Management,2023-08-18,2024-01-18,2024-01-20,Completed,Medium,4,1,3,18560000.0,18760000.0,2.0,0.011,3.6,No,Repeat Client
P0339,C-CACM-Client-03,CACM-Client-03,Climate and Carbon Markets,Digital Transformation,2023-08-18,2024-01-18,2024-01-22,Completed,Medium,6,1,5,42880000.0,44170000.0,4.0,0.03,3.5,Yes,Referral
P0716,C-E-Client-06,E-Client-06,Energy,Market & Social Research,2023-08-18,2024-01-18,2024-01-20,Completed,Medium,4,2,2,39050000.0,39670000.0,2.0,0.016,5.0,No,Repeat Client
P1294,C-CEAT-Client-09,CEAT-Client-09,Creative Economy and Tourism,Strategic Planning,2023-08-21,2023-11-21,2023-11-21,Completed,Low,2,1,1,4620000.0,4620000.0,0.0,0.0,4.4,No,Repeat Client
P1530,C-TAI-Client-08,TAI-Client-08,Technology and Innovation,Stakeholder Engagement,2023-08-22,2023-12-22,2023-12-24,Completed,Medium,5,1,4,29440000.0,30030000.0,2.0,0.02,4.4,No,Referral
P0123,C-A-Client-07,A-Client-07,Agriculture,Political Risk Management,2023-08-23,2023-10-23,2023-12-30,Completed,Medium,8,3,5,15800000.0,24740000.0,68.0,0.566,2.5,No,Repeat Client
P0338,C-CACM-Client-02,CACM-Client-02,Climate and Carbon Markets,Data Visualization & Analytics,2023-08-23,2024-01-23,2024-03-20,Completed,Medium,5,1,4,46840000.0,61270000.0,57.0,0.308,2.9,No,Repeat Client
P0340,C-CACM-Client-02,CACM-Client-02,Climate and Carbon Markets,Digital Transformation,2023-08-23,2023-11-23,2023-11-24,Completed,Low,4,2,2,15570000.0,15740000.0,1.0,0.011,4.0,No,Repeat Client
P1525,C-TAI-Client-07,TAI-Client-07,Technology and Innovation,Stakeholder Engagement,2023-08-24,2024-04-24,2024-04-24,Completed,High,7,2,5,89850000.0,89850000.0,0.0,0.0,4.1,No,Referral
P0719,C-E-Client-01,E-Client-01,Energy,Political Risk Management,2023-08-24,2023-11-24,2023-11-27,Completed,Medium,5,2,3,24020000.0,24670000.0,3.0,0.027,4.4,Yes,Direct Outreach
P0958,C-FAI-Client-09,FAI-Client-09,Finance and Insurance,Digital Transformation,2023-08-24,2024-01-24,2024-03-18,Completed,Medium,5,2,3,42040000.0,50700000.0,54.0,0.206,3.0,No,Referral
P1293,C-CEAT-Client-09,CEAT-Client-09,Creative Economy and Tourism,Stakeholder Engagement,2023-08-24,2023-11-24,2023-11-28,Completed,Low,4,2,2,9050000.0,9310000.0,4.0,0.029,3.8,No,Referral
P1528,C-TAI-Client-03,TAI-Client-03,Technology and Innovation,Data Visualization & Analytics,2023-08-24,2023-10-24,2023-10-26,Completed,Low,2,1,1,5090000.0,5250000.0,2.0,0.032,4.7,Yes,Competitive Tender
P1531,C-TAI-Client-08,TAI-Client-08,Technology and Innovation,Political Risk Management,2023-08-24,2023-11-24,2023-11-25,Completed,Low,2,1,1,6490000.0,6560000.0,1.0,0.011,4.4,No,Repeat Client
P1532,C-TAI-Client-03,TAI-Client-03,Technology and Innovation,Data Visualization & Analytics,2023-08-25,2024-01-25,2024-01-28,Completed,High,13,5,8,127630000.0,130690000.0,3.0,0.024,4.7,Yes,Repeat Client
P0714,C-E-Client-07,E-Client-07,Energy,Strategic Planning,2023-08-26,2023-11-26,2023-11-28,Completed,Low,2,1,1,8550000.0,8670000.0,2.0,0.014,4.5,No,Repeat Client
P0336,C-CACM-Client-03,CACM-Client-03,Climate and Carbon Markets,Data Visualization & Analytics,2023-08-28,2023-11-28,2023-11-30,Completed,Low,4,2,2,15440000.0,15860000.0,2.0,0.027,3.8,No,Repeat Client
P0961,C-FAI-Client-04,FAI-Client-04,Finance and Insurance,Stakeholder Engagement,2023-09-01,2024-06-01,2024-06-26,Completed,High,11,4,7,193910000.0,210970000.0,25.0,0.088,4.0,No,Competitive Tender
P0720,C-E-Client-06,E-Client-06,Energy,Digital Transformation,2023-09-01,2023-10-01,2023-10-02,Completed,Low,4,1,3,5610000.0,5830000.0,1.0,0.04,4.2,No,Repeat Client
P0124,C-A-Client-07,A-Client-07,Agriculture,Political Risk Management,2023-09-01,2023-11-01,2023-11-12,Completed,Low,3,1,2,5560000.0,6350000.0,11.0,0.142,3.8,Yes,Direct Outreach
P1536,C-TAI-Client-01,TAI-Client-01,Technology and Innovation,Stakeholder Engagement,2023-09-03,2023-12-03,2023-12-03,Completed,Low,3,1,2,11050000.0,11050000.0,0.0,0.0,4.5,No,Repeat Client
P0344,C-CACM-Client-02,CACM-Client-02,Climate and Carbon Markets,Stakeholder Engagement,2023-09-05,2023-10-05,2023-10-08,Completed,Low,3,1,2,3840000.0,4140000.0,3.0,0.078,4.2,Yes,Competitive Tender
P1158,C-PS-Client-07,PS-Client-07,Public Sector,Political Risk Management,2023-09-06,2023-12-06,2023-12-09,Completed,Low,4,2,2,12710000.0,13210000.0,3.0,0.039,3.9,No,Repeat Client
P0723,C-E-Client-08,E-Client-08,Energy,Strategic Planning,2023-09-07,2023-12-07,2024-02-14,Completed,Medium,7,2,5,36170000.0,48900000.0,69.0,0.352,2.4,No,Referral
P1159,C-PS-Client-07,PS-Client-07,Public Sector,Digital Transformation,2023-09-08,2024-03-08,2024-05-26,Completed,High,8,3,5,80390000.0,97350000.0,79.0,0.211,3.1,No,Referral
P0126,C-A-Client-08,A-Client-08,Agriculture,Strategic Planning,2023-09-08,2024-01-08,2024-01-11,Completed,Medium,7,3,4,27530000.0,28030000.0,3.0,0.018,4.0,No,Repeat Client
P0959,C-FAI-Client-07,FAI-Client-07,Finance and Insurance,Political Risk Management,2023-09-10,2023-11-10,2023-11-11,Completed,Medium,7,2,5,28720000.0,29290000.0,1.0,0.02,3.7,No,Repeat Client
P0346,C-CACM-Client-07,CACM-Client-07,Climate and Carbon Markets,Market & Social Research,2023-09-11,2023-12-11,2023-12-12,Completed,Medium,8,2,6,38900000.0,39410000.0,1.0,0.013,4.2,No,Referral
P1538,C-TAI-Client-01,TAI-Client-01,Technology and Innovation,Data Visualization & Analytics,2023-09-12,2024-02-12,,Cancelled,Medium,8,3,5,66060000.0,66590000.0,,,,N/A,Referral
P0342,C-CACM-Client-04,CACM-Client-04,Climate and Carbon Markets,Data Visualization & Analytics,2023-09-12,2024-03-12,2024-03-12,Completed,High,9,2,7,123240000.0,123240000.0,0.0,0.0,3.5,Yes,Referral
P0127,C-A-Client-07,A-Client-07,Agriculture,Digital Transformation,2023-09-13,2023-11-13,2023-11-15,Completed,Low,4,2,2,8190000.0,8460000.0,2.0,0.033,4.9,Yes,Direct Outreach
P1535,C-TAI-Client-04,TAI-Client-04,Technology and Innovation,Digital Transformation,2023-09-14,2024-01-14,2024-02-19,Completed,Medium,8,4,4,45770000.0,52590000.0,36.0,0.149,3.3,No,Referral
P0125,C-A-Client-04,A-Client-04,Agriculture,Political Risk Management,2023-09-18,2023-12-18,2023-12-21,Completed,Low,4,2,2,12760000.0,13260000.0,3.0,0.039,3.5,No,Repeat Client
P1533,C-TAI-Client-02,TAI-Client-02,Technology and Innovation,Political Risk Management,2023-09-21,2024-02-21,2024-05-18,Completed,Medium,4,2,2,34550000.0,48440000.0,87.0,0.402,2.3,No,Referral
P0341,C-CACM-Client-06,CACM-Client-06,Climate and Carbon Markets,Strategic Planning,2023-09-22,2023-11-22,2023-11-23,Completed,Low,4,1,3,10540000.0,10740000.0,1.0,0.019,4.0,Yes,Competitive Tender
P1537,C-TAI-Client-02,TAI-Client-02,Technology and Innovation,Political Risk Management,2023-09-22,2023-11-22,2023-12-26,Completed,Low,2,1,1,5460000.0,7570000.0,34.0,0.387,3.0,No,Referral
P1534,C-TAI-Client-01,TAI-Client-01,Technology and Innovation,Data Visualization & Analytics,2023-09-23,2024-03-23,2024-03-27,Completed,High,15,7,8,186720000.0,191200000.0,4.0,0.024,4.5,No,Direct Outreach
P0345,C-CACM-Client-01,CACM-Client-01,Climate and Carbon Markets,Digital Transformation,2023-09-25,2023-12-25,2024-01-18,Completed,Low,4,1,3,16860000.0,19440000.0,24.0,0.153,3.2,No,Referral
P0343,C-CACM-Client-04,CACM-Client-04,Climate and Carbon Markets,Market & Social Research,2023-09-25,2024-02-25,2024-04-08,Completed,Medium,5,2,3,41350000.0,47640000.0,43.0,0.152,3.5,Yes,Referral
P0722,C-E-Client-05,E-Client-05,Energy,Strategic Planning,2023-09-25,2023-12-25,2023-12-29,Completed,Low,3,1,2,14200000.0,14650000.0,4.0,0.032,4.2,Yes,Repeat Client
P0960,C-FAI-Client-09,FAI-Client-09,Finance and Insurance,Strategic Planning,2023-09-26,2023-12-26,2023-12-30,Completed,Low,3,1,2,15670000.0,16310000.0,4.0,0.041,4.8,Yes,Repeat Client
P0721,C-E-Client-06,E-Client-06,Energy,Strategic Planning,2023-09-27,2023-12-27,2024-01-22,Completed,Low,2,1,1,9740000.0,12480000.0,26.0,0.281,3.4,No,Repeat Client
P0962,C-FAI-Client-06,FAI-Client-06,Finance and Insurance,Stakeholder Engagement,2023-09-28,2024-04-28,2024-04-29,Completed,High,10,5,5,133260000.0,133930000.0,1.0,0.005,4.5,Yes,Repeat Client
P0354,C-CACM-Client-06,CACM-Client-06,Climate and Carbon Markets,Stakeholder Engagement,2023-10-02,2024-07-02,2024-10-25,Completed,High,14,5,9,232730000.0,292770000.0,115.0,0.258,2.1,No,Referral
P0355,C-CACM-Client-02,CACM-Client-02,Climate and Carbon Markets,Market & Social Research,2023-10-04,2023-12-04,2024-02-17,Completed,Medium,6,3,3,21600000.0,34560000.0,75.0,0.6,1.2,No,Repeat Client
P0724,C-E-Client-01,E-Client-01,Energy,Market & Social Research,2023-10-05,2024-02-05,2024-04-04,Completed,Medium,4,1,3,31750000.0,38670000.0,59.0,0.218,3.4,No,Competitive Tender
P0347,C-CACM-Client-08,CACM-Client-08,Climate and Carbon Markets,Strategic Planning,2023-10-06,2024-03-06,2024-06-30,Completed,High,9,3,6,100620000.0,134630000.0,116.0,0.338,2.9,No,Repeat Client
P0964,C-FAI-Client-03,FAI-Client-03,Finance and Insurance,Market & Social Research,2023-10-06,2024-01-06,2024-01-08,Completed,Low,2,1,1,10390000.0,10630000.0,2.0,0.023,5.0,Yes,Competitive Tender
P0350,C-CACM-Client-04,CACM-Client-04,Climate and Carbon Markets,Data Visualization & Analytics,2023-10-08,2024-02-08,2024-02-09,Completed,Medium,7,2,5,52480000.0,52850000.0,1.0,0.007,4.2,Yes,Repeat Client
P0349,C-CACM-Client-04,CACM-Client-04,Climate and Carbon Markets,Stakeholder Engagement,2023-10-10,2024-01-10,2024-01-13,Completed,Low,3,1,2,13260000.0,13590000.0,3.0,0.025,4.2,No,Direct Outreach
P1544,C-TAI-Client-08,TAI-Client-08,Technology and Innovation,Stakeholder Engagement,2023-10-12,2024-02-12,2024-02-14,Completed,Medium,7,3,4,37810000.0,38340000.0,2.0,0.014,4.4,Yes,Repeat Client
P1539,C-TAI-Client-02,TAI-Client-02,Technology and Innovation,Stakeholder Engagement,2023-10-12,2023-11-12,2023-11-13,Completed,Low,4,1,3,4720000.0,4830000.0,1.0,0.024,4.3,No,Referral
P0348,C-CACM-Client-08,CACM-Client-08,Climate and Carbon Markets,Stakeholder Engagement,2023-10-14,2024-02-14,2024-05-12,Completed,Medium,5,1,4,27470000.0,42300000.0,88.0,0.54,1.0,No,Repeat Client
P1547,C-TAI-Client-07,TAI-Client-07,Technology and Innovation,Market & Social Research,2023-10-15,2023-11-15,2023-11-19,Completed,Low,2,1,1,2200000.0,2370000.0,4.0,0.077,4.1,No,Repeat Client
P1545,C-TAI-Client-05,TAI-Client-05,Technology and Innovation,Political Risk Management,2023-10-17,2023-12-17,2024-01-17,Completed,Medium,7,3,4,20530000.0,25030000.0,31.0,0.219,3.7,No,Direct Outreach
P1543,C-TAI-Client-01,TAI-Client-01,Technology and Innovation,Strategic Planning,2023-10-17,2024-03-17,2024-03-17,Completed,Medium,6,2,4,47950000.0,47950000.0,0.0,0.0,4.5,No,Direct Outreach
P1300,C-CEAT-Client-08,CEAT-Client-08,Creative Economy and Tourism,Strategic Planning,2023-10-17,2023-11-17,2023-11-19,Completed,Low,3,1,2,2330000.0,2520000.0,2.0,0.08,4.3,No,Referral
P0963,C-FAI-Client-05,FAI-Client-05,Finance and Insurance,Political Risk Management,2023-10-18,2024-01-18,2024-01-19,Completed,Medium,5,2,3,30880000.0,31280000.0,1.0,0.013,4.2,Yes,Competitive Tender
P1541,C-TAI-Client-04,TAI-Client-04,Technology and Innovation,Digital Transformation,2023-10-18,2023-12-18,2023-12-20,Completed,Medium,7,3,4,21350000.0,21880000.0,2.0,0.025,3.6,No,Repeat Client
P1546,C-TAI-Client-02,TAI-Client-02,Technology and Innovation,Market & Social Research,2023-10-20,2023-12-20,2023-12-21,Completed,Low,4,1,3,8300000.0,8410000.0,1.0,0.013,4.9,Yes,Repeat Client
P0351,C-CACM-Client-08,CACM-Client-08,Climate and Carbon Markets,Data Visualization & Analytics,2023-10-22,2024-01-22,2024-01-22,Completed,Low,3,1,2,11670000.0,11670000.0,0.0,0.0,3.9,Yes,Competitive Tender
P1540,C-TAI-Client-06,TAI-Client-06,Technology and Innovation,Market & Social Research,2023-10-23,2024-03-23,2024-03-23,Completed,High,9,2,7,93120000.0,93120000.0,0.0,0.0,4.3,No,Repeat Client
P0726,C-E-Client-02,E-Client-02,Energy,Stakeholder Engagement,2023-10-24,2023-11-24,2023-11-26,Completed,Low,4,1,3,6340000.0,6590000.0,2.0,0.039,3.4,No,Competitive Tender
P0965,C-FAI-Client-01,FAI-Client-01,Finance and Insurance,Political Risk Management,2023-10-24,2023-12-24,2024-03-20,Completed,Medium,7,2,5,24340000.0,34540000.0,87.0,0.419,2.3,No,Repeat Client
P0352,C-CACM-Client-07,CACM-Client-07,Climate and Carbon Markets,Market & Social Research,2023-10-25,2023-12-25,2023-12-29,Completed,Low,4,2,2,12400000.0,13370000.0,4.0,0.078,4.2,Yes,Repeat Client
P1542,C-TAI-Client-06,TAI-Client-06,Technology and Innovation,Data Visualization & Analytics,2023-10-25,2024-01-25,2024-01-25,Completed,Medium,6,1,5,30140000.0,30140000.0,0.0,0.0,4.2,Yes,Referral
P0353,C-CACM-Client-03,CACM-Client-03,Climate and Carbon Markets,Data Visualization & Analytics,2023-10-27,2023-11-27,2023-11-27,Completed,Low,4,1,3,5140000.0,5140000.0,0.0,0.0,4.3,Yes,Repeat Client
P0725,C-E-Client-06,E-Client-06,Energy,Political Risk Management,2023-10-28,2024-01-28,2024-01-31,Completed,Low,3,1,2,11170000.0,11450000.0,3.0,0.025,4.6,Yes,Referral
P0357,C-CACM-Client-06,CACM-Client-06,Climate and Carbon Markets,Strategic Planning,2023-11-03,2023-12-03,2023-12-06,Completed,Low,3,1,2,3710000.0,3930000.0,3.0,0.058,4.7,Yes,Repeat Client
P1553,C-TAI-Client-06,TAI-Client-06,Technology and Innovation,Political Risk Management,2023-11-03,2023-12-03,2023-12-06,Completed,Low,2,1,1,2330000.0,2500000.0,3.0,0.073,4.5,Yes,Repeat Client
P1549,C-TAI-Client-03,TAI-Client-03,Technology and Innovation,Market & Social Research,2023-11-04,2024-02-04,2024-02-08,Completed,Medium,7,3,4,28170000.0,28960000.0,4.0,0.028,4.1,No,Referral
P0727,C-E-Client-10,E-Client-10,Energy,Stakeholder Engagement,2023-11-05,2024-04-05,2024-04-05,Completed,Medium,4,1,3,34480000.0,34480000.0,0.0,0.0,4.2,Yes,Referral
P1556,C-TAI-Client-05,TAI-Client-05,Technology and Innovation,Market & Social Research,2023-11-05,2024-03-05,2024-03-07,Completed,Medium,5,1,4,31050000.0,31390000.0,2.0,0.011,4.3,Yes,Referral
P0128,C-A-Client-01,A-Client-01,Agriculture,Political Risk Management,2023-11-06,2024-04-06,2024-07-03,Completed,Medium,5,1,4,29930000.0,39720000.0,88.0,0.327,2.6,No,Direct Outreach
P1160,C-PS-Client-05,PS-Client-05,Public Sector,Data Visualization & Analytics,2023-11-08,2024-02-08,2024-03-23,Completed,Low,4,1,3,12570000.0,17690000.0,44.0,0.407,2.6,No,Repeat Client
P0966,C-FAI-Client-03,FAI-Client-03,Finance and Insurance,Market & Social Research,2023-11-09,2024-02-09,2024-03-06,Completed,Low,3,1,2,15490000.0,18930000.0,26.0,0.222,4.2,Yes,Referral
P0356,C-CACM-Client-03,CACM-Client-03,Climate and Carbon Markets,Political Risk Management,2023-11-09,2024-04-09,2024-04-09,Completed,Medium,8,3,5,61910000.0,61910000.0,0.0,0.0,4.1,No,Repeat Client
P0131,C-A-Client-04,A-Client-04,Agriculture,Political Risk Management,2023-11-09,2024-01-09,2024-01-11,Completed,Low,3,1,2,5770000.0,5930000.0,2.0,0.028,4.1,No,Referral
P1548,C-TAI-Client-03,TAI-Client-03,Technology and Innovation,Data Visualization & Analytics,2023-11-10,2024-01-10,2024-01-12,Completed,Medium,4,2,2,12780000.0,13100000.0,2.0,0.025,3.6,No,Competitive Tender
P0132,C-A-Client-05,A-Client-05,Agriculture,Political Risk Management,2023-11-11,2024-03-11,2024-03-13,Completed,Medium,7,1,6,30080000.0,30560000.0,2.0,0.016,4.5,No,Repeat Client
P0130,C-A-Client-03,A-Client-03,Agriculture,Strategic Planning,2023-11-14,2023-12-14,2023-12-15,Completed,Low,3,1,2,2320000.0,2400000.0,1.0,0.035,3.7,No,Repeat Client
P0358,C-CACM-Client-06,CACM-Client-06,Climate and Carbon Markets,Market & Social Research,2023-11-14,2024-01-14,2024-01-15,Completed,Medium,7,2,5,26000000.0,26390000.0,1.0,0.015,4.0,No,Competitive Tender
P1552,C-TAI-Client-05,TAI-Client-05,Technology and Innovation,Market & Social Research,2023-11-14,2024-04-14,2024-04-18,Completed,Medium,4,2,2,34070000.0,35060000.0,4.0,0.029,4.3,Yes,Repeat Client
P1550,C-TAI-Client-05,TAI-Client-05,Technology and Innovation,Political Risk Management,2023-11-17,2024-02-17,2024-03-08,Completed,Low,2,1,1,8320000.0,9530000.0,20.0,0.145,4.6,Yes,Repeat Client
P1554,C-TAI-Client-06,TAI-Client-06,Technology and Innovation,Political Risk Management,2023-11-19,2024-01-19,2024-01-22,Completed,Low,4,2,2,9290000.0,9650000.0,3.0,0.039,3.5,No,Competitive Tender
P0967,C-FAI-Client-06,FAI-Client-06,Finance and Insurance,Political Risk Management,2023-11-19,2024-03-19,2024-06-04,Completed,Medium,4,2,2,28460000.0,36310000.0,77.0,0.276,2.3,No,Competitive Tender
P0129,C-A-Client-02,A-Client-02,Agriculture,Digital Transformation,2023-11-19,2024-07-19,2024-07-22,Completed,High,7,2,5,73450000.0,74480000.0,3.0,0.014,4.7,No,Referral
P1555,C-TAI-Client-05,TAI-Client-05,Technology and Innovation,Stakeholder Engagement,2023-11-19,2024-04-19,2024-04-21,Completed,Medium,7,3,4,45860000.0,46460000.0,2.0,0.013,4.0,Yes,Repeat Client
P0969,C-FAI-Client-05,FAI-Client-05,Finance and Insurance,Political Risk Management,2023-11-20,2023-12-20,2023-12-24,Completed,Low,4,2,2,5970000.0,6750000.0,4.0,0.131,4.1,No,Referral
P1551,C-TAI-Client-08,TAI-Client-08,Technology and Innovation,Data Visualization & Analytics,2023-11-22,2024-02-22,2024-02-22,Completed,Low,2,1,1,7530000.0,7530000.0,0.0,0.0,3.8,No,Referral
P0968,C-FAI-Client-03,FAI-Client-03,Finance and Insurance,Data Visualization & Analytics,2023-11-23,2024-02-23,2024-02-25,Completed,Medium,4,2,2,21650000.0,22040000.0,2.0,0.018,4.4,No,Repeat Client
P1301,C-CEAT-Client-09,CEAT-Client-09,Creative Economy and Tourism,Market & Social Research,2023-11-24,2024-01-24,2024-04-04,Completed,Medium,5,2,3,8710000.0,13940000.0,71.0,0.6,2.3,No,Repeat Client
P0363,C-CACM-Client-03,CACM-Client-03,Climate and Carbon Markets,Stakeholder Engagement,2023-12-01,2024-04-01,2024-04-02,Completed,Medium,5,2,3,35080000.0,35400000.0,1.0,0.009,3.9,No,Referral
P0728,C-E-Client-03,E-Client-03,Energy,Market & Social Research,2023-12-02,2024-02-02,2024-03-13,Completed,Low,4,2,2,10900000.0,16120000.0,40.0,0.479,2.1,No,Repeat Client
P0361,C-CACM-Client-03,CACM-Client-03,Climate and Carbon Markets,Digital Transformation,2023-12-02,2024-06-02,2024-06-02,Completed,High,14,5,9,186470000.0,186470000.0,0.0,0.0,4.0,No,Repeat Client
P1304,C-CEAT-Client-03,CEAT-Client-03,Creative Economy and Tourism,Digital Transformation,2023-12-03,2024-06-03,2024-06-03,Completed,High,12,6,6,103250000.0,103250000.0,0.0,0.0,4.5,No,Repeat Client
P1561,C-TAI-Client-03,TAI-Client-03,Technology and Innovation,Political Risk Management,2023-12-04,2024-01-04,2024-01-08,Completed,Low,3,1,2,4030000.0,4560000.0,4.0,0.132,4.3,Yes,Direct Outreach
P1162,C-PS-Client-02,PS-Client-02,Public Sector,Digital Transformation,2023-12-06,2024-01-06,2024-01-08,Completed,Low,3,1,2,3090000.0,3290000.0,2.0,0.064,3.8,No,Repeat Client
P1559,C-TAI-Client-03,TAI-Client-03,Technology and Innovation,Digital Transformation,2023-12-06,2024-04-06,2024-04-10,Completed,Medium,5,2,3,33550000.0,34250000.0,4.0,0.021,4.3,No,Repeat Client
P1303,C-CEAT-Client-04,CEAT-Client-04,Creative Economy and Tourism,Political Risk Management,2023-12-06,2024-05-06,2024-05-08,Completed,Medium,8,3,5,47390000.0,48010000.0,2.0,0.013,3.9,No,Repeat Client
P0133,C-A-Client-01,A-Client-01,Agriculture,Digital Transformation,2023-12-09,2024-01-09,2024-01-13,Completed,Low,3,1,2,2950000.0,3170000.0,4.0,0.076,4.3,Yes,Competitive Tender
P1562,C-TAI-Client-04,TAI-Client-04,Technology and Innovation,Stakeholder Engagement,2023-12-09,2024-06-09,2024-08-22,Completed,High,9,4,5,97500000.0,120020000.0,74.0,0.231,2.4,No,Repeat Client
P0365,C-CACM-Client-04,CACM-Client-04,Climate and Carbon Markets,Political Risk Management,2023-12-10,2024-02-10,2024-02-26,Completed,Medium,4,2,2,12450000.0,14490000.0,16.0,0.164,3.3,No,Repeat Client
P0360,C-CACM-Client-03,CACM-Client-03,Climate and Carbon Markets,Market & Social Research,2023-12-11,2024-02-11,2024-02-15,Completed,Medium,6,2,4,19320000.0,20210000.0,4.0,0.046,4.4,No,Repeat Client
P1164,C-PS-Client-01,PS-Client-01,Public Sector,Stakeholder Engagement,2023-12-11,2024-01-11,2024-01-14,Completed,Low,2,1,1,1980000.0,2150000.0,3.0,0.086,4.1,No,Direct Outreach
P1558,C-TAI-Client-03,TAI-Client-03,Technology and Innovation,Stakeholder Engagement,2023-12-12,2024-02-12,2024-02-15,Completed,Low,3,1,2,6810000.0,7210000.0,3.0,0.059,3.8,No,Repeat Client
P0359,C-CACM-Client-04,CACM-Client-04,Climate and Carbon Markets,Strategic Planning,2023-12-13,2024-01-13,2024-01-16,Completed,Low,3,1,2,3580000.0,3930000.0,3.0,0.097,3.9,No,Direct Outreach
P1302,C-CEAT-Client-08,CEAT-Client-08,Creative Economy and Tourism,Strategic Planning,2023-12-13,2024-02-13,2024-02-13,Completed,Low,3,1,2,4610000.0,4610000.0,0.0,0.0,4.3,Yes,Competitive Tender
P1163,C-PS-Client-08,PS-Client-08,Public Sector,Market & Social Research,2023-12-15,2024-05-15,2024-05-18,Completed,Medium,6,1,5,33360000.0,34160000.0,3.0,0.024,3.9,Yes,Repeat Client
P1306,C-CEAT-Client-02,CEAT-Client-02,Creative Economy and Tourism,Stakeholder Engagement,2023-12-15,2024-09-15,2024-10-08,Completed,High,12,6,6,125380000.0,134280000.0,23.0,0.071,4.3,Yes,Direct Outreach
P1557,C-TAI-Client-01,TAI-Client-01,Technology and Innovation,Market & Social Research,2023-12-16,2024-06-16,2024-06-20,Completed,High,11,4,7,125400000.0,127660000.0,4.0,0.018,4.0,No,Direct Outreach
P0362,C-CACM-Client-01,CACM-Client-01,Climate and Carbon Markets,Strategic Planning,2023-12-16,2024-02-16,2024-02-19,Completed,Low,4,2,2,9340000.0,9870000.0,3.0,0.057,3.9,No,Repeat Client
P0972,C-FAI-Client-03,FAI-Client-03,Finance and Insurance,Political Risk Management,2023-12-17,2024-02-17,2024-02-18,Completed,Medium,8,2,6,27900000.0,28180000.0,1.0,0.01,3.7,Yes,Referral
P0973,C-FAI-Client-02,FAI-Client-02,Finance and Insurance,Data Visualization & Analytics,2023-12-18,2024-03-18,2024-03-20,Completed,Low,3,1,2,12290000.0,12560000.0,2.0,0.022,4.6,Yes,Referral
P0366,C-CACM-Client-02,CACM-Client-02,Climate and Carbon Markets,Strategic Planning,2023-12-21,2024-03-21,2024-05-08,Completed,Low,3,1,2,12840000.0,17320000.0,48.0,0.349,3.5,No,Direct Outreach
P1161,C-PS-Client-04,PS-Client-04,Public Sector,Strategic Planning,2023-12-21,2024-04-21,2024-06-25,Completed,Medium,7,2,5,34660000.0,45720000.0,65.0,0.319,2.9,No,Repeat Client
P1307,C-CEAT-Client-03,CEAT-Client-03,Creative Economy and Tourism,Political Risk Management,2023-12-23,2024-07-23,2024-11-14,Completed,High,15,6,9,117950000.0,151680000.0,114.0,0.286,1.8,No,Direct Outreach
P1560,C-TAI-Client-03,TAI-Client-03,Technology and Innovation,Market & Social Research,2023-12-23,2024-03-23,2024-03-24,Completed,Low,2,1,1,8590000.0,8650000.0,1.0,0.007,4.4,Yes,Referral
P1563,C-TAI-Client-06,TAI-Client-06,Technology and Innovation,Market & Social Research,2023-12-23,2024-02-23,2024-02-27,Completed,Medium,6,2,4,16090000.0,17230000.0,4.0,0.071,4.1,No,Repeat Client
P1305,C-CEAT-Client-02,CEAT-Client-02,Creative Economy and Tourism,Digital Transformation,2023-12-24,2024-02-24,2024-02-26,Completed,Medium,4,2,2,7010000.0,7300000.0,2.0,0.042,4.1,No,Repeat Client
P0364,C-CACM-Client-05,CACM-Client-05,Climate and Carbon Markets,Market & Social Research,2023-12-24,2024-05-24,2024-05-28,Completed,Medium,4,1,3,28060000.0,28510000.0,4.0,0.016,4.5,Yes,Repeat Client
P0970,C-FAI-Client-06,FAI-Client-06,Finance and Insurance,Strategic Planning,2023-12-26,2024-03-26,2024-03-30,Completed,Low,4,1,3,18740000.0,19300000.0,4.0,0.03,3.5,No,Repeat Client
P0971,C-FAI-Client-04,FAI-Client-04,Finance and Insurance,Market & Social Research,2023-12-26,2024-04-26,2024-07-02,Completed,Medium,8,3,5,68310000.0,90440000.0,67.0,0.324,2.3,No,Competitive Tender
P1165,C-PS-Client-05,PS-Client-05,Public Sector,Data Visualization & Analytics,2024-01-01,2024-04-01,2024-04-02,Completed,Medium,4,1,3,16270000.0,16430000.0,1.0,0.01,4.0,Yes,Competitive Tender
P1571,C-TAI-Client-04,TAI-Client-04,Technology and Innovation,Political Risk Management,2024-01-01,2024-06-01,2024-06-03,Completed,Medium,8,2,6,51530000.0,52410000.0,2.0,0.017,4.7,Yes,Repeat Client
P1567,C-TAI-Client-08,TAI-Client-08,Technology and Innovation,Data Visualization & Analytics,2024-01-01,2024-05-01,,Cancelled,Medium,6,2,4,34370000.0,45920000.0,,,,N/A,Repeat Client
P0135,C-A-Client-04,A-Client-04,Agriculture,Market & Social Research,2024-01-03,2024-03-03,2024-04-27,Completed,Medium,4,1,3,9280000.0,12740000.0,55.0,0.373,2.6,No,Referral
P1167,C-PS-Client-04,PS-Client-04,Public Sector,Data Visualization & Analytics,2024-01-05,2024-03-05,2024-05-20,Completed,Medium,7,3,4,18840000.0,30140000.0,76.0,0.6,2.0,No,Repeat Client
P1166,C-PS-Client-04,PS-Client-04,Public Sector,Strategic Planning,2024-01-05,2024-06-05,2024-07-21,Completed,Medium,4,2,2,24650000.0,29310000.0,46.0,0.189,3.8,Yes,Repeat Client
P1574,C-TAI-Client-08,TAI-Client-08,Technology and Innovation,Digital Transformation,2024-01-07,2024-02-07,2024-02-11,Completed,Low,2,1,1,2750000.0,3110000.0,4.0,0.132,3.5,No,Repeat Client
P0974,C-FAI-Client-06,FAI-Client-06,Finance and Insurance,Data Visualization & Analytics,2024-01-08,2024-04-08,2024-04-10,Completed,Medium,6,2,4,38010000.0,38920000.0,2.0,0.024,4.3,Yes,Repeat Client
P0731,C-E-Client-04,E-Client-04,Energy,Market & Social Research,2024-01-09,2024-04-09,2024-04-09,Completed,Medium,4,2,2,22320000.0,22320000.0,0.0,0.0,5.0,No,Competitive Tender
P0729,C-E-Client-07,E-Client-07,Energy,Digital Transformation,2024-01-10,2024-05-10,2024-05-12,Completed,Medium,6,2,4,48180000.0,48710000.0,2.0,0.011,4.1,Yes,Direct Outreach
P1565,C-TAI-Client-07,TAI-Client-07,Technology and Innovation,Political Risk Management,2024-01-10,2024-03-10,2024-03-13,Completed,Medium,4,2,2,14010000.0,14860000.0,3.0,0.061,4.5,Yes,Competitive Tender
P1564,C-TAI-Client-03,TAI-Client-03,Technology and Innovation,Stakeholder Engagement,2024-01-12,2024-06-12,2024-06-13,Completed,Medium,8,3,5,71770000.0,72340000.0,1.0,0.008,3.9,No,Referral
P1577,C-TAI-Client-07,TAI-Client-07,Technology and Innovation,Data Visualization & Analytics,2024-01-12,2024-03-12,2024-03-13,Completed,Low,2,1,1,4720000.0,4800000.0,1.0,0.018,4.7,Yes,Repeat Client
P1579,C-TAI-Client-02,TAI-Client-02,Technology and Innovation,Market & Social Research,2024-01-12,2024-03-12,2024-03-15,Completed,Low,3,1,2,8380000.0,8620000.0,3.0,0.029,4.8,No,Repeat Client
P1572,C-TAI-Client-01,TAI-Client-01,Technology and Innovation,Stakeholder Engagement,2024-01-12,2024-02-12,2024-02-15,Completed,Low,3,1,2,3910000.0,4290000.0,3.0,0.097,4.1,Yes,Referral
P1578,C-TAI-Client-05,TAI-Client-05,Technology and Innovation,Data Visualization & Analytics,2024-01-13,2024-07-13,2024-07-16,Completed,High,7,3,4,82020000.0,83500000.0,3.0,0.018,4.1,No,Competitive Tender
P0369,C-CACM-Client-06,CACM-Client-06,Climate and Carbon Markets,Market & Social Research,2024-01-14,2024-03-14,2024-03-14,Completed,Medium,8,2,6,28090000.0,28090000.0,0.0,0.0,4.4,Yes,Referral
P0733,C-E-Client-07,E-Client-07,Energy,Strategic Planning,2024-01-15,2024-03-15,2024-03-17,Completed,Low,3,1,2,7380000.0,7620000.0,2.0,0.032,3.8,No,Direct Outreach
P1576,C-TAI-Client-01,TAI-Client-01,Technology and Innovation,Digital Transformation,2024-01-16,2024-03-16,2024-03-16,Completed,Low,4,1,3,9730000.0,9730000.0,0.0,0.0,4.3,Yes,Repeat Client
P1570,C-TAI-Client-02,TAI-Client-02,Technology and Innovation,Data Visualization & Analytics,2024-01-16,2024-05-16,2024-08-15,Completed,High,9,4,5,59530000.0,81790000.0,91.0,0.374,2.8,No,Referral
P0368,C-CACM-Client-03,CACM-Client-03,Climate and Carbon Markets,Data Visualization & Analytics,2024-01-17,2024-09-17,2024-12-14,Completed,High,10,3,7,135360000.0,173260000.0,88.0,0.28,2.9,Yes,Repeat Client
P0134,C-A-Client-04,A-Client-04,Agriculture,Digital Transformation,2024-01-18,2024-02-18,2024-02-21,Completed,Low,3,1,2,3120000.0,3430000.0,3.0,0.1,3.7,Yes,Repeat Client
P0734,C-E-Client-08,E-Client-08,Energy,Data Visualization & Analytics,2024-01-18,2024-05-18,2024-05-22,Completed,Medium,5,1,4,30340000.0,31010000.0,4.0,0.022,4.0,Yes,Repeat Client
P1308,C-CEAT-Client-03,CEAT-Client-03,Creative Economy and Tourism,Data Visualization & Analytics,2024-01-18,2024-06-18,2024-06-21,Completed,Medium,4,2,2,20930000.0,21370000.0,3.0,0.021,4.1,No,Competitive Tender
P1309,C-CEAT-Client-03,CEAT-Client-03,Creative Economy and Tourism,Market & Social Research,2024-01-19,2024-04-19,2024-04-19,Completed,Low,2,1,1,5500000.0,5500000.0,0.0,0.0,4.5,No,Repeat Client
P1573,C-TAI-Client-04,TAI-Client-04,Technology and Innovation,Data Visualization & Analytics,2024-01-21,2024-04-21,2024-04-22,Completed,Medium,8,4,4,31520000.0,31840000.0,1.0,0.01,4.4,Yes,Repeat Client
P1575,C-TAI-Client-07,TAI-Client-07,Technology and Innovation,Market & Social Research,2024-01-22,2024-03-22,2024-03-24,Completed,Medium,8,3,5,27880000.0,28630000.0,2.0,0.027,4.6,Yes,Repeat Client
P1569,C-TAI-Client-02,TAI-Client-02,Technology and Innovation,Digital Transformation,2024-01-24,2024-03-24,2024-03-25,Completed,Low,3,1,2,7700000.0,7780000.0,1.0,0.011,3.2,No,Referral
P1566,C-TAI-Client-06,TAI-Client-06,Technology and Innovation,Market & Social Research,2024-01-25,2024-04-25,2024-07-01,Completed,Medium,7,2,5,26760000.0,37010000.0,67.0,0.383,2.8,No,Repeat Client
P0732,C-E-Client-02,E-Client-02,Energy,Market & Social Research,2024-01-25,2024-03-25,2024-03-26,Completed,Medium,5,1,4,17870000.0,18070000.0,1.0,0.011,4.1,Yes,Repeat Client
P1568,C-TAI-Client-03,TAI-Client-03,Technology and Innovation,Stakeholder Engagement,2024-01-25,2024-04-25,2024-04-25,Completed,Low,4,1,3,16180000.0,16180000.0,0.0,0.0,4.5,No,Repeat Client
P0367,C-CACM-Client-01,CACM-Client-01,Climate and Carbon Markets,Digital Transformation,2024-01-27,2024-08-27,2024-11-07,Completed,High,15,5,10,188060000.0,240340000.0,72.0,0.278,3.0,No,Referral
P0730,C-E-Client-06,E-Client-06,Energy,Political Risk Management,2024-01-27,2024-04-27,2024-04-30,Completed,Low,3,1,2,11640000.0,11970000.0,3.0,0.028,3.6,Yes,Repeat Client
P1587,C-TAI-Client-08,TAI-Client-08,Technology and Innovation,Strategic Planning,2024-02-06,2024-07-06,2024-07-06,Completed,Medium,6,2,4,53930000.0,53930000.0,0.0,0.0,4.6,No,Repeat Client
P1581,C-TAI-Client-03,TAI-Client-03,Technology and Innovation,Stakeholder Engagement,2024-02-06,2024-07-06,2024-07-06,Completed,Medium,7,2,5,61510000.0,61510000.0,0.0,0.0,4.6,Yes,Repeat Client
P0737,C-E-Client-02,E-Client-02,Energy,Digital Transformation,2024-02-07,2024-04-07,2024-04-10,Completed,Low,2,1,1,5130000.0,5400000.0,3.0,0.052,4.2,Yes,Repeat Client
P0738,C-E-Client-09,E-Client-09,Energy,Strategic Planning,2024-02-08,2024-08-08,2024-08-08,Completed,High,13,4,9,193220000.0,193220000.0,0.0,0.0,3.7,Yes,Competitive Tender
P0979,C-FAI-Client-05,FAI-Client-05,Finance and Insurance,Strategic Planning,2024-02-09,2024-05-09,2024-06-17,Completed,Low,4,2,2,16300000.0,22180000.0,39.0,0.361,3.2,No,Repeat Client
P0373,C-CACM-Client-06,CACM-Client-06,Climate and Carbon Markets,Strategic Planning,2024-02-09,2024-05-09,2024-05-12,Completed,Low,2,1,1,8580000.0,8880000.0,3.0,0.035,4.2,No,Repeat Client
P0975,C-FAI-Client-09,FAI-Client-09,Finance and Insurance,Political Risk Management,2024-02-10,2024-05-10,2024-05-13,Completed,Medium,8,3,5,52220000.0,53940000.0,3.0,0.033,3.8,No,Repeat Client
P0977,C-FAI-Client-04,FAI-Client-04,Finance and Insurance,Strategic Planning,2024-02-12,2024-04-12,2024-04-14,Completed,Low,2,1,1,6830000.0,7110000.0,2.0,0.041,3.9,Yes,Competitive Tender
P0371,C-CACM-Client-01,CACM-Client-01,Climate and Carbon Markets,Political Risk Management,2024-02-12,2024-03-12,2024-03-13,Completed,Low,4,1,3,5250000.0,5360000.0,1.0,0.021,4.2,No,Referral
P1168,C-PS-Client-06,PS-Client-06,Public Sector,Political Risk Management,2024-02-14,2024-06-14,2024-08-24,Completed,Medium,7,2,5,34020000.0,48210000.0,71.0,0.417,2.8,No,Competitive Tender
P0735,C-E-Client-02,E-Client-02,Energy,Market & Social Research,2024-02-15,2024-08-15,2024-08-17,Completed,High,8,3,5,105760000.0,106610000.0,2.0,0.008,3.8,No,Repeat Client
P1586,C-TAI-Client-03,TAI-Client-03,Technology and Innovation,Market & Social Research,2024-02-15,2024-05-15,2024-05-16,Completed,Low,4,2,2,15790000.0,15980000.0,1.0,0.012,4.5,No,Repeat Client
P0137,C-A-Client-04,A-Client-04,Agriculture,Political Risk Management,2024-02-16,2024-05-16,2024-06-20,Completed,Low,2,1,1,5540000.0,6960000.0,35.0,0.257,3.0,No,Referral
P1583,C-TAI-Client-02,TAI-Client-02,Technology and Innovation,Stakeholder Engagement,2024-02-16,2024-05-16,2024-05-20,Completed,Low,3,1,2,10950000.0,11440000.0,4.0,0.045,4.1,Yes,Repeat Client
P0980,C-FAI-Client-09,FAI-Client-09,Finance and Insurance,Political Risk Management,2024-02-17,2024-06-17,2024-06-21,Completed,Medium,8,3,5,69040000.0,71800000.0,4.0,0.04,4.0,No,Repeat Client
P0976,C-FAI-Client-02,FAI-Client-02,Finance and Insurance,Digital Transformation,2024-02-18,2024-05-18,2024-06-21,Completed,Low,2,1,1,10310000.0,12860000.0,34.0,0.247,3.3,No,Direct Outreach
P0370,C-CACM-Client-02,CACM-Client-02,Climate and Carbon Markets,Stakeholder Engagement,2024-02-19,2024-07-19,2024-07-23,Completed,Medium,5,2,3,38310000.0,39570000.0,4.0,0.033,4.4,No,Repeat Client
P0140,C-A-Client-07,A-Client-07,Agriculture,Political Risk Management,2024-02-19,2024-03-19,2024-03-19,Completed,Low,3,1,2,3060000.0,3060000.0,0.0,0.0,4.1,Yes,Referral
P1582,C-TAI-Client-04,TAI-Client-04,Technology and Innovation,Data Visualization & Analytics,2024-02-20,2024-04-20,2024-04-20,Completed,Medium,5,2,3,15120000.0,15120000.0,0.0,0.0,4.5,No,Referral
P0139,C-A-Client-05,A-Client-05,Agriculture,Strategic Planning,2024-02-20,2024-04-20,2024-04-22,Completed,Medium,5,2,3,10140000.0,10510000.0,2.0,0.036,3.7,No,Referral
P1585,C-TAI-Client-03,TAI-Client-03,Technology and Innovation,Stakeholder Engagement,2024-02-21,2024-06-21,2024-06-25,Completed,Medium,7,2,5,47880000.0,49080000.0,4.0,0.025,3.9,No,Repeat Client
P0739,C-E-Client-03,E-Client-03,Energy,Strategic Planning,2024-02-22,2024-04-22,2024-04-23,Completed,Low,3,1,2,9100000.0,9250000.0,1.0,0.017,4.6,Yes,Repeat Client
P0978,C-FAI-Client-02,FAI-Client-02,Finance and Insurance,Political Risk Management,2024-02-22,2024-04-22,2024-04-25,Completed,Low,3,1,2,9160000.0,9580000.0,3.0,0.046,4.0,No,Referral
P0138,C-A-Client-03,A-Client-03,Agriculture,Stakeholder Engagement,2024-02-23,2024-06-23,2024-08-23,Completed,Medium,6,3,3,25100000.0,33760000.0,61.0,0.345,2.5,No,Repeat Client
P1580,C-TAI-Client-08,TAI-Client-08,Technology and Innovation,Data Visualization & Analytics,2024-02-24,2024-07-24,2024-07-25,Completed,Medium,7,1,6,54110000.0,54540000.0,1.0,0.008,4.8,No,Competitive Tender
P1584,C-TAI-Client-01,TAI-Client-01,Technology and Innovation,Political Risk Management,2024-02-25,2024-07-25,2024-07-26,Completed,Medium,4,2,2,33270000.0,33440000.0,1.0,0.005,4.3,Yes,Direct Outreach
P0736,C-E-Client-10,E-Client-10,Energy,Strategic Planning,2024-02-26,2024-05-26,2024-05-28,Completed,Low,3,1,2,11590000.0,11890000.0,2.0,0.026,4.0,Yes,Competitive Tender
P0136,C-A-Client-04,A-Client-04,Agriculture,Market & Social Research,2024-02-27,2024-06-27,2024-06-29,Completed,High,9,4,5,46410000.0,47290000.0,2.0,0.019,3.8,No,Repeat Client
P0372,C-CACM-Client-07,CACM-Client-07,Climate and Carbon Markets,Data Visualization & Analytics,2024-02-28,2024-09-28,2024-11-15,Completed,High,7,3,4,103420000.0,120380000.0,48.0,0.164,3.4,No,Competitive Tender
P0742,C-E-Client-03,E-Client-03,Energy,Market & Social Research,2024-03-01,2024-04-01,2024-04-04,Completed,Low,2,1,1,2980000.0,3280000.0,3.0,0.101,3.8,No,Repeat Client
P1170,C-PS-Client-02,PS-Client-02,Public Sector,Stakeholder Engagement,2024-03-02,2024-09-02,2024-12-09,Completed,High,13,6,7,108580000.0,150930000.0,98.0,0.39,2.1,No,Repeat Client
P0375,C-CACM-Client-06,CACM-Client-06,Climate and Carbon Markets,Digital Transformation,2024-03-02,2024-05-02,2024-05-03,Completed,Low,4,1,3,9530000.0,9690000.0,1.0,0.017,4.2,No,Referral
P0741,C-E-Client-03,E-Client-03,Energy,Strategic Planning,2024-03-04,2024-08-04,2024-09-16,Completed,Medium,4,2,2,30450000.0,38760000.0,43.0,0.273,3.4,No,Repeat Client
P1312,C-CEAT-Client-05,CEAT-Client-05,Creative Economy and Tourism,Strategic Planning,2024-03-05,2024-08-05,2024-09-03,Completed,High,7,2,5,42540000.0,47300000.0,29.0,0.112,4.3,Yes,Repeat Client
P1592,C-TAI-Client-01,TAI-Client-01,Technology and Innovation,Strategic Planning,2024-03-06,2024-08-06,2024-08-07,Completed,Medium,5,1,4,36440000.0,36590000.0,1.0,0.004,4.3,Yes,Repeat Client
P0377,C-CACM-Client-08,CACM-Client-08,Climate and Carbon Markets,Strategic Planning,2024-03-06,2024-06-06,2024-06-10,Completed,Medium,4,1,3,21590000.0,22150000.0,4.0,0.026,3.8,No,Referral
P0376,C-CACM-Client-08,CACM-Client-08,Climate and Carbon Markets,Digital Transformation,2024-03-06,2024-06-06,2024-06-08,Completed,Low,3,1,2,12880000.0,13190000.0,2.0,0.024,4.0,No,Competitive Tender
P1310,C-CEAT-Client-07,CEAT-Client-07,Creative Economy and Tourism,Data Visualization & Analytics,2024-03-06,2024-06-06,2024-06-21,Completed,Low,2,1,1,5350000.0,5940000.0,15.0,0.11,4.1,Yes,Repeat Client
P0745,C-E-Client-03,E-Client-03,Energy,Strategic Planning,2024-03-07,2024-12-07,2025-03-08,Completed,High,14,5,9,267270000.0,309500000.0,91.0,0.158,3.2,Too Recent,Competitive Tender
P1311,C-CEAT-Client-03,CEAT-Client-03,Creative Economy and Tourism,Strategic Planning,2024-03-10,2024-08-10,2024-08-23,Completed,Medium,6,2,4,34000000.0,37300000.0,13.0,0.097,4.3,No,Referral
P0374,C-CACM-Client-06,CACM-Client-06,Climate and Carbon Markets,Market & Social Research,2024-03-12,2024-06-12,2024-06-12,Completed,Medium,4,2,2,18100000.0,18100000.0,0.0,0.0,4.7,Yes,Repeat Client
P0740,C-E-Client-09,E-Client-09,Energy,Market & Social Research,2024-03-13,2024-08-13,2024-08-17,Completed,Medium,8,2,6,82260000.0,83740000.0,4.0,0.018,4.1,Yes,Repeat Client
P1595,C-TAI-Client-02,TAI-Client-02,Technology and Innovation,Data Visualization & Analytics,2024-03-14,2024-09-14,2024-11-17,Completed,High,14,6,8,140960000.0,176760000.0,64.0,0.254,1.9,No,Competitive Tender
P1313,C-CEAT-Client-09,CEAT-Client-09,Creative Economy and Tourism,Strategic Planning,2024-03-15,2024-05-15,2024-05-17,Completed,Low,3,1,2,5220000.0,5360000.0,2.0,0.027,4.1,Yes,Direct Outreach
P1171,C-PS-Client-05,PS-Client-05,Public Sector,Political Risk Management,2024-03-16,2024-06-16,2024-06-18,Completed,Medium,5,1,4,17160000.0,17420000.0,2.0,0.015,4.3,Yes,Repeat Client
P0981,C-FAI-Client-04,FAI-Client-04,Finance and Insurance,Data Visualization & Analytics,2024-03-16,2024-07-16,2024-07-18,Completed,High,11,5,6,91970000.0,93170000.0,2.0,0.013,4.7,No,Competitive Tender
P0982,C-FAI-Client-03,FAI-Client-03,Finance and Insurance,Stakeholder Engagement,2024-03-17,2024-05-17,2024-06-12,Completed,Medium,4,2,2,13370000.0,17660000.0,26.0,0.321,2.7,No,Repeat Client
P0143,C-A-Client-02,A-Client-02,Agriculture,Stakeholder Engagement,2024-03-18,2024-08-18,2024-08-21,Completed,Medium,6,1,5,34370000.0,35160000.0,3.0,0.023,3.9,Yes,Competitive Tender
P1589,C-TAI-Client-04,TAI-Client-04,Technology and Innovation,Strategic Planning,2024-03-18,2024-06-18,2024-06-19,Completed,Low,3,1,2,11940000.0,12110000.0,1.0,0.014,4.4,No,Direct Outreach
P0983,C-FAI-Client-04,FAI-Client-04,Finance and Insurance,Digital Transformation,2024-03-18,2024-07-18,2024-07-18,Completed,High,8,3,5,85880000.0,85880000.0,0.0,0.0,4.1,No,Repeat Client
P0744,C-E-Client-01,E-Client-01,Energy,Strategic Planning,2024-03-19,2024-05-19,2024-06-15,Completed,Low,2,1,1,5160000.0,7140000.0,27.0,0.384,3.4,Yes,Repeat Client
P1591,C-TAI-Client-05,TAI-Client-05,Technology and Innovation,Political Risk Management,2024-03-21,2024-08-21,2024-09-11,Completed,Medium,4,2,2,27330000.0,30550000.0,21.0,0.118,3.9,Yes,Repeat Client
P0984,C-FAI-Client-02,FAI-Client-02,Finance and Insurance,Market & Social Research,2024-03-21,2024-08-21,2024-10-06,Completed,High,13,6,7,135600000.0,168420000.0,46.0,0.242,3.2,No,Repeat Client
P0141,C-A-Client-04,A-Client-04,Agriculture,Strategic Planning,2024-03-23,2024-08-23,2024-08-25,Completed,High,8,2,6,57990000.0,58630000.0,2.0,0.011,3.9,No,Competitive Tender
P0142,C-A-Client-01,A-Client-01,Agriculture,Data Visualization & Analytics,2024-03-23,2024-09-23,2024-10-13,Completed,High,8,3,5,70000000.0,76930000.0,20.0,0.099,4.0,Yes,Referral
P1169,C-PS-Client-02,PS-Client-02,Public Sector,Market & Social Research,2024-03-23,2024-05-23,2024-05-27,Completed,Medium,6,2,4,16020000.0,17130000.0,4.0,0.069,4.4,Yes,Referral
P1594,C-TAI-Client-08,TAI-Client-08,Technology and Innovation,Stakeholder Engagement,2024-03-24,2024-07-24,2024-07-28,Completed,Medium,8,3,5,47050000.0,48700000.0,4.0,0.035,4.0,No,Repeat Client
P1593,C-TAI-Client-02,TAI-Client-02,Technology and Innovation,Stakeholder Engagement,2024-03-25,2024-05-25,2024-05-27,Completed,Low,3,1,2,6500000.0,6630000.0,2.0,0.02,4.7,Yes,Repeat Client
P1590,C-TAI-Client-05,TAI-Client-05,Technology and Innovation,Data Visualization & Analytics,2024-03-26,2024-05-26,2024-05-29,Completed,Medium,5,1,4,13320000.0,13890000.0,3.0,0.043,4.1,No,Repeat Client
P0743,C-E-Client-02,E-Client-02,Energy,Stakeholder Engagement,2024-03-27,2024-05-27,2024-05-30,Completed,Low,3,1,2,9760000.0,10320000.0,3.0,0.057,3.9,Yes,Competitive Tender
P1172,C-PS-Client-04,PS-Client-04,Public Sector,Political Risk Management,2024-03-27,2024-05-27,2024-08-17,Completed,Medium,4,2,2,8800000.0,14080000.0,82.0,0.6,1.9,No,Referral
P1588,C-TAI-Client-05,TAI-Client-05,Technology and Innovation,Political Risk Management,2024-03-27,2024-05-27,2024-05-28,Completed,Low,4,1,3,9280000.0,9380000.0,1.0,0.011,4.5,No,Repeat Client
P0746,C-E-Client-01,E-Client-01,Energy,Political Risk Management,2024-03-28,2024-07-28,2024-07-30,Completed,Medium,4,2,2,26240000.0,26690000.0,2.0,0.017,4.2,No,Referral
P0748,C-E-Client-07,E-Client-07,Energy,Market & Social Research,2024-04-01,2024-06-01,2024-07-10,Completed,Low,4,2,2,13900000.0,18920000.0,39.0,0.361,2.9,No,Repeat Client
P0151,C-A-Client-03,A-Client-03,Agriculture,Political Risk Management,2024-04-01,2024-11-01,2024-11-30,Completed,High,12,3,9,128960000.0,139660000.0,29.0,0.083,4.3,Yes,Direct Outreach
P0747,C-E-Client-07,E-Client-07,Energy,Political Risk Management,2024-04-02,2024-09-02,2024-12-13,Completed,High,13,4,9,152600000.0,193950000.0,102.0,0.271,2.8,No,Repeat Client
P0988,C-FAI-Client-09,FAI-Client-09,Finance and Insurance,Strategic Planning,2024-04-02,2024-07-02,2024-07-02,Completed,Medium,6,1,5,29220000.0,29220000.0,0.0,0.0,4.1,Yes,Repeat Client
P1316,C-CEAT-Client-04,CEAT-Client-04,Creative Economy and Tourism,Stakeholder Engagement,2024-04-03,2024-12-03,2024-12-20,Completed,High,7,3,4,80060000.0,86700000.0,17.0,0.083,4.2,Yes,Referral
P0145,C-A-Client-08,A-Client-08,Agriculture,Digital Transformation,2024-04-04,2024-09-04,2024-09-06,Completed,Medium,6,2,4,33950000.0,34490000.0,2.0,0.016,4.2,No,Repeat Client
P0387,C-CACM-Client-05,CACM-Client-05,Climate and Carbon Markets,Data Visualization & Analytics,2024-04-04,2024-05-04,2024-05-08,Completed,Low,3,1,2,4080000.0,4570000.0,4.0,0.119,3.7,No,Repeat Client
P0146,C-A-Client-05,A-Client-05,Agriculture,Stakeholder Engagement,2024-04-05,2024-11-05,2024-11-06,Completed,High,9,2,7,104010000.0,104630000.0,1.0,0.006,4.5,Yes,Repeat Client
P1601,C-TAI-Client-03,TAI-Client-03,Technology and Innovation,Stakeholder Engagement,2024-04-07,2024-07-07,2024-07-08,Completed,Medium,4,1,3,18080000.0,18240000.0,1.0,0.009,4.3,No,Referral
P1317,C-CEAT-Client-09,CEAT-Client-09,Creative Economy and Tourism,Market & Social Research,2024-04-09,2024-07-09,,Cancelled,Low,4,2,2,11410000.0,11510000.0,,,,N/A,Competitive Tender
P1599,C-TAI-Client-06,TAI-Client-06,Technology and Innovation,Strategic Planning,2024-04-09,2024-08-09,2024-08-13,Completed,Medium,7,2,5,43310000.0,44260000.0,4.0,0.022,4.1,No,Direct Outreach
P1600,C-TAI-Client-02,TAI-Client-02,Technology and Innovation,Stakeholder Engagement,2024-04-10,2024-08-10,2024-08-13,Completed,Medium,8,3,5,58470000.0,59810000.0,3.0,0.023,4.4,No,Repeat Client
P0378,C-CACM-Client-04,CACM-Client-04,Climate and Carbon Markets,Strategic Planning,2024-04-10,2024-05-10,2024-05-12,Completed,Low,2,1,1,2450000.0,2580000.0,2.0,0.053,4.6,Yes,Referral
P0379,C-CACM-Client-07,CACM-Client-07,Climate and Carbon Markets,Stakeholder Engagement,2024-04-11,2024-10-11,2024-10-14,Completed,High,15,5,10,179910000.0,181890000.0,3.0,0.011,4.3,No,Referral
P1602,C-TAI-Client-05,TAI-Client-05,Technology and Innovation,Digital Transformation,2024-04-11,2024-08-11,2024-08-14,Completed,Medium,6,2,4,32260000.0,33230000.0,3.0,0.03,4.2,No,Referral
P0381,C-CACM-Client-05,CACM-Client-05,Climate and Carbon Markets,Strategic Planning,2024-04-12,2024-06-12,2024-06-16,Completed,Medium,6,2,4,17260000.0,18350000.0,4.0,0.063,4.2,Yes,Referral
P0749,C-E-Client-05,E-Client-05,Energy,Data Visualization & Analytics,2024-04-12,2024-07-12,2024-08-29,Completed,Medium,5,2,3,26410000.0,35470000.0,48.0,0.343,2.8,No,Repeat Client
P0383,C-CACM-Client-03,CACM-Client-03,Climate and Carbon Markets,Political Risk Management,2024-04-15,2024-11-15,2025-01-21,Completed,High,12,5,7,179810000.0,225120000.0,67.0,0.252,2.6,Too Recent,Competitive Tender
P1174,C-PS-Client-04,PS-Client-04,Public Sector,Political Risk Management,2024-04-15,2024-06-15,2024-08-24,Completed,Medium,8,2,6,23660000.0,32860000.0,70.0,0.389,2.9,No,Repeat Client
P0750,C-E-Client-10,E-Client-10,Energy,Stakeholder Engagement,2024-04-15,2024-09-15,2024-11-05,Completed,High,7,2,5,90830000.0,111900000.0,51.0,0.232,2.4,No,Repeat Client
P0380,C-CACM-Client-04,CACM-Client-04,Climate and Carbon Markets,Data Visualization & Analytics,2024-04-16,2024-06-16,2024-06-17,Completed,Low,2,1,1,5740000.0,5800000.0,1.0,0.011,4.4,Yes,Referral
P1596,C-TAI-Client-05,TAI-Client-05,Technology and Innovation,Market & Social Research,2024-04-17,2025-01-17,2025-01-20,Completed,High,7,2,5,125430000.0,126430000.0,3.0,0.008,5.0,Too Recent,Referral
P0752,C-E-Client-02,E-Client-02,Energy,Data Visualization & Analytics,2024-04-18,2024-06-18,2024-06-21,Completed,Low,2,1,1,6340000.0,6530000.0,3.0,0.03,4.1,No,Referral
P0985,C-FAI-Client-07,FAI-Client-07,Finance and Insurance,Digital Transformation,2024-04-18,2024-07-18,2024-07-21,Completed,Low,4,1,3,22200000.0,22750000.0,3.0,0.025,4.3,No,Repeat Client
P0989,C-FAI-Client-07,FAI-Client-07,Finance and Insurance,Political Risk Management,2024-04-19,2024-07-19,2024-07-21,Completed,Medium,6,3,3,36560000.0,37580000.0,2.0,0.028,4.0,No,Repeat Client
P1597,C-TAI-Client-06,TAI-Client-06,Technology and Innovation,Political Risk Management,2024-04-19,2024-05-19,2024-05-23,Completed,Low,2,1,1,2190000.0,2480000.0,4.0,0.131,3.9,No,Repeat Client
P0751,C-E-Client-08,E-Client-08,Energy,Political Risk Management,2024-04-20,2024-07-20,2024-07-21,Completed,Medium,6,3,3,30030000.0,30330000.0,1.0,0.01,3.7,Yes,Referral
P1314,C-CEAT-Client-04,CEAT-Client-04,Creative Economy and Tourism,Stakeholder Engagement,2024-04-20,2024-06-20,2024-06-24,Completed,Low,2,1,1,3970000.0,4280000.0,4.0,0.079,3.7,No,Repeat Client
P0144,C-A-Client-07,A-Client-07,Agriculture,Political Risk Management,2024-04-21,2024-08-21,2024-08-21,Completed,Medium,4,1,3,20850000.0,20850000.0,0.0,0.0,4.1,No,Competitive Tender
P1315,C-CEAT-Client-07,CEAT-Client-07,Creative Economy and Tourism,Political Risk Management,2024-04-22,2024-11-22,2024-11-26,Completed,High,14,3,11,123790000.0,126390000.0,4.0,0.021,4.6,Yes,Direct Outreach
P0384,C-CACM-Client-05,CACM-Client-05,Climate and Carbon Markets,Strategic Planning,2024-04-23,2024-11-23,2025-02-25,Completed,High,12,3,9,197010000.0,235230000.0,94.0,0.194,3.0,Too Recent,Direct Outreach
P1603,C-TAI-Client-02,TAI-Client-02,Technology and Innovation,Stakeholder Engagement,2024-04-23,2025-01-23,2025-01-26,Completed,High,12,6,6,213020000.0,214510000.0,3.0,0.007,4.3,Too Recent,Repeat Client
P0987,C-FAI-Client-02,FAI-Client-02,Finance and Insurance,Strategic Planning,2024-04-23,2024-10-23,2024-10-25,Completed,High,7,2,5,102090000.0,102800000.0,2.0,0.007,4.7,Yes,Repeat Client
P1598,C-TAI-Client-03,TAI-Client-03,Technology and Innovation,Strategic Planning,2024-04-23,2024-07-23,2024-07-26,Completed,Medium,6,2,4,31400000.0,32660000.0,3.0,0.04,4.4,No,Repeat Client
P0385,C-CACM-Client-07,CACM-Client-07,Climate and Carbon Markets,Stakeholder Engagement,2024-04-24,2024-09-24,,Cancelled,Medium,4,1,3,38920000.0,40200000.0,,,,N/A,Referral
P0150,C-A-Client-07,A-Client-07,Agriculture,Data Visualization & Analytics,2024-04-25,2024-09-25,2024-09-28,Completed,Medium,8,2,6,49170000.0,49860000.0,3.0,0.014,4.2,Yes,Repeat Client
P1173,C-PS-Client-01,PS-Client-01,Public Sector,Market & Social Research,2024-04-25,2024-06-25,2024-06-29,Completed,Low,2,1,1,4220000.0,4520000.0,4.0,0.07,4.5,No,Repeat Client
P0147,C-A-Client-08,A-Client-08,Agriculture,Political Risk Management,2024-04-26,2024-07-26,2024-07-30,Completed,Low,3,1,2,7670000.0,8020000.0,4.0,0.045,4.4,Yes,Referral
P0382,C-CACM-Client-07,CACM-Client-07,Climate and Carbon Markets,Digital Transformation,2024-04-26,2024-08-26,2024-09-17,Completed,Medium,7,3,4,45750000.0,52160000.0,22.0,0.14,4.2,Yes,Repeat Client
P0986,C-FAI-Client-01,FAI-Client-01,Finance and Insurance,Political Risk Management,2024-04-27,2024-06-27,2024-07-01,Completed,Medium,5,2,3,17640000.0,19070000.0,4.0,0.081,4.1,Yes,Repeat Client
P0149,C-A-Client-08,A-Client-08,Agriculture,Market & Social Research,2024-04-27,2024-05-27,2024-05-31,Completed,Low,3,1,2,2520000.0,2790000.0,4.0,0.106,3.6,No,Direct Outreach
P0148,C-A-Client-06,A-Client-06,Agriculture,Market & Social Research,2024-04-27,2025-01-27,2025-01-27,Completed,High,11,5,6,141870000.0,141870000.0,0.0,0.0,4.2,Too Recent,Referral
P0386,C-CACM-Client-05,CACM-Client-05,Climate and Carbon Markets,Data Visualization & Analytics,2024-04-27,2024-09-27,2024-11-29,Completed,High,15,3,12,172670000.0,226370000.0,63.0,0.311,2.8,No,Repeat Client
P1318,C-CEAT-Client-01,CEAT-Client-01,Creative Economy and Tourism,Digital Transformation,2024-05-02,2024-08-02,2024-10-14,Completed,Medium,5,1,4,13260000.0,19030000.0,73.0,0.435,2.4,No,Repeat Client
P1321,C-CEAT-Client-03,CEAT-Client-03,Creative Economy and Tourism,Market & Social Research,2024-05-02,2024-09-02,2024-09-03,Completed,High,13,6,7,56010000.0,56510000.0,1.0,0.009,4.3,No,Competitive Tender
P0400,C-CACM-Client-08,CACM-Client-08,Climate and Carbon Markets,Market & Social Research,2024-05-04,2024-07-04,2024-07-06,Completed,Low,3,1,2,7010000.0,7190000.0,2.0,0.025,4.7,No,Repeat Client
P1612,C-TAI-Client-04,TAI-Client-04,Technology and Innovation,Data Visualization & Analytics,2024-05-05,2025-02-05,,Cancelled,High,9,4,5,136530000.0,137490000.0,,,,N/A,Repeat Client
P1613,C-TAI-Client-02,TAI-Client-02,Technology and Innovation,Political Risk Management,2024-05-05,2024-08-05,2024-08-08,Completed,Medium,5,2,3,20510000.0,20940000.0,3.0,0.021,4.0,Yes,Referral
P0393,C-CACM-Client-03,CACM-Client-03,Climate and Carbon Markets,Strategic Planning,2024-05-05,2024-10-05,2024-10-22,Completed,Medium,4,1,3,28560000.0,32240000.0,17.0,0.129,4.3,No,Repeat Client
P0154,C-A-Client-07,A-Client-07,Agriculture,Political Risk Management,2024-05-07,2024-06-07,2024-06-11,Completed,Low,2,1,1,1760000.0,1960000.0,4.0,0.111,3.3,No,Direct Outreach
P0152,C-A-Client-06,A-Client-06,Agriculture,Data Visualization & Analytics,2024-05-07,2024-09-07,2024-09-09,Completed,Medium,6,2,4,27610000.0,27940000.0,2.0,0.012,4.7,No,Repeat Client
P0394,C-CACM-Client-06,CACM-Client-06,Climate and Carbon Markets,Political Risk Management,2024-05-08,2024-08-08,2024-08-11,Completed,Low,3,1,2,11430000.0,11830000.0,3.0,0.035,4.5,Yes,Repeat Client
P0757,C-E-Client-06,E-Client-06,Energy,Stakeholder Engagement,2024-05-09,2024-08-09,,Cancelled,Medium,4,1,3,19180000.0,19450000.0,,,,N/A,Referral
P1177,C-PS-Client-04,PS-Client-04,Public Sector,Data Visualization & Analytics,2024-05-09,2024-12-09,2024-12-09,Completed,High,11,3,8,113370000.0,113370000.0,0.0,0.0,4.9,Yes,Repeat Client
P0157,C-A-Client-04,A-Client-04,Agriculture,Data Visualization & Analytics,2024-05-10,2024-08-10,2024-09-30,Completed,Medium,7,3,4,25940000.0,32550000.0,51.0,0.255,3.4,No,Referral
P1606,C-TAI-Client-04,TAI-Client-04,Technology and Innovation,Market & Social Research,2024-05-11,2024-06-11,2024-07-09,Completed,Low,2,1,1,2150000.0,3080000.0,28.0,0.432,3.3,Yes,Repeat Client
P0398,C-CACM-Client-02,CACM-Client-02,Climate and Carbon Markets,Strategic Planning,2024-05-11,2024-09-11,2024-09-15,Completed,Medium,5,2,3,29830000.0,31020000.0,4.0,0.04,3.9,No,Repeat Client
P1319,C-CEAT-Client-01,CEAT-Client-01,Creative Economy and Tourism,Digital Transformation,2024-05-12,2024-07-12,2024-09-09,Completed,Medium,5,2,3,11570000.0,17540000.0,59.0,0.516,2.2,No,Referral
P0756,C-E-Client-06,E-Client-06,Energy,Political Risk Management,2024-05-12,2025-01-12,2025-01-13,Completed,High,15,4,11,296110000.0,297290000.0,1.0,0.004,4.4,Too Recent,Referral
P0991,C-FAI-Client-09,FAI-Client-09,Finance and Insurance,Strategic Planning,2024-05-13,2024-08-13,2024-08-13,Completed,Low,2,1,1,9470000.0,9470000.0,0.0,0.0,4.5,No,Repeat Client
P1175,C-PS-Client-03,PS-Client-03,Public Sector,Digital Transformation,2024-05-13,2024-09-13,2024-09-16,Completed,Medium,6,2,4,32690000.0,33700000.0,3.0,0.031,4.3,Yes,Competitive Tender
P0753,C-E-Client-04,E-Client-04,Energy,Digital Transformation,2024-05-13,2024-08-13,2024-10-26,Completed,Medium,7,3,4,44990000.0,65780000.0,74.0,0.462,2.7,No,Repeat Client
P0390,C-CACM-Client-01,CACM-Client-01,Climate and Carbon Markets,Strategic Planning,2024-05-14,2024-07-14,2024-07-18,Completed,Low,4,1,3,11410000.0,11870000.0,4.0,0.04,4.9,Yes,Competitive Tender
P0990,C-FAI-Client-06,FAI-Client-06,Finance and Insurance,Strategic Planning,2024-05-15,2024-10-15,2024-10-15,Completed,Medium,7,2,5,74150000.0,74150000.0,0.0,0.0,4.3,No,Repeat Client
P0396,C-CACM-Client-08,CACM-Client-08,Climate and Carbon Markets,Strategic Planning,2024-05-15,2024-09-15,2024-09-18,Completed,Medium,6,3,3,36460000.0,37260000.0,3.0,0.022,4.4,No,Competitive Tender
P0389,C-CACM-Client-06,CACM-Client-06,Climate and Carbon Markets,Stakeholder Engagement,2024-05-15,2024-06-15,2024-06-19,Completed,Low,4,1,3,5600000.0,6060000.0,4.0,0.083,3.9,Yes,Repeat Client
P0388,C-CACM-Client-08,CACM-Client-08,Climate and Carbon Markets,Data Visualization & Analytics,2024-05-15,2024-10-15,2024-10-15,Completed,Medium,5,2,3,42960000.0,42960000.0,0.0,0.0,4.1,Yes,Repeat Client
P1323,C-CEAT-Client-01,CEAT-Client-01,Creative Economy and Tourism,Strategic Planning,2024-05-15,2025-02-15,2025-04-11,Completed,High,12,3,9,137800000.0,155020000.0,55.0,0.125,3.3,Too Recent,Direct Outreach
P1608,C-TAI-Client-03,TAI-Client-03,Technology and Innovation,Strategic Planning,2024-05-15,2024-07-15,2024-07-19,Completed,Medium,4,1,3,13210000.0,14130000.0,4.0,0.07,4.1,No,Referral
P1609,C-TAI-Client-06,TAI-Client-06,Technology and Innovation,Market & Social Research,2024-05-16,2024-09-16,2024-11-04,Completed,Medium,6,2,4,37230000.0,49930000.0,49.0,0.341,2.1,No,Repeat Client
P1607,C-TAI-Client-02,TAI-Client-02,Technology and Innovation,Political Risk Management,2024-05-17,2024-06-17,2024-06-19,Completed,Low,2,1,1,2460000.0,2610000.0,2.0,0.062,4.3,No,Referral
P1605,C-TAI-Client-08,TAI-Client-08,Technology and Innovation,Political Risk Management,2024-05-17,2024-09-17,2024-09-17,Completed,Medium,6,2,4,33370000.0,33370000.0,0.0,0.0,4.1,No,Competitive Tender
P0155,C-A-Client-08,A-Client-08,Agriculture,Digital Transformation,2024-05-18,2024-06-18,2024-06-20,Completed,Low,4,1,3,3400000.0,3580000.0,2.0,0.054,4.9,Yes,Repeat Client
P1320,C-CEAT-Client-06,CEAT-Client-06,Creative Economy and Tourism,Strategic Planning,2024-05-19,2025-01-19,2025-01-19,Completed,High,11,3,8,130770000.0,130770000.0,0.0,0.0,4.0,Too Recent,Repeat Client
P0395,C-CACM-Client-03,CACM-Client-03,Climate and Carbon Markets,Digital Transformation,2024-05-19,2024-06-19,2024-06-23,Completed,Low,4,1,3,6120000.0,6970000.0,4.0,0.139,3.9,No,Direct Outreach
P1604,C-TAI-Client-01,TAI-Client-01,Technology and Innovation,Market & Social Research,2024-05-19,2024-07-19,2024-07-21,Completed,Low,2,1,1,4840000.0,4980000.0,2.0,0.028,4.1,Yes,Repeat Client
P0397,C-CACM-Client-06,CACM-Client-06,Climate and Carbon Markets,Political Risk Management,2024-05-19,2024-06-19,2024-06-21,Completed,Low,4,2,2,4890000.0,5180000.0,2.0,0.06,4.3,Yes,Repeat Client
P0153,C-A-Client-01,A-Client-01,Agriculture,Stakeholder Engagement,2024-05-20,2024-09-20,2024-10-20,Completed,Medium,8,2,6,36690000.0,44980000.0,30.0,0.226,3.3,No,Repeat Client
P0992,C-FAI-Client-01,FAI-Client-01,Finance and Insurance,Digital Transformation,2024-05-21,2024-07-21,2024-07-24,Completed,Medium,8,2,6,32070000.0,34030000.0,3.0,0.061,3.8,Yes,Repeat Client
P0391,C-CACM-Client-06,CACM-Client-06,Climate and Carbon Markets,Stakeholder Engagement,2024-05-22,2025-02-22,2025-03-22,Completed,High,13,6,7,227810000.0,242390000.0,28.0,0.064,4.0,Too Recent,Repeat Client
P1322,C-CEAT-Client-09,CEAT-Client-09,Creative Economy and Tourism,Market & Social Research,2024-05-22,2024-07-22,2024-07-23,Completed,Low,4,1,3,6690000.0,6780000.0,1.0,0.014,5.0,No,Repeat Client
P1614,C-TAI-Client-01,TAI-Client-01,Technology and Innovation,Political Risk Management,2024-05-23,2024-07-23,2024-07-27,Completed,Medium,4,2,2,13470000.0,14060000.0,4.0,0.044,4.5,Yes,Repeat Client
P1611,C-TAI-Client-02,TAI-Client-02,Technology and Innovation,Market & Social Research,2024-05-23,2024-09-23,2024-12-15,Completed,Medium,4,2,2,22540000.0,28600000.0,83.0,0.269,1.6,No,Referral
P0156,C-A-Client-01,A-Client-01,Agriculture,Strategic Planning,2024-05-23,2024-10-23,2024-10-26,Completed,Medium,7,3,4,47740000.0,48600000.0,3.0,0.018,4.2,No,Competitive Tender
P1176,C-PS-Client-09,PS-Client-09,Public Sector,Strategic Planning,2024-05-24,2024-07-24,2024-07-26,Completed,Medium,8,3,5,18680000.0,19110000.0,2.0,0.023,4.2,No,Repeat Client
P0399,C-CACM-Client-07,CACM-Client-07,Climate and Carbon Markets,Stakeholder Engagement,2024-05-24,2024-08-24,2024-08-24,Completed,Medium,7,2,5,34070000.0,34070000.0,0.0,0.0,3.9,No,Referral
P0392,C-CACM-Client-03,CACM-Client-03,Climate and Carbon Markets,Strategic Planning,2024-05-26,2024-08-26,2024-08-26,Completed,Low,4,1,3,19540000.0,19540000.0,0.0,0.0,4.7,Yes,Referral
P0754,C-E-Client-01,E-Client-01,Energy,Political Risk Management,2024-05-26,2024-08-26,2024-08-29,Completed,Medium,8,3,5,44060000.0,45340000.0,3.0,0.029,3.9,Yes,Repeat Client
P0755,C-E-Client-09,E-Client-09,Energy,Political Risk Management,2024-05-26,2024-09-26,2024-09-27,Completed,Medium,7,2,5,53670000.0,53940000.0,1.0,0.005,4.6,No,Repeat Client
P1610,C-TAI-Client-06,TAI-Client-06,Technology and Innovation,Market & Social Research,2024-05-27,2024-12-27,2025-05-01,Completed,High,15,7,8,173620000.0,226230000.0,125.0,0.303,2.2,Too Recent,Referral
P1616,C-TAI-Client-01,TAI-Client-01,Technology and Innovation,Political Risk Management,2024-06-02,2024-09-02,2024-09-02,Completed,Low,4,2,2,15110000.0,15110000.0,0.0,0.0,4.4,No,Direct Outreach
P1178,C-PS-Client-04,PS-Client-04,Public Sector,Digital Transformation,2024-06-02,2024-09-02,2024-09-04,Completed,Medium,4,2,2,15370000.0,15720000.0,2.0,0.023,4.0,No,Direct Outreach
P1620,C-TAI-Client-06,TAI-Client-06,Technology and Innovation,Data Visualization & Analytics,2024-06-03,2024-09-03,2024-09-04,Completed,Medium,6,3,3,27100000.0,27320000.0,1.0,0.008,4.0,No,Repeat Client
P0404,C-CACM-Client-05,CACM-Client-05,Climate and Carbon Markets,Data Visualization & Analytics,2024-06-03,2024-09-03,2024-09-03,Completed,Low,4,1,3,17350000.0,17350000.0,0.0,0.0,3.8,Yes,Repeat Client
P0760,C-E-Client-04,E-Client-04,Energy,Data Visualization & Analytics,2024-06-04,2024-07-04,,Cancelled,Low,4,2,2,5610000.0,5610000.0,,,,N/A,Repeat Client
P1617,C-TAI-Client-02,TAI-Client-02,Technology and Innovation,Data Visualization & Analytics,2024-06-04,2024-10-04,2024-11-02,Completed,Medium,4,1,3,24060000.0,28870000.0,29.0,0.2,3.2,No,Repeat Client
P0402,C-CACM-Client-03,CACM-Client-03,Climate and Carbon Markets,Digital Transformation,2024-06-05,2024-08-05,2024-08-05,Completed,Medium,7,3,4,23260000.0,23260000.0,0.0,0.0,4.6,No,Repeat Client
P1621,C-TAI-Client-02,TAI-Client-02,Technology and Innovation,Strategic Planning,2024-06-06,2024-09-06,2024-09-06,Completed,Medium,8,2,6,35810000.0,35810000.0,0.0,0.0,4.7,No,Referral
P1619,C-TAI-Client-06,TAI-Client-06,Technology and Innovation,Strategic Planning,2024-06-07,2024-09-07,2024-09-08,Completed,Medium,5,2,3,23210000.0,23420000.0,1.0,0.009,4.1,Yes,Referral
P1623,C-TAI-Client-01,TAI-Client-01,Technology and Innovation,Digital Transformation,2024-06-07,2024-08-07,2024-08-30,Completed,Low,2,1,1,5570000.0,7300000.0,23.0,0.31,3.4,No,Competitive Tender
P0406,C-CACM-Client-03,CACM-Client-03,Climate and Carbon Markets,Market & Social Research,2024-06-08,2024-07-08,2024-07-11,Completed,Low,2,1,1,2770000.0,3090000.0,3.0,0.114,4.0,No,Referral
P0758,C-E-Client-01,E-Client-01,Energy,Political Risk Management,2024-06-08,2024-10-08,2024-12-06,Completed,High,11,5,6,88930000.0,122550000.0,59.0,0.378,2.6,No,Referral
P0763,C-E-Client-06,E-Client-06,Energy,Stakeholder Engagement,2024-06-08,2024-09-08,2024-09-09,Completed,Low,3,1,2,15640000.0,15770000.0,1.0,0.008,4.3,Yes,Repeat Client
P1326,C-CEAT-Client-02,CEAT-Client-02,Creative Economy and Tourism,Digital Transformation,2024-06-10,2024-08-10,2024-08-13,Completed,Low,2,1,1,3110000.0,3220000.0,3.0,0.036,3.9,No,Repeat Client
P0994,C-FAI-Client-02,FAI-Client-02,Finance and Insurance,Data Visualization & Analytics,2024-06-10,2024-10-10,2024-10-12,Completed,Medium,8,3,5,60420000.0,61150000.0,2.0,0.012,4.4,Yes,Repeat Client
P0403,C-CACM-Client-06,CACM-Client-06,Climate and Carbon Markets,Digital Transformation,2024-06-15,2024-10-15,2024-10-15,Completed,High,12,4,8,109710000.0,109710000.0,0.0,0.0,4.4,Yes,Direct Outreach
P1328,C-CEAT-Client-01,CEAT-Client-01,Creative Economy and Tourism,Strategic Planning,2024-06-17,2024-11-17,2024-11-20,Completed,High,10,3,7,74370000.0,75340000.0,3.0,0.013,3.8,No,Referral
P0759,C-E-Client-04,E-Client-04,Energy,Market & Social Research,2024-06-17,2024-10-17,2024-12-20,Completed,Medium,8,3,5,56640000.0,74480000.0,64.0,0.315,2.9,No,Repeat Client
P0761,C-E-Client-04,E-Client-04,Energy,Stakeholder Engagement,2024-06-18,2024-09-18,2024-10-05,Completed,Low,2,1,1,10610000.0,12720000.0,17.0,0.199,3.8,No,Repeat Client
P0408,C-CACM-Client-03,CACM-Client-03,Climate and Carbon Markets,Stakeholder Engagement,2024-06-19,2024-08-19,2024-08-20,Completed,Low,3,1,2,9170000.0,9360000.0,1.0,0.021,4.6,No,Repeat Client
P0401,C-CACM-Client-04,CACM-Client-04,Climate and Carbon Markets,Strategic Planning,2024-06-20,2024-10-20,2024-10-24,Completed,Medium,7,2,5,51900000.0,53090000.0,4.0,0.023,4.3,Yes,Repeat Client
P1618,C-TAI-Client-02,TAI-Client-02,Technology and Innovation,Stakeholder Engagement,2024-06-22,2024-07-22,2024-08-03,Completed,Low,2,1,1,2810000.0,3600000.0,12.0,0.28,4.3,Yes,Direct Outreach
P0158,C-A-Client-06,A-Client-06,Agriculture,Political Risk Management,2024-06-22,2024-10-22,2024-10-25,Completed,Medium,7,2,5,28390000.0,28990000.0,3.0,0.021,4.6,No,Repeat Client
P0159,C-A-Client-06,A-Client-06,Agriculture,Digital Transformation,2024-06-24,2024-09-24,2024-09-25,Completed,Low,3,1,2,7550000.0,7600000.0,1.0,0.007,4.0,No,Referral
P1324,C-CEAT-Client-06,CEAT-Client-06,Creative Economy and Tourism,Political Risk Management,2024-06-25,2024-12-25,2024-12-26,Completed,High,12,4,8,87320000.0,87930000.0,1.0,0.007,4.5,No,Direct Outreach
P1615,C-TAI-Client-04,TAI-Client-04,Technology and Innovation,Strategic Planning,2024-06-25,2024-08-25,2024-08-28,Completed,Low,2,1,1,5360000.0,5670000.0,3.0,0.058,4.4,Yes,Repeat Client
P0995,C-FAI-Client-07,FAI-Client-07,Finance and Insurance,Digital Transformation,2024-06-25,2024-11-25,2024-11-27,Completed,Medium,7,2,5,71180000.0,71750000.0,2.0,0.008,4.1,No,Competitive Tender
P0407,C-CACM-Client-06,CACM-Client-06,Climate and Carbon Markets,Stakeholder Engagement,2024-06-26,2024-08-26,2024-08-27,Completed,Low,2,1,1,4750000.0,4810000.0,1.0,0.012,4.3,No,Repeat Client
P1622,C-TAI-Client-04,TAI-Client-04,Technology and Innovation,Digital Transformation,2024-06-27,2024-09-27,2024-11-08,Completed,Low,2,1,1,6900000.0,8830000.0,42.0,0.28,3.4,No,Repeat Client
P1325,C-CEAT-Client-09,CEAT-Client-09,Creative Economy and Tourism,Strategic Planning,2024-06-27,2024-10-27,2024-10-27,Completed,High,13,4,9,60780000.0,60780000.0,0.0,0.0,3.5,No,Repeat Client
P0405,C-CACM-Client-06,CACM-Client-06,Climate and Carbon Markets,Stakeholder Engagement,2024-06-28,2024-09-28,,Cancelled,Medium,5,2,3,21470000.0,22330000.0,,,,N/A,Referral
P0762,C-E-Client-03,E-Client-03,Energy,Market & Social Research,2024-06-28,2025-01-28,2025-03-18,Completed,High,12,4,8,179770000.0,216260000.0,49.0,0.203,3.0,Too Recent,Repeat Client
P1327,C-CEAT-Client-09,CEAT-Client-09,Creative Economy and Tourism,Political Risk Management,2024-06-28,2024-10-28,2024-10-28,Completed,Medium,6,2,4,24920000.0,24920000.0,0.0,0.0,4.8,Yes,Referral
P0993,C-FAI-Client-09,FAI-Client-09,Finance and Insurance,Strategic Planning,2024-06-28,2024-10-28,2024-10-28,Completed,High,12,5,7,112440000.0,112440000.0,0.0,0.0,4.1,No,Repeat Client
P0996,C-FAI-Client-09,FAI-Client-09,Finance and Insurance,Market & Social Research,2024-07-01,2024-12-01,2024-12-04,Completed,Medium,5,2,3,53390000.0,54190000.0,3.0,0.015,4.6,Yes,Repeat Client
P0764,C-E-Client-10,E-Client-10,Energy,Market & Social Research,2024-07-01,2024-11-01,2024-11-02,Completed,Medium,8,3,5,59650000.0,60190000.0,1.0,0.009,4.2,No,Referral
P0409,C-CACM-Client-07,CACM-Client-07,Climate and Carbon Markets,Digital Transformation,2024-07-03,2024-08-03,2024-08-05,Completed,Low,3,1,2,4450000.0,4670000.0,2.0,0.049,4.2,Yes,Referral
P1624,C-TAI-Client-08,TAI-Client-08,Technology and Innovation,Data Visualization & Analytics,2024-07-04,2024-08-04,2024-08-05,Completed,Low,4,1,3,4530000.0,4710000.0,1.0,0.04,4.7,No,Referral
P0161,C-A-Client-02,A-Client-02,Agriculture,Digital Transformation,2024-07-04,2024-10-04,2024-11-10,Completed,Medium,6,3,3,23810000.0,32480000.0,37.0,0.364,3.1,No,Referral
P1626,C-TAI-Client-07,TAI-Client-07,Technology and Innovation,Political Risk Management,2024-07-04,2024-12-04,2025-01-16,Completed,High,12,4,8,105690000.0,134330000.0,43.0,0.271,3.1,Too Recent,Referral
P1628,C-TAI-Client-03,TAI-Client-03,Technology and Innovation,Political Risk Management,2024-07-04,2024-12-04,2025-01-11,Completed,Medium,4,1,3,34220000.0,41540000.0,38.0,0.214,2.4,Too Recent,Repeat Client
P1631,C-TAI-Client-08,TAI-Client-08,Technology and Innovation,Stakeholder Engagement,2024-07-04,2024-09-04,2024-09-06,Completed,Low,3,1,2,7960000.0,8290000.0,2.0,0.041,5.0,Yes,Referral
P1335,C-CEAT-Client-02,CEAT-Client-02,Creative Economy and Tourism,Digital Transformation,2024-07-04,2024-08-04,2024-09-14,Completed,Low,3,1,2,2320000.0,3710000.0,41.0,0.6,1.9,No,Referral
P0415,C-CACM-Client-03,CACM-Client-03,Climate and Carbon Markets,Data Visualization & Analytics,2024-07-05,2024-11-05,2024-11-07,Completed,Medium,5,2,3,33160000.0,33560000.0,2.0,0.012,5.0,Yes,Repeat Client
P0998,C-FAI-Client-06,FAI-Client-06,Finance and Insurance,Strategic Planning,2024-07-05,2024-09-05,2024-09-07,Completed,Low,4,2,2,14350000.0,14920000.0,2.0,0.04,4.8,No,Repeat Client
P0997,C-FAI-Client-05,FAI-Client-05,Finance and Insurance,Digital Transformation,2024-07-05,2024-12-05,,Cancelled,Medium,8,3,5,78960000.0,79350000.0,,,,N/A,Referral
P0766,C-E-Client-02,E-Client-02,Energy,Strategic Planning,2024-07-06,2024-12-06,,Cancelled,Medium,4,2,2,40910000.0,54330000.0,,,,N/A,Referral
P1627,C-TAI-Client-02,TAI-Client-02,Technology and Innovation,Data Visualization & Analytics,2024-07-07,2024-10-07,2024-10-08,Completed,Medium,7,2,5,33150000.0,33580000.0,1.0,0.013,4.2,No,Referral
P1334,C-CEAT-Client-04,CEAT-Client-04,Creative Economy and Tourism,Strategic Planning,2024-07-08,2024-10-08,2024-10-09,Completed,Low,3,1,2,9120000.0,9210000.0,1.0,0.01,3.4,No,Repeat Client
P0417,C-CACM-Client-05,CACM-Client-05,Climate and Carbon Markets,Market & Social Research,2024-07-09,2024-10-09,2025-01-03,Completed,Medium,8,2,6,40140000.0,61210000.0,86.0,0.525,1.7,Too Recent,Competitive Tender
P0414,C-CACM-Client-02,CACM-Client-02,Climate and Carbon Markets,Stakeholder Engagement,2024-07-14,2024-10-14,2024-10-18,Completed,Low,2,1,1,9180000.0,9460000.0,4.0,0.031,4.0,No,Referral
P0160,C-A-Client-05,A-Client-05,Agriculture,Market & Social Research,2024-07-15,2024-11-15,2025-02-10,Completed,Medium,6,3,3,30100000.0,44760000.0,87.0,0.487,2.1,Too Recent,Repeat Client
P0163,C-A-Client-05,A-Client-05,Agriculture,Strategic Planning,2024-07-16,2025-01-16,2025-01-18,Completed,High,15,7,8,150950000.0,152910000.0,2.0,0.013,4.6,Too Recent,Repeat Client
P1330,C-CEAT-Client-06,CEAT-Client-06,Creative Economy and Tourism,Data Visualization & Analytics,2024-07-16,2024-11-16,2024-11-17,Completed,Medium,7,2,5,30890000.0,31110000.0,1.0,0.007,4.1,Yes,Repeat Client
P0413,C-CACM-Client-03,CACM-Client-03,Climate and Carbon Markets,Market & Social Research,2024-07-17,2025-01-17,2025-01-20,Completed,High,9,2,7,132130000.0,134640000.0,3.0,0.019,4.5,Too Recent,Repeat Client
P1331,C-CEAT-Client-06,CEAT-Client-06,Creative Economy and Tourism,Market & Social Research,2024-07-17,2024-10-17,2024-10-18,Completed,Low,4,1,3,10790000.0,10880000.0,1.0,0.008,4.0,No,Referral
P0162,C-A-Client-04,A-Client-04,Agriculture,Digital Transformation,2024-07-18,2024-10-18,2024-11-06,Completed,Medium,5,2,3,18630000.0,21030000.0,19.0,0.129,3.3,No,Direct Outreach
P1633,C-TAI-Client-07,TAI-Client-07,Technology and Innovation,Market & Social Research,2024-07-18,2024-09-18,2024-09-22,Completed,Low,3,1,2,7800000.0,8260000.0,4.0,0.059,3.8,Yes,Repeat Client
P0999,C-FAI-Client-02,FAI-Client-02,Finance and Insurance,Strategic Planning,2024-07-18,2024-10-18,2024-10-21,Completed,Low,2,1,1,8140000.0,8360000.0,3.0,0.027,4.1,Yes,Referral
P1329,C-CEAT-Client-09,CEAT-Client-09,Creative Economy and Tourism,Strategic Planning,2024-07-19,2024-10-19,2024-10-21,Completed,Low,4,1,3,9940000.0,10220000.0,2.0,0.028,4.1,No,Competitive Tender
P0765,C-E-Client-09,E-Client-09,Energy,Data Visualization & Analytics,2024-07-19,2024-08-19,2024-08-21,Completed,Low,3,1,2,4700000.0,5040000.0,2.0,0.072,4.4,Yes,Repeat Client
P1332,C-CEAT-Client-09,CEAT-Client-09,Creative Economy and Tourism,Digital Transformation,2024-07-20,2024-10-20,2024-10-20,Completed,Low,3,1,2,7820000.0,7820000.0,0.0,0.0,4.8,Yes,Repeat Client
P0412,C-CACM-Client-08,CACM-Client-08,Climate and Carbon Markets,Digital Transformation,2024-07-21,2024-11-21,2024-11-23,Completed,High,14,6,8,111870000.0,113100000.0,2.0,0.011,4.4,No,Repeat Client
P1333,C-CEAT-Client-03,CEAT-Client-03,Creative Economy and Tourism,Stakeholder Engagement,2024-07-21,2024-09-21,2024-09-21,Completed,Low,3,1,2,5910000.0,5910000.0,0.0,0.0,4.3,No,Competitive Tender
P0418,C-CACM-Client-02,CACM-Client-02,Climate and Carbon Markets,Stakeholder Engagement,2024-07-21,2025-01-21,2025-02-05,Completed,High,15,4,11,208700000.0,224350000.0,15.0,0.075,3.6,Too Recent,Repeat Client
P0419,C-CACM-Client-03,CACM-Client-03,Climate and Carbon Markets,Market & Social Research,2024-07-21,2024-08-21,2024-08-25,Completed,Low,4,1,3,5350000.0,5950000.0,4.0,0.112,3.9,No,Repeat Client
P0416,C-CACM-Client-05,CACM-Client-05,Climate and Carbon Markets,Strategic Planning,2024-07-23,2024-12-23,2024-12-26,Completed,High,12,5,7,136260000.0,139120000.0,3.0,0.021,4.3,No,Repeat Client
P1625,C-TAI-Client-08,TAI-Client-08,Technology and Innovation,Digital Transformation,2024-07-23,2024-10-23,2024-10-27,Completed,Low,2,1,1,8120000.0,8560000.0,4.0,0.054,3.9,Yes,Repeat Client
P1632,C-TAI-Client-08,TAI-Client-08,Technology and Innovation,Market & Social Research,2024-07-24,2024-09-24,2024-09-26,Completed,Low,4,2,2,8870000.0,9130000.0,2.0,0.029,4.5,No,Repeat Client
P0410,C-CACM-Client-07,CACM-Client-07,Climate and Carbon Markets,Political Risk Management,2024-07-24,2024-12-24,2024-12-25,Completed,Medium,8,4,4,77240000.0,77700000.0,1.0,0.006,4.3,No,Repeat Client
P1630,C-TAI-Client-06,TAI-Client-06,Technology and Innovation,Political Risk Management,2024-07-24,2024-11-24,2025-03-12,Completed,High,8,2,6,62000000.0,94980000.0,108.0,0.532,1.5,Too Recent,Repeat Client
P1629,C-TAI-Client-05,TAI-Client-05,Technology and Innovation,Stakeholder Engagement,2024-07-25,2024-09-25,2024-09-29,Completed,Low,4,1,3,10180000.0,10570000.0,4.0,0.038,3.8,Yes,Competitive Tender
P0164,C-A-Client-04,A-Client-04,Agriculture,Data Visualization & Analytics,2024-07-27,2024-10-27,2024-10-31,Completed,Medium,6,2,4,19150000.0,19670000.0,4.0,0.027,4.3,No,Repeat Client
P0411,C-CACM-Client-03,CACM-Client-03,Climate and Carbon Markets,Data Visualization & Analytics,2024-07-27,2024-10-27,2024-10-28,Completed,Low,2,1,1,7950000.0,8050000.0,1.0,0.013,4.1,No,Competitive Tender
P1635,C-TAI-Client-07,TAI-Client-07,Technology and Innovation,Political Risk Management,2024-08-01,2025-01-01,2025-01-01,Completed,Medium,4,1,3,27230000.0,27230000.0,0.0,0.0,4.4,Too Recent,Repeat Client
P1000,C-FAI-Client-07,FAI-Client-07,Finance and Insurance,Stakeholder Engagement,2024-08-01,2024-11-01,2024-11-01,Completed,Low,4,2,2,16780000.0,16780000.0,0.0,0.0,4.2,No,Direct Outreach
P0768,C-E-Client-03,E-Client-03,Energy,Data Visualization & Analytics,2024-08-01,2025-02-01,2025-02-04,Completed,High,10,2,8,145230000.0,147260000.0,3.0,0.014,4.0,Too Recent,Repeat Client
P1337,C-CEAT-Client-09,CEAT-Client-09,Creative Economy and Tourism,Digital Transformation,2024-08-02,2024-12-02,2025-01-11,Completed,Medium,6,2,4,25990000.0,33420000.0,40.0,0.286,3.7,Too Recent,Competitive Tender
P1181,C-PS-Client-08,PS-Client-08,Public Sector,Digital Transformation,2024-08-02,2024-11-02,2024-11-04,Completed,Low,4,1,3,12470000.0,12690000.0,2.0,0.018,4.0,No,Repeat Client
P0166,C-A-Client-05,A-Client-05,Agriculture,Digital Transformation,2024-08-02,2024-09-02,2024-09-06,Completed,Low,4,2,2,4600000.0,5000000.0,4.0,0.087,4.3,Yes,Repeat Client
P0421,C-CACM-Client-01,CACM-Client-01,Climate and Carbon Markets,Digital Transformation,2024-08-02,2024-09-02,2024-09-02,Completed,Low,2,1,1,3250000.0,3250000.0,0.0,0.0,4.4,Yes,Competitive Tender
P0426,C-CACM-Client-08,CACM-Client-08,Climate and Carbon Markets,Political Risk Management,2024-08-03,2024-10-03,2024-10-03,Completed,Medium,5,1,4,19270000.0,19270000.0,0.0,0.0,4.4,Yes,Repeat Client
P1644,C-TAI-Client-08,TAI-Client-08,Technology and Innovation,Market & Social Research,2024-08-04,2024-12-04,,Cancelled,Medium,7,2,5,50310000.0,63440000.0,,,,N/A,Referral
P0170,C-A-Client-08,A-Client-08,Agriculture,Strategic Planning,2024-08-04,2024-10-04,2024-10-06,Completed,Medium,7,3,4,14340000.0,14810000.0,2.0,0.033,4.0,No,Referral
P0167,C-A-Client-02,A-Client-02,Agriculture,Strategic Planning,2024-08-05,2024-11-05,2024-11-05,Completed,Low,3,1,2,9020000.0,9020000.0,0.0,0.0,4.8,No,Repeat Client
P1637,C-TAI-Client-02,TAI-Client-02,Technology and Innovation,Digital Transformation,2024-08-05,2025-03-05,2025-03-07,Completed,High,13,4,9,202560000.0,204590000.0,2.0,0.01,4.2,Too Recent,Repeat Client
P0770,C-E-Client-02,E-Client-02,Energy,Stakeholder Engagement,2024-08-05,2025-04-05,2025-04-09,Completed,High,9,3,6,138170000.0,140660000.0,4.0,0.018,4.5,Too Recent,Repeat Client
P0428,C-CACM-Client-06,CACM-Client-06,Climate and Carbon Markets,Digital Transformation,2024-08-05,2024-10-05,2024-10-08,Completed,Low,4,1,3,10590000.0,10940000.0,3.0,0.033,4.2,Yes,Repeat Client
P0165,C-A-Client-03,A-Client-03,Agriculture,Data Visualization & Analytics,2024-08-06,2024-10-06,2024-10-09,Completed,Low,2,1,1,4190000.0,4330000.0,3.0,0.034,4.0,Yes,Competitive Tender
P1638,C-TAI-Client-04,TAI-Client-04,Technology and Innovation,Data Visualization & Analytics,2024-08-06,2024-10-06,2024-10-09,Completed,Medium,6,1,5,16290000.0,17040000.0,3.0,0.046,4.4,Yes,Repeat Client
P1338,C-CEAT-Client-05,CEAT-Client-05,Creative Economy and Tourism,Data Visualization & Analytics,2024-08-07,2024-12-07,2024-12-09,Completed,High,10,3,7,50160000.0,50860000.0,2.0,0.014,4.0,No,Competitive Tender
P1639,C-TAI-Client-02,TAI-Client-02,Technology and Innovation,Market & Social Research,2024-08-07,2025-04-07,2025-04-09,Completed,High,13,6,7,214880000.0,216380000.0,2.0,0.007,4.7,Too Recent,Repeat Client
P0425,C-CACM-Client-05,CACM-Client-05,Climate and Carbon Markets,Political Risk Management,2024-08-08,2024-11-08,,Cancelled,Low,3,1,2,14950000.0,18760000.0,,,,N/A,Competitive Tender
P0767,C-E-Client-09,E-Client-09,Energy,Political Risk Management,2024-08-08,2024-11-08,2024-11-11,Completed,Medium,4,1,3,25220000.0,26150000.0,3.0,0.037,4.4,Yes,Repeat Client
P0773,C-E-Client-03,E-Client-03,Energy,Digital Transformation,2024-08-10,2024-12-10,2024-12-14,Completed,Medium,5,2,3,34860000.0,35940000.0,4.0,0.031,3.8,No,Competitive Tender
P1341,C-CEAT-Client-01,CEAT-Client-01,Creative Economy and Tourism,Market & Social Research,2024-08-11,2024-12-11,2024-12-14,Completed,Medium,7,2,5,31970000.0,32800000.0,3.0,0.026,4.7,No,Repeat Client
P0169,C-A-Client-05,A-Client-05,Agriculture,Political Risk Management,2024-08-11,2024-09-11,2024-09-12,Completed,Low,2,1,1,2100000.0,2180000.0,1.0,0.037,4.3,No,Repeat Client
P1642,C-TAI-Client-07,TAI-Client-07,Technology and Innovation,Political Risk Management,2024-08-13,2024-12-13,2024-12-26,Completed,Medium,7,3,4,43410000.0,47880000.0,13.0,0.103,4.0,Yes,Repeat Client
P0423,C-CACM-Client-01,CACM-Client-01,Climate and Carbon Markets,Political Risk Management,2024-08-14,2024-11-14,2024-11-18,Completed,Low,4,1,3,15260000.0,15810000.0,4.0,0.036,4.2,No,Repeat Client
P0774,C-E-Client-06,E-Client-06,Energy,Market & Social Research,2024-08-14,2024-11-14,2024-11-16,Completed,Low,3,1,2,12020000.0,12310000.0,2.0,0.024,4.4,No,Direct Outreach
P1179,C-PS-Client-03,PS-Client-03,Public Sector,Data Visualization & Analytics,2024-08-14,2024-12-14,2024-12-28,Completed,Medium,4,2,2,19840000.0,21090000.0,14.0,0.063,4.0,No,Referral
P0427,C-CACM-Client-06,CACM-Client-06,Climate and Carbon Markets,Stakeholder Engagement,2024-08-16,2025-01-16,2025-01-17,Completed,Medium,5,2,3,49030000.0,49230000.0,1.0,0.004,3.8,Too Recent,Direct Outreach
P1643,C-TAI-Client-08,TAI-Client-08,Technology and Innovation,Strategic Planning,2024-08-17,2024-12-17,2024-12-17,Completed,Medium,5,1,4,31420000.0,31420000.0,0.0,0.0,4.9,No,Competitive Tender
P0430,C-CACM-Client-06,CACM-Client-06,Climate and Carbon Markets,Market & Social Research,2024-08-17,2025-04-17,2025-06-01,Completed,High,8,4,4,151420000.0,170650000.0,45.0,0.127,3.8,Too Recent,Competitive Tender
P1636,C-TAI-Client-02,TAI-Client-02,Technology and Innovation,Strategic Planning,2024-08-17,2024-11-17,2024-11-17,Completed,Low,4,1,3,16170000.0,16170000.0,0.0,0.0,4.2,Yes,Repeat Client
P1001,C-FAI-Client-04,FAI-Client-04,Finance and Insurance,Digital Transformation,2024-08-18,2024-10-18,2024-10-21,Completed,Medium,6,2,4,26180000.0,27440000.0,3.0,0.048,3.8,No,Repeat Client
P1340,C-CEAT-Client-02,CEAT-Client-02,Creative Economy and Tourism,Digital Transformation,2024-08-18,2024-12-18,2024-12-19,Completed,Medium,4,2,2,18620000.0,18810000.0,1.0,0.01,4.3,Yes,Referral
P1180,C-PS-Client-04,PS-Client-04,Public Sector,Strategic Planning,2024-08-19,2024-12-19,2024-12-19,Completed,High,13,4,9,85690000.0,85690000.0,0.0,0.0,4.5,Yes,Repeat Client
P0168,C-A-Client-08,A-Client-08,Agriculture,Political Risk Management,2024-08-19,2024-10-19,2024-10-23,Completed,Low,3,1,2,5200000.0,5480000.0,4.0,0.054,4.3,No,Repeat Client
P0424,C-CACM-Client-05,CACM-Client-05,Climate and Carbon Markets,Political Risk Management,2024-08-21,2025-04-21,2025-04-23,Completed,High,11,2,9,205540000.0,207800000.0,2.0,0.011,5.0,Too Recent,Repeat Client
P0772,C-E-Client-02,E-Client-02,Energy,Data Visualization & Analytics,2024-08-22,2024-10-22,2024-10-24,Completed,Low,4,1,3,10910000.0,11240000.0,2.0,0.03,3.8,Yes,Repeat Client
P0420,C-CACM-Client-06,CACM-Client-06,Climate and Carbon Markets,Stakeholder Engagement,2024-08-22,2024-11-22,2024-11-23,Completed,Low,4,2,2,19950000.0,20090000.0,1.0,0.007,4.2,Yes,Repeat Client
P0769,C-E-Client-01,E-Client-01,Energy,Strategic Planning,2024-08-23,2024-09-23,2024-09-25,Completed,Low,3,1,2,4630000.0,4880000.0,2.0,0.055,4.0,No,Referral
P0775,C-E-Client-10,E-Client-10,Energy,Market & Social Research,2024-08-23,2024-12-23,2024-12-25,Completed,Medium,5,2,3,36960000.0,37660000.0,2.0,0.019,3.8,No,Direct Outreach
P1002,C-FAI-Client-07,FAI-Client-07,Finance and Insurance,Digital Transformation,2024-08-24,2024-12-24,2024-12-26,Completed,Medium,5,1,4,46340000.0,46800000.0,2.0,0.01,4.5,No,Repeat Client
P0422,C-CACM-Client-04,CACM-Client-04,Climate and Carbon Markets,Stakeholder Engagement,2024-08-25,2024-11-25,2024-11-28,Completed,Low,3,1,2,12140000.0,12410000.0,3.0,0.022,4.3,No,Repeat Client
P1641,C-TAI-Client-05,TAI-Client-05,Technology and Innovation,Digital Transformation,2024-08-25,2024-11-25,2024-11-25,Completed,Low,4,2,2,13470000.0,13470000.0,0.0,0.0,4.5,No,Direct Outreach
P1339,C-CEAT-Client-05,CEAT-Client-05,Creative Economy and Tourism,Stakeholder Engagement,2024-08-26,2024-10-26,2024-11-26,Completed,Medium,6,2,4,13690000.0,17820000.0,31.0,0.302,3.3,No,Referral
P1640,C-TAI-Client-05,TAI-Client-05,Technology and Innovation,Digital Transformation,2024-08-27,2025-01-27,2025-01-29,Completed,Medium,7,3,4,54780000.0,55270000.0,2.0,0.009,4.4,Too Recent,Repeat Client
P0771,C-E-Client-06,E-Client-06,Energy,Digital Transformation,2024-08-28,2024-10-28,2024-10-28,Completed,Low,2,1,1,6840000.0,6840000.0,0.0,0.0,4.6,Yes,Referral
P1634,C-TAI-Client-06,TAI-Client-06,Technology and Innovation,Market & Social Research,2024-08-28,2024-10-28,2024-11-01,Completed,Medium,7,3,4,24520000.0,26110000.0,4.0,0.065,3.9,No,Repeat Client
P0429,C-CACM-Client-03,CACM-Client-03,Climate and Carbon Markets,Data Visualization & Analytics,2024-08-28,2025-02-28,2025-02-28,Completed,High,13,4,9,186810000.0,186810000.0,0.0,0.0,4.8,Too Recent,Repeat Client
P1336,C-CEAT-Client-07,CEAT-Client-07,Creative Economy and Tourism,Political Risk Management,2024-08-28,2024-09-28,2024-10-01,Completed,Low,4,1,3,3230000.0,3540000.0,3.0,0.095,3.7,No,Competitive Tender
P1646,C-TAI-Client-01,TAI-Client-01,Technology and Innovation,Market & Social Research,2024-09-02,2024-10-02,2024-10-06,Completed,Low,3,1,2,4070000.0,4630000.0,4.0,0.138,4.0,Yes,Repeat Client
P0438,C-CACM-Client-08,CACM-Client-08,Climate and Carbon Markets,Data Visualization & Analytics,2024-09-02,2024-11-02,2024-11-02,Completed,Low,3,1,2,7480000.0,7480000.0,0.0,0.0,4.4,No,Repeat Client
P1654,C-TAI-Client-05,TAI-Client-05,Technology and Innovation,Digital Transformation,2024-09-02,2024-10-02,2024-10-02,Completed,Low,4,1,3,4580000.0,4580000.0,0.0,0.0,4.0,No,Direct Outreach
P0780,C-E-Client-02,E-Client-02,Energy,Market & Social Research,2024-09-05,2024-11-05,2024-11-07,Completed,Low,4,2,2,13240000.0,13640000.0,2.0,0.03,4.3,No,Competitive Tender
P0172,C-A-Client-02,A-Client-02,Agriculture,Market & Social Research,2024-09-05,2024-12-05,2024-12-09,Completed,Low,3,1,2,9220000.0,9630000.0,4.0,0.045,4.6,Yes,Referral
P0432,C-CACM-Client-05,CACM-Client-05,Climate and Carbon Markets,Political Risk Management,2024-09-05,2024-10-05,2024-11-16,Completed,Low,2,1,1,2760000.0,3850000.0,42.0,0.394,3.3,No,Direct Outreach
P1344,C-CEAT-Client-06,CEAT-Client-06,Creative Economy and Tourism,Political Risk Management,2024-09-05,2025-02-05,2025-02-06,Completed,Medium,8,2,6,40790000.0,41120000.0,1.0,0.008,4.5,Too Recent,Competitive Tender
P1655,C-TAI-Client-03,TAI-Client-03,Technology and Innovation,Data Visualization & Analytics,2024-09-06,2024-11-06,2024-12-09,Completed,Low,3,1,2,7320000.0,9130000.0,33.0,0.247,3.8,Yes,Repeat Client
P1342,C-CEAT-Client-08,CEAT-Client-08,Creative Economy and Tourism,Political Risk Management,2024-09-07,2025-01-07,2025-01-09,Completed,Medium,6,1,5,26300000.0,26830000.0,2.0,0.02,4.0,Too Recent,Referral
P1004,C-FAI-Client-04,FAI-Client-04,Finance and Insurance,Strategic Planning,2024-09-08,2025-05-08,2025-05-12,Completed,High,11,3,8,190360000.0,194360000.0,4.0,0.021,4.6,Too Recent,Competitive Tender
P1651,C-TAI-Client-01,TAI-Client-01,Technology and Innovation,Strategic Planning,2024-09-09,2025-05-09,2025-05-11,Completed,High,12,5,7,166290000.0,167450000.0,2.0,0.007,4.8,Too Recent,Referral
P1650,C-TAI-Client-08,TAI-Client-08,Technology and Innovation,Stakeholder Engagement,2024-09-10,2025-06-10,2025-10-06,Completed,High,14,6,8,279470000.0,339280000.0,118.0,0.214,2.7,Too Recent,Repeat Client
P0779,C-E-Client-02,E-Client-02,Energy,Political Risk Management,2024-09-11,2024-12-11,2024-12-15,Completed,Medium,8,3,5,45440000.0,46940000.0,4.0,0.033,3.9,No,Repeat Client
P0776,C-E-Client-03,E-Client-03,Energy,Market & Social Research,2024-09-13,2025-03-13,2025-05-01,Completed,High,11,2,9,170950000.0,200180000.0,49.0,0.171,3.4,Too Recent,Repeat Client
P1647,C-TAI-Client-03,TAI-Client-03,Technology and Innovation,Data Visualization & Analytics,2024-09-13,2025-05-13,2025-07-19,Completed,High,12,4,8,215530000.0,252600000.0,67.0,0.172,3.1,Too Recent,Repeat Client
P1652,C-TAI-Client-08,TAI-Client-08,Technology and Innovation,Data Visualization & Analytics,2024-09-14,2024-10-14,2024-10-18,Completed,Low,3,1,2,4170000.0,4760000.0,4.0,0.142,4.1,Yes,Direct Outreach
P0437,C-CACM-Client-06,CACM-Client-06,Climate and Carbon Markets,Strategic Planning,2024-09-15,2024-12-15,2025-01-17,Completed,Medium,5,1,4,25220000.0,29710000.0,33.0,0.178,3.4,Too Recent,Repeat Client
P0431,C-CACM-Client-08,CACM-Client-08,Climate and Carbon Markets,Market & Social Research,2024-09-15,2024-11-15,2024-12-16,Completed,Medium,6,1,5,20110000.0,28800000.0,31.0,0.432,2.1,No,Repeat Client
P0435,C-CACM-Client-08,CACM-Client-08,Climate and Carbon Markets,Data Visualization & Analytics,2024-09-16,2024-12-16,2024-12-17,Completed,Low,3,1,2,13510000.0,13690000.0,1.0,0.013,4.1,No,Referral
P0436,C-CACM-Client-07,CACM-Client-07,Climate and Carbon Markets,Stakeholder Engagement,2024-09-16,2025-01-16,2025-04-16,Completed,High,8,2,6,59550000.0,75330000.0,90.0,0.265,2.5,Too Recent,Competitive Tender
P0434,C-CACM-Client-04,CACM-Client-04,Climate and Carbon Markets,Market & Social Research,2024-09-19,2024-12-19,2024-12-19,Completed,Low,3,1,2,12060000.0,12060000.0,0.0,0.0,4.0,Yes,Referral
P0171,C-A-Client-01,A-Client-01,Agriculture,Market & Social Research,2024-09-19,2024-12-19,2024-12-21,Completed,Low,4,2,2,12730000.0,12920000.0,2.0,0.015,4.5,Yes,Competitive Tender
P1182,C-PS-Client-02,PS-Client-02,Public Sector,Market & Social Research,2024-09-20,2024-10-20,2024-11-16,Completed,Low,3,1,2,3380000.0,4650000.0,27.0,0.377,2.5,No,Repeat Client
P1648,C-TAI-Client-02,TAI-Client-02,Technology and Innovation,Digital Transformation,2024-09-20,2025-05-20,2025-05-22,Completed,High,8,3,5,138590000.0,139840000.0,2.0,0.009,4.3,Too Recent,Competitive Tender
P1645,C-TAI-Client-02,TAI-Client-02,Technology and Innovation,Digital Transformation,2024-09-21,2024-12-21,2024-12-24,Completed,Medium,4,2,2,20870000.0,21450000.0,3.0,0.028,4.4,Yes,Referral
P0777,C-E-Client-10,E-Client-10,Energy,Political Risk Management,2024-09-24,2024-10-24,2024-10-26,Completed,Low,4,1,3,6820000.0,7230000.0,2.0,0.06,4.6,No,Repeat Client
P1649,C-TAI-Client-08,TAI-Client-08,Technology and Innovation,Market & Social Research,2024-09-25,2024-12-25,2024-12-28,Completed,Low,3,1,2,13720000.0,14190000.0,3.0,0.034,4.1,Yes,Repeat Client
P1343,C-CEAT-Client-03,CEAT-Client-03,Creative Economy and Tourism,Political Risk Management,2024-09-26,2024-10-26,2024-10-28,Completed,Low,4,1,3,3840000.0,3990000.0,2.0,0.038,4.3,Yes,Repeat Client
P1345,C-CEAT-Client-01,CEAT-Client-01,Creative Economy and Tourism,Stakeholder Engagement,2024-09-26,2024-11-26,,Cancelled,Low,4,1,3,6160000.0,6540000.0,,,,N/A,Repeat Client
P0433,C-CACM-Client-03,CACM-Client-03,Climate and Carbon Markets,Data Visualization & Analytics,2024-09-28,2025-02-28,2025-03-04,Completed,Medium,5,1,4,38450000.0,39490000.0,4.0,0.027,4.0,Too Recent,Direct Outreach
P0778,C-E-Client-03,E-Client-03,Energy,Stakeholder Engagement,2024-09-28,2024-12-28,2024-12-30,Completed,Low,2,1,1,9050000.0,9220000.0,2.0,0.019,4.1,Yes,Repeat Client
P1003,C-FAI-Client-03,FAI-Client-03,Finance and Insurance,Market & Social Research,2024-09-28,2024-12-28,2025-01-01,Completed,Low,2,1,1,9930000.0,10380000.0,4.0,0.045,4.1,Too Recent,Direct Outreach
P1653,C-TAI-Client-08,TAI-Client-08,Technology and Innovation,Strategic Planning,2024-09-28,2025-04-28,2025-04-29,Completed,High,14,5,9,186280000.0,187030000.0,1.0,0.004,3.5,Too Recent,Repeat Client
P1661,C-TAI-Client-03,TAI-Client-03,Technology and Innovation,Data Visualization & Analytics,2024-10-01,2025-01-01,2025-01-05,Completed,Low,2,1,1,8740000.0,9170000.0,4.0,0.049,4.2,Too Recent,Referral
P1184,C-PS-Client-03,PS-Client-03,Public Sector,Digital Transformation,2024-10-02,2024-12-02,2024-12-05,Completed,Medium,6,3,3,15360000.0,16160000.0,3.0,0.052,3.9,No,Repeat Client
P0446,C-CACM-Client-03,CACM-Client-03,Climate and Carbon Markets,Digital Transformation,2024-10-02,2024-12-02,2024-12-04,Completed,Medium,4,2,2,15200000.0,15610000.0,2.0,0.027,4.1,No,Competitive Tender
P0441,C-CACM-Client-04,CACM-Client-04,Climate and Carbon Markets,Data Visualization & Analytics,2024-10-02,2025-03-02,2025-03-05,Completed,Medium,4,2,2,33570000.0,34310000.0,3.0,0.022,4.6,Too Recent,Competitive Tender
P1664,C-TAI-Client-04,TAI-Client-04,Technology and Innovation,Digital Transformation,2024-10-02,2025-01-02,2025-01-03,Completed,Medium,5,1,4,27820000.0,28040000.0,1.0,0.008,4.1,Too Recent,Repeat Client
P1348,C-CEAT-Client-01,CEAT-Client-01,Creative Economy and Tourism,Data Visualization & Analytics,2024-10-03,2025-03-03,2025-03-07,Completed,High,11,4,7,73640000.0,74970000.0,4.0,0.018,4.1,Too Recent,Direct Outreach
P1007,C-FAI-Client-08,FAI-Client-08,Finance and Insurance,Data Visualization & Analytics,2024-10-04,2024-11-04,2024-11-05,Completed,Low,4,1,3,6750000.0,6890000.0,1.0,0.021,4.4,No,Repeat Client
P0173,C-A-Client-04,A-Client-04,Agriculture,Stakeholder Engagement,2024-10-04,2025-01-04,2025-01-05,Completed,Low,3,1,2,7520000.0,7600000.0,1.0,0.011,4.5,Too Recent,Repeat Client
P0444,C-CACM-Client-06,CACM-Client-06,Climate and Carbon Markets,Stakeholder Engagement,2024-10-04,2025-03-04,2025-03-06,Completed,Medium,6,3,3,51500000.0,52220000.0,2.0,0.014,3.9,Too Recent,Repeat Client
P1005,C-FAI-Client-08,FAI-Client-08,Finance and Insurance,Digital Transformation,2024-10-06,2024-12-06,2024-12-10,Completed,Medium,8,3,5,28440000.0,29920000.0,4.0,0.052,3.8,No,Competitive Tender
P1183,C-PS-Client-06,PS-Client-06,Public Sector,Digital Transformation,2024-10-06,2024-12-06,2024-12-28,Completed,Low,2,1,1,4620000.0,6200000.0,22.0,0.341,3.2,No,Repeat Client
P0783,C-E-Client-02,E-Client-02,Energy,Data Visualization & Analytics,2024-10-07,2024-11-07,2024-12-24,Completed,Low,4,1,3,5570000.0,8910000.0,47.0,0.6,2.1,No,Referral
P1347,C-CEAT-Client-06,CEAT-Client-06,Creative Economy and Tourism,Data Visualization & Analytics,2024-10-07,2025-01-07,2025-01-10,Completed,Low,4,2,2,12070000.0,12340000.0,3.0,0.022,4.3,Too Recent,Repeat Client
P1659,C-TAI-Client-07,TAI-Client-07,Technology and Innovation,Stakeholder Engagement,2024-10-09,2024-12-09,2024-12-10,Completed,Low,4,2,2,10060000.0,10160000.0,1.0,0.01,3.9,No,Repeat Client
P0784,C-E-Client-01,E-Client-01,Energy,Political Risk Management,2024-10-09,2024-12-09,2024-12-09,Completed,Medium,4,1,3,13650000.0,13650000.0,0.0,0.0,4.3,No,Referral
P0440,C-CACM-Client-07,CACM-Client-07,Climate and Carbon Markets,Data Visualization & Analytics,2024-10-09,2025-01-09,2025-01-13,Completed,Low,3,1,2,12720000.0,13250000.0,4.0,0.042,4.0,Too Recent,Repeat Client
P1346,C-CEAT-Client-09,CEAT-Client-09,Creative Economy and Tourism,Strategic Planning,2024-10-10,2025-02-10,2025-04-05,Completed,Medium,8,2,6,29410000.0,36850000.0,54.0,0.253,3.4,Too Recent,Repeat Client
P0447,C-CACM-Client-08,CACM-Client-08,Climate and Carbon Markets,Market & Social Research,2024-10-11,2025-03-11,2025-03-15,Completed,Medium,8,3,5,69780000.0,70970000.0,4.0,0.017,3.9,Too Recent,Competitive Tender
P0781,C-E-Client-02,E-Client-02,Energy,Digital Transformation,2024-10-12,2024-12-12,2024-12-13,Completed,Low,2,1,1,5950000.0,6040000.0,1.0,0.015,4.8,Yes,Repeat Client
P0445,C-CACM-Client-07,CACM-Client-07,Climate and Carbon Markets,Stakeholder Engagement,2024-10-12,2024-11-12,2024-11-15,Completed,Low,2,1,1,2430000.0,2690000.0,3.0,0.108,3.9,Yes,Direct Outreach
P1662,C-TAI-Client-07,TAI-Client-07,Technology and Innovation,Strategic Planning,2024-10-12,2024-12-12,2024-12-12,Completed,Medium,6,2,4,18120000.0,18120000.0,0.0,0.0,4.3,No,Referral
P1008,C-FAI-Client-04,FAI-Client-04,Finance and Insurance,Strategic Planning,2024-10-12,2024-11-12,2024-11-12,Completed,Low,4,1,3,7370000.0,7370000.0,0.0,0.0,5.0,Yes,Repeat Client
P0174,C-A-Client-05,A-Client-05,Agriculture,Stakeholder Engagement,2024-10-13,2025-05-13,2025-05-13,Completed,High,14,4,10,143070000.0,143070000.0,0.0,0.0,3.9,Too Recent,Competitive Tender
P1349,C-CEAT-Client-07,CEAT-Client-07,Creative Economy and Tourism,Market & Social Research,2024-10-13,2025-01-13,2025-01-17,Completed,Medium,8,3,5,21730000.0,22510000.0,4.0,0.036,4.6,Too Recent,Repeat Client
P0175,C-A-Client-01,A-Client-01,Agriculture,Stakeholder Engagement,2024-10-14,2024-12-14,2024-12-17,Completed,Low,4,2,2,7970000.0,8240000.0,3.0,0.034,4.2,Yes,Repeat Client
P1663,C-TAI-Client-07,TAI-Client-07,Technology and Innovation,Data Visualization & Analytics,2024-10-14,2024-12-14,2024-12-14,Completed,Low,3,1,2,8410000.0,8410000.0,0.0,0.0,4.1,Yes,Repeat Client
P0785,C-E-Client-03,E-Client-03,Energy,Political Risk Management,2024-10-15,2025-01-15,2025-01-17,Completed,Low,3,1,2,14790000.0,15190000.0,2.0,0.027,3.8,Too Recent,Repeat Client
P0443,C-CACM-Client-02,CACM-Client-02,Climate and Carbon Markets,Market & Social Research,2024-10-15,2025-02-15,2025-02-17,Completed,Medium,8,3,5,50640000.0,51250000.0,2.0,0.012,4.4,Too Recent,Repeat Client
P0786,C-E-Client-09,E-Client-09,Energy,Political Risk Management,2024-10-16,2025-05-16,2025-08-27,Completed,High,12,4,8,226300000.0,322930000.0,103.0,0.427,2.6,Too Recent,Direct Outreach
P1006,C-FAI-Client-02,FAI-Client-02,Finance and Insurance,Data Visualization & Analytics,2024-10-18,2024-11-18,2024-12-23,Completed,Low,3,1,2,5030000.0,7770000.0,35.0,0.544,2.5,No,Repeat Client
P1658,C-TAI-Client-01,TAI-Client-01,Technology and Innovation,Political Risk Management,2024-10-18,2025-01-18,2025-01-21,Completed,Medium,8,3,5,37810000.0,39280000.0,3.0,0.039,4.1,Too Recent,Repeat Client
P0442,C-CACM-Client-07,CACM-Client-07,Climate and Carbon Markets,Stakeholder Engagement,2024-10-18,2025-04-18,2025-04-20,Completed,High,8,3,5,87820000.0,88870000.0,2.0,0.012,3.8,Too Recent,Repeat Client
P0439,C-CACM-Client-07,CACM-Client-07,Climate and Carbon Markets,Market & Social Research,2024-10-18,2024-12-18,2024-12-19,Completed,Medium,4,2,2,11920000.0,12130000.0,1.0,0.018,4.8,Yes,Repeat Client
P0448,C-CACM-Client-06,CACM-Client-06,Climate and Carbon Markets,Stakeholder Engagement,2024-10-20,2025-06-20,2025-06-22,Completed,High,9,2,7,151870000.0,153240000.0,2.0,0.009,4.5,Too Recent,Repeat Client
P1660,C-TAI-Client-06,TAI-Client-06,Technology and Innovation,Strategic Planning,2024-10-22,2025-02-22,2025-03-29,Completed,Medium,6,3,3,44290000.0,53330000.0,35.0,0.204,3.8,Too Recent,Repeat Client
P1657,C-TAI-Client-08,TAI-Client-08,Technology and Innovation,Political Risk Management,2024-10-22,2025-03-22,2025-03-25,Completed,Medium,8,4,4,73260000.0,74510000.0,3.0,0.017,4.8,Too Recent,Direct Outreach
P0782,C-E-Client-01,E-Client-01,Energy,Data Visualization & Analytics,2024-10-22,2025-02-22,2025-03-28,Completed,Medium,7,2,5,48160000.0,55430000.0,34.0,0.151,3.7,Too Recent,Repeat Client
P0177,C-A-Client-04,A-Client-04,Agriculture,Market & Social Research,2024-10-22,2024-11-22,2024-12-21,Completed,Low,2,1,1,1960000.0,2560000.0,29.0,0.306,3.3,No,Competitive Tender
P1656,C-TAI-Client-02,TAI-Client-02,Technology and Innovation,Stakeholder Engagement,2024-10-23,2024-12-23,2024-12-24,Completed,Low,3,1,2,6850000.0,6930000.0,1.0,0.011,3.8,No,Repeat Client
P0176,C-A-Client-04,A-Client-04,Agriculture,Data Visualization & Analytics,2024-10-24,2024-12-24,2025-01-25,Completed,Medium,5,2,3,14090000.0,17920000.0,32.0,0.272,3.2,Too Recent,Repeat Client
P1668,C-TAI-Client-01,TAI-Client-01,Technology and Innovation,Data Visualization & Analytics,2024-11-01,2025-04-01,2025-04-26,Completed,Medium,8,3,5,71540000.0,81910000.0,25.0,0.145,3.7,Too Recent,Competitive Tender
P0455,C-CACM-Client-07,CACM-Client-07,Climate and Carbon Markets,Market & Social Research,2024-11-02,2025-04-02,2025-04-14,Completed,Medium,5,2,3,37670000.0,39440000.0,12.0,0.047,3.8,Too Recent,Referral
P1670,C-TAI-Client-04,TAI-Client-04,Technology and Innovation,Data Visualization & Analytics,2024-11-04,2025-01-04,2025-01-04,Completed,Low,2,1,1,5640000.0,5640000.0,0.0,0.0,4.3,Too Recent,Repeat Client
P0787,C-E-Client-04,E-Client-04,Energy,Market & Social Research,2024-11-04,2025-01-04,2025-01-07,Completed,Low,4,1,3,12250000.0,12630000.0,3.0,0.031,4.3,Too Recent,Repeat Client
P1187,C-PS-Client-06,PS-Client-06,Public Sector,Digital Transformation,2024-11-07,2025-03-07,2025-06-23,Completed,High,13,3,10,98460000.0,154680000.0,108.0,0.571,1.6,Too Recent,Repeat Client
P0180,C-A-Client-05,A-Client-05,Agriculture,Digital Transformation,2024-11-08,2025-01-08,2025-01-12,Completed,Low,4,1,3,7070000.0,7510000.0,4.0,0.062,4.0,Too Recent,Repeat Client
P1674,C-TAI-Client-07,TAI-Client-07,Technology and Innovation,Market & Social Research,2024-11-09,2025-01-09,2025-01-13,Completed,Medium,6,3,3,18050000.0,19170000.0,4.0,0.062,4.1,Too Recent,Repeat Client
P1009,C-FAI-Client-04,FAI-Client-04,Finance and Insurance,Data Visualization & Analytics,2024-11-10,2025-02-10,2025-02-13,Completed,Low,2,1,1,9390000.0,9710000.0,3.0,0.034,3.9,Too Recent,Repeat Client
P1665,C-TAI-Client-05,TAI-Client-05,Technology and Innovation,Strategic Planning,2024-11-10,2025-01-10,2025-01-14,Completed,Medium,4,2,2,12860000.0,13800000.0,4.0,0.073,4.3,Too Recent,Competitive Tender
P0453,C-CACM-Client-01,CACM-Client-01,Climate and Carbon Markets,Stakeholder Engagement,2024-11-10,2025-02-10,2025-02-12,Completed,Low,4,2,2,14500000.0,14700000.0,2.0,0.014,4.1,Too Recent,Referral
P0789,C-E-Client-02,E-Client-02,Energy,Data Visualization & Analytics,2024-11-11,2025-01-11,2025-01-11,Completed,Low,2,1,1,5470000.0,5470000.0,0.0,0.0,3.9,Too Recent,Repeat Client
P1676,C-TAI-Client-08,TAI-Client-08,Technology and Innovation,Political Risk Management,2024-11-11,2025-05-11,2025-06-13,Completed,High,8,2,6,104430000.0,123960000.0,33.0,0.187,3.5,Too Recent,Referral
P0449,C-CACM-Client-05,CACM-Client-05,Climate and Carbon Markets,Stakeholder Engagement,2024-11-11,2024-12-11,2024-12-12,Completed,Low,3,1,2,4440000.0,4590000.0,1.0,0.033,3.5,No,Referral
P0450,C-CACM-Client-08,CACM-Client-08,Climate and Carbon Markets,Digital Transformation,2024-11-11,2025-07-11,2025-07-14,Completed,High,15,6,9,269120000.0,272620000.0,3.0,0.013,3.5,Too Recent,Repeat Client
P1666,C-TAI-Client-06,TAI-Client-06,Technology and Innovation,Strategic Planning,2024-11-11,2025-02-11,2025-02-25,Completed,Medium,4,1,3,21540000.0,24450000.0,14.0,0.135,3.2,Too Recent,Repeat Client
P0452,C-CACM-Client-07,CACM-Client-07,Climate and Carbon Markets,Stakeholder Engagement,2024-11-11,2025-02-11,2025-02-13,Completed,Low,2,1,1,8240000.0,8390000.0,2.0,0.018,4.2,Too Recent,Direct Outreach
P1186,C-PS-Client-08,PS-Client-08,Public Sector,Digital Transformation,2024-11-11,2025-07-11,2025-11-11,Completed,High,12,5,7,169350000.0,218800000.0,123.0,0.292,2.5,Too Recent,Repeat Client
P0458,C-CACM-Client-07,CACM-Client-07,Climate and Carbon Markets,Digital Transformation,2024-11-11,2025-06-11,2025-06-13,Completed,High,9,3,6,146390000.0,147710000.0,2.0,0.009,3.9,Too Recent,Repeat Client
P1669,C-TAI-Client-06,TAI-Client-06,Technology and Innovation,Stakeholder Engagement,2024-11-13,2025-02-13,2025-02-13,Completed,Low,3,1,2,12930000.0,12930000.0,0.0,0.0,4.3,Too Recent,Repeat Client
P0788,C-E-Client-05,E-Client-05,Energy,Strategic Planning,2024-11-15,2024-12-15,2024-12-18,Completed,Low,2,1,1,3580000.0,3790000.0,3.0,0.06,4.2,Yes,Direct Outreach
P0179,C-A-Client-05,A-Client-05,Agriculture,Strategic Planning,2024-11-15,2025-08-15,2025-08-17,Completed,High,14,4,10,199670000.0,201470000.0,2.0,0.009,3.9,Too Recent,Repeat Client
P1667,C-TAI-Client-07,TAI-Client-07,Technology and Innovation,Data Visualization & Analytics,2024-11-15,2025-02-15,2025-02-16,Completed,Low,3,1,2,10200000.0,10320000.0,1.0,0.012,4.2,Too Recent,Repeat Client
P0454,C-CACM-Client-04,CACM-Client-04,Climate and Carbon Markets,Digital Transformation,2024-11-16,2025-03-16,2025-03-16,Completed,Medium,8,3,5,51600000.0,51600000.0,0.0,0.0,4.0,Too Recent,Repeat Client
P1671,C-TAI-Client-06,TAI-Client-06,Technology and Innovation,Market & Social Research,2024-11-16,2025-02-16,2025-02-16,Completed,Low,4,2,2,15860000.0,15860000.0,0.0,0.0,4.0,Too Recent,Competitive Tender
P1673,C-TAI-Client-04,TAI-Client-04,Technology and Innovation,Data Visualization & Analytics,2024-11-16,2025-01-16,2025-01-19,Completed,Medium,8,2,6,25400000.0,26700000.0,3.0,0.051,4.0,Too Recent,Referral
P1185,C-PS-Client-08,PS-Client-08,Public Sector,Market & Social Research,2024-11-18,2024-12-18,2024-12-18,Completed,Low,2,1,1,2460000.0,2460000.0,0.0,0.0,4.2,Yes,Referral
P0178,C-A-Client-01,A-Client-01,Agriculture,Political Risk Management,2024-11-18,2025-03-18,2025-03-22,Completed,High,9,2,7,57230000.0,58430000.0,4.0,0.021,4.5,Too Recent,Direct Outreach
P0451,C-CACM-Client-01,CACM-Client-01,Climate and Carbon Markets,Data Visualization & Analytics,2024-11-19,2025-03-19,2025-05-02,Completed,Medium,7,2,5,54780000.0,70390000.0,44.0,0.285,3.2,Too Recent,Repeat Client
P1675,C-TAI-Client-02,TAI-Client-02,Technology and Innovation,Stakeholder Engagement,2024-11-20,2025-08-20,2025-10-14,Completed,High,8,4,4,126340000.0,146050000.0,55.0,0.156,3.1,Too Recent,Direct Outreach
P1350,C-CEAT-Client-06,CEAT-Client-06,Creative Economy and Tourism,Digital Transformation,2024-11-20,2025-01-20,2025-01-21,Completed,Medium,6,2,4,13310000.0,13470000.0,1.0,0.012,4.4,Too Recent,Repeat Client
P1672,C-TAI-Client-07,TAI-Client-07,Technology and Innovation,Market & Social Research,2024-11-20,2025-01-20,2025-01-23,Completed,Low,3,1,2,9230000.0,9650000.0,3.0,0.046,3.6,Too Recent,Repeat Client
P0457,C-CACM-Client-01,CACM-Client-01,Climate and Carbon Markets,Political Risk Management,2024-11-23,2024-12-23,2025-02-03,Completed,Low,2,1,1,2510000.0,4020000.0,42.0,0.6,3.0,Too Recent,Repeat Client
P0456,C-CACM-Client-01,CACM-Client-01,Climate and Carbon Markets,Stakeholder Engagement,2024-11-27,2025-02-27,2025-03-01,Completed,Low,2,1,1,8510000.0,8630000.0,2.0,0.014,4.8,Too Recent,Competitive Tender
P1351,C-CEAT-Client-02,CEAT-Client-02,Creative Economy and Tourism,Political Risk Management,2024-12-02,2025-04-02,2025-04-03,Completed,Medium,7,3,4,25660000.0,25870000.0,1.0,0.008,4.8,Too Recent,Repeat Client
P0791,C-E-Client-10,E-Client-10,Energy,Political Risk Management,2024-12-03,2025-04-03,2025-04-05,Completed,Medium,8,2,6,56250000.0,57380000.0,2.0,0.02,3.8,Too Recent,Direct Outreach
P1192,C-PS-Client-05,PS-Client-05,Public Sector,Data Visualization & Analytics,2024-12-03,2025-03-03,2025-03-06,Completed,Medium,7,3,4,29950000.0,31180000.0,3.0,0.041,4.0,Too Recent,Repeat Client
P1688,C-TAI-Client-01,TAI-Client-01,Technology and Innovation,Market & Social Research,2024-12-04,2025-05-04,2025-07-23,Completed,High,10,4,6,116970000.0,160950000.0,80.0,0.376,2.5,Too Recent,Referral
P1684,C-TAI-Client-07,TAI-Client-07,Technology and Innovation,Data Visualization & Analytics,2024-12-05,2025-04-05,2025-04-06,Completed,Medium,7,2,5,41650000.0,42020000.0,1.0,0.009,4.6,Too Recent,Direct Outreach
P1188,C-PS-Client-08,PS-Client-08,Public Sector,Digital Transformation,2024-12-05,2025-06-05,2025-08-14,Completed,High,7,2,5,67990000.0,91040000.0,70.0,0.339,2.9,Too Recent,Referral
P0790,C-E-Client-02,E-Client-02,Energy,Stakeholder Engagement,2024-12-06,2025-05-06,2025-05-06,Completed,Medium,5,1,4,49590000.0,49590000.0,0.0,0.0,4.4,Too Recent,Direct Outreach
P1683,C-TAI-Client-03,TAI-Client-03,Technology and Innovation,Market & Social Research,2024-12-07,2025-02-07,2025-02-10,Completed,Low,3,1,2,7580000.0,7970000.0,3.0,0.052,4.7,Too Recent,Repeat Client
P0794,C-E-Client-09,E-Client-09,Energy,Digital Transformation,2024-12-07,2025-03-07,2025-03-11,Completed,Medium,7,3,4,42520000.0,44090000.0,4.0,0.037,4.5,Too Recent,Repeat Client
P0461,C-CACM-Client-08,CACM-Client-08,Climate and Carbon Markets,Stakeholder Engagement,2024-12-07,2025-03-07,2025-03-07,Completed,Low,3,1,2,14300000.0,14300000.0,0.0,0.0,4.0,Too Recent,Referral
P1356,C-CEAT-Client-09,CEAT-Client-09,Creative Economy and Tourism,Data Visualization & Analytics,2024-12-07,2025-04-07,2025-04-08,Completed,Medium,7,2,5,31670000.0,31830000.0,1.0,0.005,3.7,Too Recent,Repeat Client
P0459,C-CACM-Client-08,CACM-Client-08,Climate and Carbon Markets,Digital Transformation,2024-12-07,2025-02-07,2025-03-17,Completed,Low,4,2,2,11180000.0,16610000.0,38.0,0.486,2.2,Too Recent,Referral
P1677,C-TAI-Client-05,TAI-Client-05,Technology and Innovation,Stakeholder Engagement,2024-12-07,2025-04-07,2025-04-09,Completed,Medium,4,1,3,24430000.0,24720000.0,2.0,0.012,4.1,Too Recent,Repeat Client
P0183,C-A-Client-05,A-Client-05,Agriculture,Market & Social Research,2024-12-08,2025-03-08,2025-03-12,Completed,Low,2,1,1,6100000.0,6410000.0,4.0,0.051,3.9,Too Recent,Repeat Client
P1352,C-CEAT-Client-05,CEAT-Client-05,Creative Economy and Tourism,Market & Social Research,2024-12-08,2025-06-08,2025-06-12,Completed,High,14,6,8,104060000.0,106870000.0,4.0,0.027,3.1,Too Recent,Repeat Client
P0464,C-CACM-Client-05,CACM-Client-05,Climate and Carbon Markets,Market & Social Research,2024-12-08,2025-02-08,2025-02-08,Completed,Low,4,1,3,13320000.0,13320000.0,0.0,0.0,4.4,Too Recent,Repeat Client
P1686,C-TAI-Client-03,TAI-Client-03,Technology and Innovation,Data Visualization & Analytics,2024-12-09,2025-02-09,2025-02-13,Completed,Low,4,2,2,8970000.0,9540000.0,4.0,0.063,4.6,Too Recent,Competitive Tender
P0469,C-CACM-Client-02,CACM-Client-02,Climate and Carbon Markets,Data Visualization & Analytics,2024-12-10,2025-01-10,2025-01-13,Completed,Low,3,1,2,4950000.0,5350000.0,3.0,0.081,3.5,Too Recent,Repeat Client
P0465,C-CACM-Client-04,CACM-Client-04,Climate and Carbon Markets,Digital Transformation,2024-12-10,2025-02-10,2025-02-13,Completed,Low,4,2,2,10780000.0,11430000.0,3.0,0.06,4.3,Too Recent,Repeat Client
P0463,C-CACM-Client-08,CACM-Client-08,Climate and Carbon Markets,Market & Social Research,2024-12-11,2025-04-11,2025-05-26,Completed,Medium,6,2,4,43750000.0,57750000.0,45.0,0.32,2.8,Too Recent,Repeat Client
P0462,C-CACM-Client-08,CACM-Client-08,Climate and Carbon Markets,Stakeholder Engagement,2024-12-13,2025-02-13,2025-02-13,Completed,Low,2,1,1,4920000.0,4920000.0,0.0,0.0,4.2,Too Recent,Repeat Client
P1012,C-FAI-Client-06,FAI-Client-06,Finance and Insurance,Market & Social Research,2024-12-14,2025-05-14,2025-05-16,Completed,High,7,3,4,84510000.0,85360000.0,2.0,0.01,3.6,Too Recent,Repeat Client
P0793,C-E-Client-02,E-Client-02,Energy,Data Visualization & Analytics,2024-12-14,2025-01-14,2025-01-14,Completed,Low,2,1,1,3450000.0,3450000.0,0.0,0.0,4.4,Too Recent,Repeat Client
P1690,C-TAI-Client-04,TAI-Client-04,Technology and Innovation,Market & Social Research,2024-12-14,2025-05-14,2025-05-16,Completed,Medium,4,2,2,27410000.0,27820000.0,2.0,0.015,4.5,Too Recent,Repeat Client
P1679,C-TAI-Client-08,TAI-Client-08,Technology and Innovation,Digital Transformation,2024-12-14,2025-05-14,2025-05-15,Completed,Medium,6,3,3,49400000.0,49800000.0,1.0,0.008,4.1,Too Recent,Repeat Client
P1189,C-PS-Client-08,PS-Client-08,Public Sector,Market & Social Research,2024-12-15,2025-04-15,2025-04-19,Completed,Medium,8,2,6,43000000.0,44290000.0,4.0,0.03,4.1,Too Recent,Repeat Client
P1010,C-FAI-Client-05,FAI-Client-05,Finance and Insurance,Digital Transformation,2024-12-16,2025-05-16,2025-06-03,Completed,Medium,6,2,4,69950000.0,77010000.0,18.0,0.101,3.0,Too Recent,Competitive Tender
P1681,C-TAI-Client-05,TAI-Client-05,Technology and Innovation,Digital Transformation,2024-12-16,2025-03-16,2025-03-19,Completed,Medium,7,3,4,31810000.0,33080000.0,3.0,0.04,3.8,Too Recent,Repeat Client
P1353,C-CEAT-Client-02,CEAT-Client-02,Creative Economy and Tourism,Data Visualization & Analytics,2024-12-17,2025-06-17,2025-06-19,Completed,High,9,3,6,71350000.0,71850000.0,2.0,0.007,3.5,Too Recent,Competitive Tender
P1194,C-PS-Client-01,PS-Client-01,Public Sector,Stakeholder Engagement,2024-12-17,2025-07-17,2025-08-03,Completed,High,9,3,6,123530000.0,130200000.0,17.0,0.054,4.0,Too Recent,Referral
P1355,C-CEAT-Client-09,CEAT-Client-09,Creative Economy and Tourism,Market & Social Research,2024-12-17,2025-04-17,2025-07-02,Completed,High,14,6,8,86760000.0,113740000.0,76.0,0.311,2.6,Too Recent,Repeat Client
P0467,C-CACM-Client-02,CACM-Client-02,Climate and Carbon Markets,Stakeholder Engagement,2024-12-18,2025-04-18,2025-05-24,Completed,Medium,6,3,3,38130000.0,48080000.0,36.0,0.261,3.1,Too Recent,Direct Outreach
P1193,C-PS-Client-01,PS-Client-01,Public Sector,Digital Transformation,2024-12-18,2025-02-18,2025-02-19,Completed,Low,3,1,2,6560000.0,6660000.0,1.0,0.016,4.4,Too Recent,Referral
P1682,C-TAI-Client-01,TAI-Client-01,Technology and Innovation,Stakeholder Engagement,2024-12-18,2025-05-18,2025-05-19,Completed,Medium,8,2,6,57480000.0,57710000.0,1.0,0.004,4.4,Too Recent,Repeat Client
P1190,C-PS-Client-06,PS-Client-06,Public Sector,Data Visualization & Analytics,2024-12-19,2025-03-19,2025-03-19,Completed,Medium,8,2,6,34700000.0,34700000.0,0.0,0.0,4.6,Too Recent,Referral
P1011,C-FAI-Client-06,FAI-Client-06,Finance and Insurance,Data Visualization & Analytics,2024-12-19,2025-01-19,2025-03-02,Completed,Low,4,2,2,6950000.0,9990000.0,42.0,0.438,3.3,Too Recent,Repeat Client
P0468,C-CACM-Client-06,CACM-Client-06,Climate and Carbon Markets,Market & Social Research,2024-12-22,2025-05-22,2025-06-24,Completed,Medium,7,2,5,67580000.0,78930000.0,33.0,0.168,3.1,Too Recent,Repeat Client
P1687,C-TAI-Client-07,TAI-Client-07,Technology and Innovation,Market & Social Research,2024-12-22,2025-03-22,2025-03-24,Completed,Low,2,1,1,9020000.0,9270000.0,2.0,0.028,4.2,Too Recent,Repeat Client
P0466,C-CACM-Client-08,CACM-Client-08,Climate and Carbon Markets,Data Visualization & Analytics,2024-12-23,2025-05-23,2025-05-24,Completed,Medium,6,3,3,45530000.0,45940000.0,1.0,0.009,4.7,Too Recent,Repeat Client
P0792,C-E-Client-03,E-Client-03,Energy,Stakeholder Engagement,2024-12-23,2025-02-23,2025-02-26,Completed,Medium,7,3,4,22500000.0,23620000.0,3.0,0.05,4.1,Too Recent,Repeat Client
P0460,C-CACM-Client-03,CACM-Client-03,Climate and Carbon Markets,Stakeholder Engagement,2024-12-24,2025-01-24,2025-01-27,Completed,Low,4,1,3,6370000.0,7080000.0,3.0,0.112,3.8,Too Recent,Repeat Client
P1191,C-PS-Client-09,PS-Client-09,Public Sector,Market & Social Research,2024-12-24,2025-02-24,2025-02-25,Completed,Low,3,1,2,6190000.0,6310000.0,1.0,0.02,3.8,Too Recent,Repeat Client
P1680,C-TAI-Client-03,TAI-Client-03,Technology and Innovation,Stakeholder Engagement,2024-12-25,2025-03-25,2025-03-27,Completed,Medium,4,2,2,19540000.0,20050000.0,2.0,0.026,3.8,Too Recent,Competitive Tender
P1354,C-CEAT-Client-02,CEAT-Client-02,Creative Economy and Tourism,Political Risk Management,2024-12-26,2025-02-26,2025-02-26,Completed,Medium,5,2,3,9890000.0,9890000.0,0.0,0.0,4.1,Too Recent,Competitive Tender
P1678,C-TAI-Client-06,TAI-Client-06,Technology and Innovation,Market & Social Research,2024-12-26,2025-04-26,2025-04-28,Completed,Medium,7,3,4,41980000.0,42480000.0,2.0,0.012,4.0,Too Recent,Repeat Client
P0182,C-A-Client-02,A-Client-02,Agriculture,Stakeholder Engagement,2024-12-26,2025-03-26,2025-03-26,Completed,Medium,7,2,5,26040000.0,26040000.0,0.0,0.0,4.1,Too Recent,Competitive Tender
P1689,C-TAI-Client-08,TAI-Client-08,Technology and Innovation,Stakeholder Engagement,2024-12-26,2025-02-26,,Cancelled,Low,3,1,2,7730000.0,8270000.0,,,,N/A,Repeat Client
P0181,C-A-Client-04,A-Client-04,Agriculture,Data Visualization & Analytics,2024-12-28,2025-05-28,2025-05-30,Completed,Medium,4,1,3,28450000.0,28790000.0,2.0,0.012,4.3,Too Recent,Competitive Tender
P1685,C-TAI-Client-04,TAI-Client-04,Technology and Innovation,Political Risk Management,2024-12-28,2025-01-28,2025-01-29,Completed,Low,4,2,2,5810000.0,5980000.0,1.0,0.03,3.6,Too Recent,Repeat Client
P0798,C-E-Client-05,E-Client-05,Energy,Digital Transformation,2025-01-01,2025-08-01,2025-08-04,Completed,High,8,2,6,131180000.0,133020000.0,3.0,0.014,4.0,Too Recent,Repeat Client
P0473,C-CACM-Client-04,CACM-Client-04,Climate and Carbon Markets,Digital Transformation,2025-01-02,2025-04-02,2025-04-06,Completed,Low,4,2,2,17700000.0,18320000.0,4.0,0.035,4.6,Too Recent,Repeat Client
P0184,C-A-Client-05,A-Client-05,Agriculture,Stakeholder Engagement,2025-01-03,2025-03-03,2025-05-04,Completed,Medium,5,2,3,12590000.0,20110000.0,62.0,0.597,2.1,Too Recent,Repeat Client
P1697,C-TAI-Client-02,TAI-Client-02,Technology and Innovation,Data Visualization & Analytics,2025-01-03,2025-04-03,2025-04-03,Completed,Medium,8,3,5,43420000.0,43420000.0,0.0,0.0,4.0,Too Recent,Repeat Client
P0472,C-CACM-Client-04,CACM-Client-04,Climate and Carbon Markets,Market & Social Research,2025-01-04,2025-04-04,2025-04-06,Completed,Low,4,2,2,17500000.0,17960000.0,2.0,0.026,4.3,Too Recent,Repeat Client
P1696,C-TAI-Client-05,TAI-Client-05,Technology and Innovation,Political Risk Management,2025-01-04,2025-03-04,2025-03-24,Completed,Medium,8,3,5,30030000.0,35230000.0,20.0,0.173,4.1,Too Recent,Direct Outreach
P0796,C-E-Client-10,E-Client-10,Energy,Stakeholder Engagement,2025-01-04,2025-03-04,2025-03-05,Completed,Medium,7,3,4,30930000.0,31360000.0,1.0,0.014,4.4,Too Recent,Competitive Tender
P1699,C-TAI-Client-04,TAI-Client-04,Technology and Innovation,Data Visualization & Analytics,2025-01-05,2025-02-05,2025-02-06,Completed,Low,2,1,1,3130000.0,3210000.0,1.0,0.024,4.2,Too Recent,Repeat Client
P0471,C-CACM-Client-05,CACM-Client-05,Climate and Carbon Markets,Market & Social Research,2025-01-07,2025-05-07,2025-05-08,Completed,Medium,8,4,4,64580000.0,65290000.0,1.0,0.011,4.4,Too Recent,Repeat Client
P0474,C-CACM-Client-07,CACM-Client-07,Climate and Carbon Markets,Data Visualization & Analytics,2025-01-08,2025-02-08,2025-02-08,Completed,Low,2,1,1,3220000.0,3220000.0,0.0,0.0,3.8,Too Recent,Repeat Client
P1691,C-TAI-Client-05,TAI-Client-05,Technology and Innovation,Data Visualization & Analytics,2025-01-09,2025-04-09,2025-04-12,Completed,Medium,4,1,3,19540000.0,19950000.0,3.0,0.021,3.9,Too Recent,Repeat Client
P1698,C-TAI-Client-07,TAI-Client-07,Technology and Innovation,Market & Social Research,2025-01-11,2025-06-11,2025-06-14,Completed,Medium,5,2,3,47170000.0,47970000.0,3.0,0.017,4.0,Too Recent,Competitive Tender
P0186,C-A-Client-07,A-Client-07,Agriculture,Data Visualization & Analytics,2025-01-15,2025-04-15,2025-04-19,Completed,Low,3,1,2,10070000.0,10410000.0,4.0,0.034,4.1,Too Recent,Repeat Client
P0470,C-CACM-Client-08,CACM-Client-08,Climate and Carbon Markets,Market & Social Research,2025-01-15,2025-04-15,2025-04-19,Completed,Low,3,1,2,13940000.0,14470000.0,4.0,0.038,4.2,Too Recent,Repeat Client
P1693,C-TAI-Client-02,TAI-Client-02,Technology and Innovation,Data Visualization & Analytics,2025-01-16,2025-05-16,2025-07-26,Completed,High,7,3,4,49320000.0,71120000.0,71.0,0.442,2.0,Too Recent,Repeat Client
P0187,C-A-Client-08,A-Client-08,Agriculture,Strategic Planning,2025-01-17,2025-04-17,2025-04-20,Completed,Low,3,1,2,9630000.0,9830000.0,3.0,0.021,4.1,Too Recent,Repeat Client
P0476,C-CACM-Client-08,CACM-Client-08,Climate and Carbon Markets,Political Risk Management,2025-01-18,2025-02-18,2025-02-20,Completed,Low,3,1,2,3690000.0,3930000.0,2.0,0.064,4.1,Too Recent,Competitive Tender
P1694,C-TAI-Client-07,TAI-Client-07,Technology and Innovation,Data Visualization & Analytics,2025-01-20,2025-05-20,2025-07-17,Completed,Medium,4,2,2,27200000.0,36090000.0,58.0,0.327,2.9,Too Recent,Referral
P0478,C-CACM-Client-04,CACM-Client-04,Climate and Carbon Markets,Stakeholder Engagement,2025-01-21,2025-05-21,2025-05-21,Completed,High,8,3,5,69350000.0,69350000.0,0.0,0.0,4.1,Too Recent,Repeat Client
P0477,C-CACM-Client-06,CACM-Client-06,Climate and Carbon Markets,Data Visualization & Analytics,2025-01-21,2025-04-21,2025-04-22,Completed,Medium,6,2,4,31080000.0,31420000.0,1.0,0.011,4.6,Too Recent,Competitive Tender
P1695,C-TAI-Client-03,TAI-Client-03,Technology and Innovation,Market & Social Research,2025-01-22,2025-03-22,2025-03-26,Completed,Medium,7,2,5,21650000.0,22600000.0,4.0,0.044,4.7,Too Recent,Competitive Tender
P1692,C-TAI-Client-01,TAI-Client-01,Technology and Innovation,Digital Transformation,2025-01-22,2025-04-22,2025-04-22,Completed,Low,2,1,1,8580000.0,8580000.0,0.0,0.0,4.2,Too Recent,Repeat Client
P0475,C-CACM-Client-03,CACM-Client-03,Climate and Carbon Markets,Strategic Planning,2025-01-23,2025-08-23,2025-09-16,Completed,High,8,3,5,132180000.0,147120000.0,24.0,0.113,3.7,Too Recent,Direct Outreach
P0795,C-E-Client-05,E-Client-05,Energy,Market & Social Research,2025-01-24,2025-05-24,2025-05-28,Completed,Medium,6,2,4,39530000.0,40440000.0,4.0,0.023,4.5,Too Recent,Referral
P0479,C-CACM-Client-03,CACM-Client-03,Climate and Carbon Markets,Political Risk Management,2025-01-24,2025-10-24,2025-12-26,Completed,High,7,2,5,142490000.0,168280000.0,63.0,0.181,2.6,Too Recent,Repeat Client
P0185,C-A-Client-08,A-Client-08,Agriculture,Strategic Planning,2025-01-24,2025-04-24,2025-04-25,Completed,Low,3,1,2,9390000.0,9520000.0,1.0,0.014,3.7,Too Recent,Referral
P1357,C-CEAT-Client-02,CEAT-Client-02,Creative Economy and Tourism,Stakeholder Engagement,2025-01-25,2025-03-25,2025-03-28,Completed,Low,2,1,1,3480000.0,3650000.0,3.0,0.05,4.5,Too Recent,Repeat Client
P1013,C-FAI-Client-07,FAI-Client-07,Finance and Insurance,Data Visualization & Analytics,2025-01-26,2025-02-26,2025-02-27,Completed,Low,4,2,2,7150000.0,7400000.0,1.0,0.035,3.9,Too Recent,Repeat Client
P0797,C-E-Client-01,E-Client-01,Energy,Data Visualization & Analytics,2025-01-27,2025-03-27,2025-03-27,Completed,Low,2,1,1,7110000.0,7110000.0,0.0,0.0,4.6,Too Recent,Repeat Client
P1708,C-TAI-Client-05,TAI-Client-05,Technology and Innovation,Strategic Planning,2025-02-01,2025-07-01,2025-09-23,Completed,Medium,6,2,4,52290000.0,70540000.0,84.0,0.349,2.6,Too Recent,Competitive Tender
P0196,C-A-Client-06,A-Client-06,Agriculture,Data Visualization & Analytics,2025-02-02,2025-04-02,2025-04-03,Completed,Low,2,1,1,4680000.0,4770000.0,1.0,0.02,4.5,Too Recent,Repeat Client
P0191,C-A-Client-08,A-Client-08,Agriculture,Data Visualization & Analytics,2025-02-02,2025-05-02,2025-05-04,Completed,Medium,7,3,4,27340000.0,28110000.0,2.0,0.028,3.5,Too Recent,Repeat Client
P1361,C-CEAT-Client-05,CEAT-Client-05,Creative Economy and Tourism,Digital Transformation,2025-02-04,2025-06-04,2025-07-17,Completed,Medium,4,1,3,15500000.0,19050000.0,43.0,0.229,3.4,Too Recent,Repeat Client
P1707,C-TAI-Client-08,TAI-Client-08,Technology and Innovation,Political Risk Management,2025-02-04,2025-10-04,2025-11-24,Completed,High,10,2,8,136400000.0,159860000.0,51.0,0.172,3.6,Too Recent,Referral
P1364,C-CEAT-Client-02,CEAT-Client-02,Creative Economy and Tourism,Strategic Planning,2025-02-05,2025-03-05,2025-03-20,Completed,Low,3,1,2,2390000.0,3270000.0,15.0,0.367,3.3,Too Recent,Repeat Client
P1716,C-TAI-Client-04,TAI-Client-04,Technology and Innovation,Digital Transformation,2025-02-05,2025-04-05,2025-04-05,Completed,Medium,7,3,4,26910000.0,26910000.0,0.0,0.0,4.4,Too Recent,Referral
P0481,C-CACM-Client-01,CACM-Client-01,Climate and Carbon Markets,Strategic Planning,2025-02-06,2025-05-06,2025-05-07,Completed,Low,3,1,2,14180000.0,14340000.0,1.0,0.011,4.3,Too Recent,Referral
P0192,C-A-Client-08,A-Client-08,Agriculture,Strategic Planning,2025-02-06,2025-05-06,2025-05-20,Completed,Low,3,1,2,8660000.0,10050000.0,14.0,0.161,3.6,Too Recent,Referral
P0800,C-E-Client-02,E-Client-02,Energy,Political Risk Management,2025-02-07,2025-05-07,2025-05-11,Completed,Medium,6,2,4,36690000.0,38710000.0,4.0,0.055,3.7,Too Recent,Competitive Tender
P1362,C-CEAT-Client-04,CEAT-Client-04,Creative Economy and Tourism,Data Visualization & Analytics,2025-02-07,2025-04-07,2025-04-08,Completed,Low,2,1,1,3870000.0,3930000.0,1.0,0.016,4.7,Too Recent,Repeat Client
P1363,C-CEAT-Client-02,CEAT-Client-02,Creative Economy and Tourism,Data Visualization & Analytics,2025-02-09,2025-06-09,2025-06-13,Completed,Medium,7,3,4,30460000.0,31530000.0,4.0,0.035,3.7,Too Recent,Repeat Client
P0486,C-CACM-Client-06,CACM-Client-06,Climate and Carbon Markets,Data Visualization & Analytics,2025-02-09,2025-05-09,2025-05-09,Completed,Medium,4,2,2,22290000.0,22290000.0,0.0,0.0,4.2,Too Recent,Referral
P0189,C-A-Client-04,A-Client-04,Agriculture,Digital Transformation,2025-02-09,2025-04-09,2025-04-11,Completed,Medium,4,2,2,9370000.0,9620000.0,2.0,0.027,4.3,Too Recent,Repeat Client
P0482,C-CACM-Client-05,CACM-Client-05,Climate and Carbon Markets,Political Risk Management,2025-02-10,2025-04-10,2025-04-13,Completed,Medium,6,2,4,25210000.0,26120000.0,3.0,0.036,4.2,Too Recent,Competitive Tender
P1198,C-PS-Client-06,PS-Client-06,Public Sector,Strategic Planning,2025-02-10,2025-06-10,,Cancelled,Medium,7,3,4,40000000.0,40960000.0,,,,N/A,Competitive Tender
P0485,C-CACM-Client-08,CACM-Client-08,Climate and Carbon Markets,Digital Transformation,2025-02-11,2025-03-11,2025-03-13,Completed,Low,4,2,2,5930000.0,6370000.0,2.0,0.075,4.1,Too Recent,Repeat Client
P0197,C-A-Client-01,A-Client-01,Agriculture,Digital Transformation,2025-02-11,2025-03-11,,Cancelled,Low,3,1,2,2660000.0,2660000.0,,,,N/A,Referral
P1704,C-TAI-Client-01,TAI-Client-01,Technology and Innovation,Digital Transformation,2025-02-12,2025-06-12,2025-07-02,Completed,Medium,4,2,2,26740000.0,30960000.0,20.0,0.158,4.0,Too Recent,Repeat Client
P1706,C-TAI-Client-06,TAI-Client-06,Technology and Innovation,Digital Transformation,2025-02-13,2025-04-13,2025-04-13,Completed,Low,4,2,2,11540000.0,11540000.0,0.0,0.0,4.5,Too Recent,Referral
P1359,C-CEAT-Client-05,CEAT-Client-05,Creative Economy and Tourism,Strategic Planning,2025-02-13,2025-04-13,2025-04-13,Completed,Medium,4,1,3,9910000.0,9910000.0,0.0,0.0,5.0,Too Recent,Referral
P1702,C-TAI-Client-04,TAI-Client-04,Technology and Innovation,Data Visualization & Analytics,2025-02-14,2025-04-14,2025-04-15,Completed,Low,4,2,2,12230000.0,12490000.0,1.0,0.021,4.8,Too Recent,Repeat Client
P1712,C-TAI-Client-02,TAI-Client-02,Technology and Innovation,Market & Social Research,2025-02-14,2025-08-14,2025-08-18,Completed,High,13,6,7,176150000.0,179850000.0,4.0,0.021,3.8,Too Recent,Repeat Client
P1714,C-TAI-Client-01,TAI-Client-01,Technology and Innovation,Strategic Planning,2025-02-14,2025-06-14,2025-06-16,Completed,Medium,7,3,4,54040000.0,54900000.0,2.0,0.016,5.0,Too Recent,Repeat Client
P1710,C-TAI-Client-01,TAI-Client-01,Technology and Innovation,Data Visualization & Analytics,2025-02-15,2025-06-15,2025-06-15,Completed,Medium,7,2,5,46470000.0,46470000.0,0.0,0.0,4.4,Too Recent,Direct Outreach
P1700,C-TAI-Client-01,TAI-Client-01,Technology and Innovation,Political Risk Management,2025-02-15,2025-04-15,2025-04-15,Completed,Low,3,1,2,7710000.0,7710000.0,0.0,0.0,4.6,Too Recent,Referral
P1015,C-FAI-Client-05,FAI-Client-05,Finance and Insurance,Political Risk Management,2025-02-15,2025-04-15,2025-04-19,Completed,Low,3,1,2,10780000.0,11300000.0,4.0,0.048,4.0,Too Recent,Repeat Client
P0193,C-A-Client-06,A-Client-06,Agriculture,Data Visualization & Analytics,2025-02-16,2025-06-16,2025-06-28,Completed,Medium,7,3,4,35170000.0,37770000.0,12.0,0.074,4.2,Too Recent,Repeat Client
P0802,C-E-Client-02,E-Client-02,Energy,Digital Transformation,2025-02-16,2025-05-16,2025-05-19,Completed,Low,3,1,2,13230000.0,13690000.0,3.0,0.035,4.2,Too Recent,Competitive Tender
P1197,C-PS-Client-03,PS-Client-03,Public Sector,Stakeholder Engagement,2025-02-17,2025-07-17,2025-07-20,Completed,Medium,8,3,5,60120000.0,61500000.0,3.0,0.023,4.1,Too Recent,Repeat Client
P1016,C-FAI-Client-02,FAI-Client-02,Finance and Insurance,Data Visualization & Analytics,2025-02-18,2025-06-18,2025-06-20,Completed,High,9,4,5,90760000.0,92580000.0,2.0,0.02,4.8,Too Recent,Referral
P1701,C-TAI-Client-06,TAI-Client-06,Technology and Innovation,Stakeholder Engagement,2025-02-18,2025-08-18,2025-08-20,Completed,High,8,3,5,102110000.0,103130000.0,2.0,0.01,4.5,Too Recent,Repeat Client
P0803,C-E-Client-06,E-Client-06,Energy,Political Risk Management,2025-02-18,2025-04-18,2025-04-20,Completed,Low,2,1,1,5910000.0,6110000.0,2.0,0.033,4.1,Too Recent,Competitive Tender
P0487,C-CACM-Client-03,CACM-Client-03,Climate and Carbon Markets,Stakeholder Engagement,2025-02-19,2025-11-19,2025-11-23,Completed,High,10,5,5,182320000.0,184690000.0,4.0,0.013,4.4,Too Recent,Repeat Client
P0188,C-A-Client-06,A-Client-06,Agriculture,Stakeholder Engagement,2025-02-20,2025-03-20,2025-03-20,Completed,Low,3,1,2,3100000.0,3100000.0,0.0,0.0,4.4,Too Recent,Referral
P0483,C-CACM-Client-08,CACM-Client-08,Climate and Carbon Markets,Market & Social Research,2025-02-21,2025-10-21,2025-12-17,Completed,High,15,6,9,254290000.0,295480000.0,57.0,0.162,3.9,Too Recent,Competitive Tender
P0799,C-E-Client-02,E-Client-02,Energy,Strategic Planning,2025-02-21,2025-07-21,2025-07-24,Completed,Medium,5,2,3,48970000.0,50150000.0,3.0,0.024,3.4,Too Recent,Referral
P1715,C-TAI-Client-08,TAI-Client-08,Technology and Innovation,Digital Transformation,2025-02-21,2025-11-21,2025-11-23,Completed,High,9,4,5,192140000.0,193870000.0,2.0,0.009,4.5,Too Recent,Repeat Client
P1358,C-CEAT-Client-01,CEAT-Client-01,Creative Economy and Tourism,Political Risk Management,2025-02-22,2025-03-22,2025-03-25,Completed,Low,2,1,1,1650000.0,1780000.0,3.0,0.078,3.1,Too Recent,Referral
P1360,C-CEAT-Client-08,CEAT-Client-08,Creative Economy and Tourism,Strategic Planning,2025-02-22,2025-04-22,2025-06-26,Completed,Medium,6,3,3,12360000.0,19500000.0,65.0,0.578,2.1,Too Recent,Referral
P1705,C-TAI-Client-05,TAI-Client-05,Technology and Innovation,Stakeholder Engagement,2025-02-22,2025-04-22,2025-04-22,Completed,Medium,5,1,4,15620000.0,15620000.0,0.0,0.0,4.7,Too Recent,Repeat Client
P0194,C-A-Client-06,A-Client-06,Agriculture,Political Risk Management,2025-02-22,2025-06-22,2025-06-23,Completed,High,9,4,5,60270000.0,60870000.0,1.0,0.01,3.9,Too Recent,Competitive Tender
P1713,C-TAI-Client-02,TAI-Client-02,Technology and Innovation,Data Visualization & Analytics,2025-02-23,2025-06-23,2025-06-26,Completed,Medium,8,2,6,48990000.0,50210000.0,3.0,0.025,4.2,Too Recent,Direct Outreach
P0195,C-A-Client-07,A-Client-07,Agriculture,Stakeholder Engagement,2025-02-23,2025-07-23,2025-07-27,Completed,Medium,6,2,4,42180000.0,42940000.0,4.0,0.018,4.3,Too Recent,Repeat Client
P1196,C-PS-Client-07,PS-Client-07,Public Sector,Market & Social Research,2025-02-24,2025-04-24,2025-04-24,Completed,Medium,8,4,4,21220000.0,21220000.0,0.0,0.0,4.2,Too Recent,Repeat Client
P1703,C-TAI-Client-08,TAI-Client-08,Technology and Innovation,Digital Transformation,2025-02-26,2025-07-26,2025-08-24,Completed,High,12,5,7,128810000.0,154190000.0,29.0,0.197,3.8,Too Recent,Repeat Client
P1709,C-TAI-Client-04,TAI-Client-04,Technology and Innovation,Market & Social Research,2025-02-27,2025-05-27,2025-05-28,Completed,Medium,6,3,3,31100000.0,31350000.0,1.0,0.008,3.8,Too Recent,Repeat Client
P1014,C-FAI-Client-06,FAI-Client-06,Finance and Insurance,Political Risk Management,2025-02-27,2025-06-27,2025-06-28,Completed,Medium,5,2,3,39050000.0,39440000.0,1.0,0.01,4.5,Too Recent,Repeat Client
P0480,C-CACM-Client-07,CACM-Client-07,Climate and Carbon Markets,Political Risk Management,2025-02-27,2025-03-27,2025-03-31,Completed,Low,2,1,1,3400000.0,3640000.0,4.0,0.071,4.0,Too Recent,Repeat Client
P0190,C-A-Client-05,A-Client-05,Agriculture,Stakeholder Engagement,2025-02-27,2025-10-27,2025-10-27,Completed,High,7,2,5,76370000.0,76370000.0,0.0,0.0,4.1,Too Recent,Referral
P0801,C-E-Client-07,E-Client-07,Energy,Political Risk Management,2025-02-28,2025-03-28,2025-04-10,Completed,Low,3,1,2,5520000.0,7680000.0,13.0,0.392,3.6,Too Recent,Repeat Client
P1711,C-TAI-Client-08,TAI-Client-08,Technology and Innovation,Digital Transformation,2025-02-28,2025-03-28,2025-03-31,Completed,Low,3,1,2,4390000.0,4760000.0,3.0,0.085,4.1,Too Recent,Repeat Client
P1017,C-FAI-Client-04,FAI-Client-04,Finance and Insurance,Data Visualization & Analytics,2025-02-28,2025-03-28,2025-03-31,Completed,Low,4,1,3,5740000.0,6300000.0,3.0,0.097,4.0,Too Recent,Repeat Client
P1195,C-PS-Client-04,PS-Client-04,Public Sector,Data Visualization & Analytics,2025-02-28,2025-06-28,2025-07-16,Completed,Medium,8,2,6,50670000.0,56400000.0,18.0,0.113,3.3,Too Recent,Repeat Client
P0488,C-CACM-Client-06,CACM-Client-06,Climate and Carbon Markets,Strategic Planning,2025-02-28,2025-07-28,2025-08-10,Completed,Medium,7,3,4,58330000.0,62350000.0,13.0,0.069,3.9,Too Recent,Referral
P0484,C-CACM-Client-04,CACM-Client-04,Climate and Carbon Markets,Strategic Planning,2025-02-28,2025-07-28,2025-08-01,Completed,Medium,6,2,4,59630000.0,60820000.0,4.0,0.02,3.6,Too Recent,Referral
P0202,C-A-Client-04,A-Client-04,Agriculture,Digital Transformation,2025-03-01,2025-06-01,2025-06-04,Completed,Low,4,1,3,10690000.0,11130000.0,3.0,0.041,4.4,Too Recent,Repeat Client
P1727,C-TAI-Client-02,TAI-Client-02,Technology and Innovation,Strategic Planning,2025-03-03,2025-07-03,2025-07-05,Completed,Medium,5,1,4,38540000.0,39270000.0,2.0,0.019,4.3,Too Recent,Direct Outreach
P0494,C-CACM-Client-03,CACM-Client-03,Climate and Carbon Markets,Political Risk Management,2025-03-04,2025-10-04,,Cancelled,High,11,5,6,163560000.0,179100000.0,,,,N/A,Referral
P0497,C-CACM-Client-06,CACM-Client-06,Climate and Carbon Markets,Political Risk Management,2025-03-05,2025-05-05,2025-05-07,Completed,Low,4,1,3,11220000.0,11600000.0,2.0,0.034,3.5,Too Recent,Referral
P1367,C-CEAT-Client-04,CEAT-Client-04,Creative Economy and Tourism,Market & Social Research,2025-03-05,2025-06-05,2025-06-06,Completed,Low,3,1,2,7190000.0,7240000.0,1.0,0.007,4.5,Too Recent,Repeat Client
P0201,C-A-Client-08,A-Client-08,Agriculture,Strategic Planning,2025-03-05,2025-05-05,2025-05-07,Completed,Low,3,1,2,6760000.0,6980000.0,2.0,0.033,4.8,Too Recent,Referral
P1718,C-TAI-Client-03,TAI-Client-03,Technology and Innovation,Stakeholder Engagement,2025-03-06,2025-04-06,2025-04-07,Completed,Low,4,1,3,5950000.0,6160000.0,1.0,0.035,3.7,Too Recent,Repeat Client
P0203,C-A-Client-01,A-Client-01,Agriculture,Stakeholder Engagement,2025-03-06,2025-07-06,2025-08-13,Completed,Medium,8,3,5,42120000.0,51550000.0,38.0,0.224,3.1,Too Recent,Repeat Client
P1020,C-FAI-Client-05,FAI-Client-05,Finance and Insurance,Stakeholder Engagement,2025-03-07,2025-05-07,2025-05-09,Completed,Medium,8,2,6,38220000.0,39100000.0,2.0,0.023,4.2,Too Recent,Repeat Client
P0199,C-A-Client-08,A-Client-08,Agriculture,Digital Transformation,2025-03-07,2025-07-07,2025-07-09,Completed,Medium,8,2,6,41410000.0,41870000.0,2.0,0.011,3.9,Too Recent,Direct Outreach
P1022,C-FAI-Client-03,FAI-Client-03,Finance and Insurance,Political Risk Management,2025-03-08,2025-11-08,2025-11-11,Completed,High,11,5,6,232290000.0,234850000.0,3.0,0.011,4.5,Too Recent,Referral
P0808,C-E-Client-07,E-Client-07,Energy,Stakeholder Engagement,2025-03-08,2025-06-08,2025-06-23,Completed,Low,2,1,1,9010000.0,10170000.0,15.0,0.129,3.4,Too Recent,Repeat Client
P0492,C-CACM-Client-01,CACM-Client-01,Climate and Carbon Markets,Data Visualization & Analytics,2025-03-10,2025-06-10,2025-06-13,Completed,Low,4,1,3,16260000.0,16650000.0,3.0,0.024,4.3,Too Recent,Repeat Client
P1717,C-TAI-Client-02,TAI-Client-02,Technology and Innovation,Strategic Planning,2025-03-10,2025-05-10,2025-05-12,Completed,Low,4,1,3,11760000.0,12090000.0,2.0,0.028,4.0,Too Recent,Referral
P0804,C-E-Client-01,E-Client-01,Energy,Data Visualization & Analytics,2025-03-12,2025-06-12,2025-08-07,Completed,Medium,7,2,5,36860000.0,49020000.0,56.0,0.33,3.3,Too Recent,Repeat Client
P1726,C-TAI-Client-05,TAI-Client-05,Technology and Innovation,Market & Social Research,2025-03-13,2025-08-13,2025-08-15,Completed,Medium,8,2,6,73530000.0,74270000.0,2.0,0.01,4.4,Too Recent,Competitive Tender
P0491,C-CACM-Client-05,CACM-Client-05,Climate and Carbon Markets,Data Visualization & Analytics,2025-03-13,2025-04-13,2025-04-14,Completed,Low,3,1,2,5150000.0,5320000.0,1.0,0.033,4.6,Too Recent,Repeat Client
P0489,C-CACM-Client-03,CACM-Client-03,Climate and Carbon Markets,Market & Social Research,2025-03-13,2025-06-13,2025-06-17,Completed,Low,2,1,1,8650000.0,8940000.0,4.0,0.033,3.5,Too Recent,Repeat Client
P1722,C-TAI-Client-07,TAI-Client-07,Technology and Innovation,Political Risk Management,2025-03-14,2025-05-14,2025-05-17,Completed,Low,2,1,1,5280000.0,5610000.0,3.0,0.062,3.7,Too Recent,Repeat Client
P1725,C-TAI-Client-03,TAI-Client-03,Technology and Innovation,Strategic Planning,2025-03-15,2025-04-15,2025-04-18,Completed,Low,3,1,2,4600000.0,5020000.0,3.0,0.091,4.5,Too Recent,Referral
P0805,C-E-Client-04,E-Client-04,Energy,Data Visualization & Analytics,2025-03-15,2025-08-15,2025-08-17,Completed,Medium,6,2,4,51830000.0,52240000.0,2.0,0.008,5.0,Too Recent,Competitive Tender
P0200,C-A-Client-05,A-Client-05,Agriculture,Stakeholder Engagement,2025-03-15,2025-04-15,2025-04-17,Completed,Low,2,1,1,2180000.0,2310000.0,2.0,0.06,4.2,Too Recent,Competitive Tender
P0490,C-CACM-Client-01,CACM-Client-01,Climate and Carbon Markets,Data Visualization & Analytics,2025-03-16,2025-07-16,2025-09-11,Completed,Medium,5,2,3,31250000.0,42500000.0,57.0,0.36,2.7,Too Recent,Referral
P1023,C-FAI-Client-07,FAI-Client-07,Finance and Insurance,Data Visualization & Analytics,2025-03-17,2025-06-17,2025-06-29,Completed,Low,2,1,1,9970000.0,11210000.0,12.0,0.124,4.1,Too Recent,Repeat Client
P1024,C-FAI-Client-04,FAI-Client-04,Finance and Insurance,Stakeholder Engagement,2025-03-17,2025-04-17,2025-04-21,Completed,Low,4,2,2,7460000.0,8000000.0,4.0,0.073,4.1,Too Recent,Repeat Client
P1021,C-FAI-Client-06,FAI-Client-06,Finance and Insurance,Political Risk Management,2025-03-18,2025-10-18,2025-10-21,Completed,High,9,2,7,149600000.0,151990000.0,3.0,0.016,3.7,Too Recent,Repeat Client
P1366,C-CEAT-Client-06,CEAT-Client-06,Creative Economy and Tourism,Data Visualization & Analytics,2025-03-18,2025-07-18,2025-07-19,Completed,Medium,8,4,4,40950000.0,41360000.0,1.0,0.01,4.9,Too Recent,Repeat Client
P1721,C-TAI-Client-04,TAI-Client-04,Technology and Innovation,Strategic Planning,2025-03-19,2025-07-19,2025-07-21,Completed,Medium,6,3,3,45250000.0,46160000.0,2.0,0.02,4.2,Too Recent,Referral
P0806,C-E-Client-02,E-Client-02,Energy,Strategic Planning,2025-03-19,2025-05-19,2025-05-19,Completed,Medium,5,1,4,17920000.0,17920000.0,0.0,0.0,4.9,Too Recent,Competitive Tender
P0496,C-CACM-Client-03,CACM-Client-03,Climate and Carbon Markets,Political Risk Management,2025-03-20,2025-08-20,2025-08-20,Completed,High,10,3,7,117740000.0,117740000.0,0.0,0.0,4.7,Too Recent,Referral
P1365,C-CEAT-Client-02,CEAT-Client-02,Creative Economy and Tourism,Market & Social Research,2025-03-20,2025-06-20,2025-06-20,Completed,Low,4,1,3,11880000.0,11880000.0,0.0,0.0,4.3,Too Recent,Referral
P1724,C-TAI-Client-04,TAI-Client-04,Technology and Innovation,Strategic Planning,2025-03-21,2025-06-21,2025-06-23,Completed,Low,4,2,2,17370000.0,17680000.0,2.0,0.018,4.4,Too Recent,Repeat Client
P1019,C-FAI-Client-07,FAI-Client-07,Finance and Insurance,Stakeholder Engagement,2025-03-21,2025-05-21,2025-05-25,Completed,Medium,8,3,5,38840000.0,41440000.0,4.0,0.067,4.3,Too Recent,Repeat Client
P0493,C-CACM-Client-01,CACM-Client-01,Climate and Carbon Markets,Digital Transformation,2025-03-21,2025-09-21,2025-11-03,Completed,High,10,4,6,122050000.0,144510000.0,43.0,0.184,3.3,Too Recent,Repeat Client
P0807,C-E-Client-07,E-Client-07,Energy,Stakeholder Engagement,2025-03-22,2025-05-22,2025-05-22,Completed,Low,4,1,3,11260000.0,11260000.0,0.0,0.0,4.4,Too Recent,Referral
P1719,C-TAI-Client-08,TAI-Client-08,Technology and Innovation,Political Risk Management,2025-03-22,2025-10-22,2025-10-26,Completed,High,12,6,6,170680000.0,174430000.0,4.0,0.022,3.8,Too Recent,Competitive Tender
P0495,C-CACM-Client-05,CACM-Client-05,Climate and Carbon Markets,Data Visualization & Analytics,2025-03-22,2025-07-22,2025-10-04,Completed,Medium,4,1,3,31010000.0,40530000.0,74.0,0.307,3.0,Too Recent,Competitive Tender
P0498,C-CACM-Client-04,CACM-Client-04,Climate and Carbon Markets,Market & Social Research,2025-03-23,2025-06-23,2025-06-23,Completed,Low,3,1,2,12580000.0,12580000.0,0.0,0.0,4.3,Too Recent,Repeat Client
P1018,C-FAI-Client-01,FAI-Client-01,Finance and Insurance,Stakeholder Engagement,2025-03-24,2025-05-24,2025-05-28,Completed,Medium,4,1,3,14220000.0,15170000.0,4.0,0.067,4.5,Too Recent,Direct Outreach
P1723,C-TAI-Client-01,TAI-Client-01,Technology and Innovation,Stakeholder Engagement,2025-03-27,2025-06-27,2025-09-06,Completed,Medium,4,1,3,20500000.0,27310000.0,71.0,0.332,2.5,Too Recent,Repeat Client
P0198,C-A-Client-07,A-Client-07,Agriculture,Strategic Planning,2025-03-28,2025-11-28,2025-11-28,Completed,High,14,6,8,182900000.0,182900000.0,0.0,0.0,4.1,Too Recent,Referral
P1720,C-TAI-Client-03,TAI-Client-03,Technology and Innovation,Digital Transformation,2025-03-28,2025-06-28,2025-07-02,Completed,Medium,6,2,4,25220000.0,26460000.0,4.0,0.049,4.1,Too Recent,Repeat Client
P1370,C-CEAT-Client-01,CEAT-Client-01,Creative Economy and Tourism,Strategic Planning,2025-04-02,2025-05-02,2025-05-04,Completed,Low,3,1,2,3020000.0,3210000.0,2.0,0.064,4.2,Too Recent,Repeat Client
P1369,C-CEAT-Client-08,CEAT-Client-08,Creative Economy and Tourism,Digital Transformation,2025-04-02,2025-05-02,2025-05-05,Completed,Low,2,1,1,1980000.0,2140000.0,3.0,0.079,4.2,Too Recent,Competitive Tender
P1739,C-TAI-Client-04,TAI-Client-04,Technology and Innovation,Political Risk Management,2025-04-02,2025-06-02,2025-06-06,Completed,Medium,6,3,3,20130000.0,21580000.0,4.0,0.072,4.0,Too Recent,Repeat Client
P1368,C-CEAT-Client-09,CEAT-Client-09,Creative Economy and Tourism,Political Risk Management,2025-04-03,2025-10-03,2025-12-19,Completed,High,12,3,9,97490000.0,118060000.0,77.0,0.211,3.0,Too Recent,Repeat Client
P0205,C-A-Client-05,A-Client-05,Agriculture,Stakeholder Engagement,2025-04-04,2025-07-04,2025-07-04,Completed,Medium,7,2,5,24720000.0,24720000.0,0.0,0.0,4.3,Too Recent,Direct Outreach
P1755,C-TAI-Client-06,TAI-Client-06,Technology and Innovation,Strategic Planning,2025-04-04,2025-07-04,2025-07-06,Completed,Medium,4,1,3,17750000.0,18070000.0,2.0,0.018,4.0,Too Recent,Repeat Client
P1199,C-PS-Client-02,PS-Client-02,Public Sector,Strategic Planning,2025-04-04,2025-07-04,2025-07-12,Completed,Low,4,1,3,13160000.0,14300000.0,8.0,0.087,4.7,Too Recent,Repeat Client
P1753,C-TAI-Client-08,TAI-Client-08,Technology and Innovation,Data Visualization & Analytics,2025-04-04,2025-09-04,2025-11-27,Completed,Medium,4,1,3,35140000.0,47610000.0,84.0,0.355,2.6,Too Recent,Repeat Client
P1751,C-TAI-Client-03,TAI-Client-03,Technology and Innovation,Strategic Planning,2025-04-05,2025-06-05,,Cancelled,Medium,5,1,4,14830000.0,14990000.0,,,,N/A,Competitive Tender
P1026,C-FAI-Client-08,FAI-Client-08,Finance and Insurance,Data Visualization & Analytics,2025-04-06,2025-09-06,2025-09-09,Completed,High,9,4,5,109800000.0,111670000.0,3.0,0.017,4.1,Too Recent,Repeat Client
P1749,C-TAI-Client-08,TAI-Client-08,Technology and Innovation,Market & Social Research,2025-04-06,2025-06-06,2025-06-22,Completed,Low,4,2,2,11160000.0,13000000.0,16.0,0.165,3.4,Too Recent,Competitive Tender
P0812,C-E-Client-03,E-Client-03,Energy,Strategic Planning,2025-04-06,2025-07-06,2025-09-13,Completed,Medium,5,1,4,28100000.0,37570000.0,69.0,0.337,2.9,Too Recent,Repeat Client
P1743,C-TAI-Client-08,TAI-Client-08,Technology and Innovation,Data Visualization & Analytics,2025-04-06,2025-10-06,2025-12-04,Completed,High,9,2,7,109920000.0,144110000.0,59.0,0.311,3.2,Too Recent,Referral
P1756,C-TAI-Client-03,TAI-Client-03,Technology and Innovation,Digital Transformation,2025-04-07,2025-06-07,2025-06-10,Completed,Low,2,1,1,6360000.0,6560000.0,3.0,0.031,4.3,Too Recent,Repeat Client
P1737,C-TAI-Client-07,TAI-Client-07,Technology and Innovation,Digital Transformation,2025-04-07,2025-07-07,2025-07-11,Completed,Low,3,1,2,13360000.0,13730000.0,4.0,0.028,3.8,Too Recent,Repeat Client
P0503,C-CACM-Client-08,CACM-Client-08,Climate and Carbon Markets,Strategic Planning,2025-04-07,2025-07-07,2025-07-07,Completed,Low,4,2,2,18640000.0,18640000.0,0.0,0.0,3.8,Too Recent,Competitive Tender
P0208,C-A-Client-05,A-Client-05,Agriculture,Political Risk Management,2025-04-07,2025-07-07,2025-07-26,Completed,Medium,4,1,3,14600000.0,16880000.0,19.0,0.156,3.5,Too Recent,Repeat Client
P1729,C-TAI-Client-04,TAI-Client-04,Technology and Innovation,Data Visualization & Analytics,2025-04-08,2026-01-08,,Ongoing,High,10,5,5,171020000.0,,,,,Too Recent,Repeat Client
P1734,C-TAI-Client-06,TAI-Client-06,Technology and Innovation,Stakeholder Engagement,2025-04-08,2025-09-08,2025-09-09,Completed,Medium,5,2,3,35840000.0,36130000.0,1.0,0.008,4.3,Too Recent,Repeat Client
P0207,C-A-Client-03,A-Client-03,Agriculture,Political Risk Management,2025-04-08,2025-09-08,2025-09-12,Completed,Medium,8,4,4,54370000.0,56160000.0,4.0,0.033,4.2,Too Recent,Referral
P0507,C-CACM-Client-02,CACM-Client-02,Climate and Carbon Markets,Strategic Planning,2025-04-09,2025-06-09,2025-06-10,Completed,Medium,5,1,4,18450000.0,18730000.0,1.0,0.015,4.6,Too Recent,Repeat Client
P1741,C-TAI-Client-05,TAI-Client-05,Technology and Innovation,Political Risk Management,2025-04-09,2025-12-09,2026-01-20,Completed,High,13,4,9,183760000.0,206910000.0,42.0,0.126,4.0,Too Recent,Referral
P0810,C-E-Client-01,E-Client-01,Energy,Stakeholder Engagement,2025-04-10,2025-05-10,2025-05-12,Completed,Low,3,1,2,5340000.0,5750000.0,2.0,0.076,4.7,Too Recent,Repeat Client
P1730,C-TAI-Client-07,TAI-Client-07,Technology and Innovation,Market & Social Research,2025-04-10,2025-07-10,2025-07-11,Completed,Low,3,1,2,10680000.0,10750000.0,1.0,0.007,4.1,Too Recent,Repeat Client
P1746,C-TAI-Client-08,TAI-Client-08,Technology and Innovation,Data Visualization & Analytics,2025-04-11,2025-05-11,2025-05-13,Completed,Low,2,1,1,2450000.0,2590000.0,2.0,0.059,4.4,Too Recent,Repeat Client
P0502,C-CACM-Client-02,CACM-Client-02,Climate and Carbon Markets,Digital Transformation,2025-04-11,2025-12-11,2026-01-22,Completed,High,14,5,9,215010000.0,237370000.0,42.0,0.104,3.7,Too Recent,Repeat Client
P0209,C-A-Client-01,A-Client-01,Agriculture,Data Visualization & Analytics,2025-04-11,2025-07-11,2025-07-14,Completed,Low,3,1,2,8860000.0,9110000.0,3.0,0.028,4.3,Too Recent,Direct Outreach
P1372,C-CEAT-Client-04,CEAT-Client-04,Creative Economy and Tourism,Digital Transformation,2025-04-12,2025-06-12,2025-06-15,Completed,Low,3,1,2,5290000.0,5580000.0,3.0,0.054,4.4,Too Recent,Competitive Tender
P1740,C-TAI-Client-01,TAI-Client-01,Technology and Innovation,Strategic Planning,2025-04-12,2025-07-12,2025-07-15,Completed,Low,4,1,3,16940000.0,17450000.0,3.0,0.03,4.2,Too Recent,Direct Outreach
P0511,C-CACM-Client-07,CACM-Client-07,Climate and Carbon Markets,Strategic Planning,2025-04-13,2025-06-13,2025-06-13,Completed,Low,3,1,2,7730000.0,7730000.0,0.0,0.0,4.3,Too Recent,Competitive Tender
P0508,C-CACM-Client-01,CACM-Client-01,Climate and Carbon Markets,Strategic Planning,2025-04-14,2025-08-14,2025-08-14,Completed,Medium,4,1,3,27430000.0,27430000.0,0.0,0.0,4.7,Too Recent,Repeat Client
P0809,C-E-Client-04,E-Client-04,Energy,Political Risk Management,2025-04-14,2025-09-14,2025-09-15,Completed,Medium,8,3,5,90330000.0,90780000.0,1.0,0.005,4.3,Too Recent,Competitive Tender
P1371,C-CEAT-Client-08,CEAT-Client-08,Creative Economy and Tourism,Stakeholder Engagement,2025-04-14,2025-09-14,2025-09-16,Completed,Medium,5,1,4,24910000.0,25160000.0,2.0,0.01,3.9,Too Recent,Repeat Client
P0813,C-E-Client-07,E-Client-07,Energy,Market & Social Research,2025-04-14,2025-05-14,2025-06-17,Completed,Low,4,2,2,6210000.0,9580000.0,34.0,0.542,2.3,Too Recent,Repeat Client
P0204,C-A-Client-02,A-Client-02,Agriculture,Political Risk Management,2025-04-14,2025-06-14,2025-07-02,Completed,Medium,5,1,4,10540000.0,12570000.0,18.0,0.193,3.4,Too Recent,Repeat Client
P1731,C-TAI-Client-04,TAI-Client-04,Technology and Innovation,Data Visualization & Analytics,2025-04-14,2025-05-14,2025-05-17,Completed,Low,4,1,3,6280000.0,6950000.0,3.0,0.107,4.3,Too Recent,Referral
P0506,C-CACM-Client-01,CACM-Client-01,Climate and Carbon Markets,Political Risk Management,2025-04-15,2025-07-15,2025-08-10,Completed,Low,3,1,2,14400000.0,17400000.0,26.0,0.208,3.5,Too Recent,Repeat Client
P1744,C-TAI-Client-06,TAI-Client-06,Technology and Innovation,Digital Transformation,2025-04-15,2025-09-15,2025-09-19,Completed,High,8,2,6,89070000.0,90670000.0,4.0,0.018,3.8,Too Recent,Referral
P1752,C-TAI-Client-08,TAI-Client-08,Technology and Innovation,Political Risk Management,2025-04-16,2025-06-16,2025-06-27,Completed,Low,2,1,1,5020000.0,5970000.0,11.0,0.19,3.6,Too Recent,Repeat Client
P0509,C-CACM-Client-07,CACM-Client-07,Climate and Carbon Markets,Market & Social Research,2025-04-16,2025-08-16,2025-08-20,Completed,High,11,4,7,97420000.0,99860000.0,4.0,0.025,4.3,Too Recent,Repeat Client
P1736,C-TAI-Client-07,TAI-Client-07,Technology and Innovation,Digital Transformation,2025-04-16,2025-05-16,2025-05-16,Completed,Low,3,1,2,4560000.0,4560000.0,0.0,0.0,4.9,Too Recent,Repeat Client
P0504,C-CACM-Client-08,CACM-Client-08,Climate and Carbon Markets,Market & Social Research,2025-04-17,2025-11-17,2026-02-17,Completed,High,7,2,5,101730000.0,136010000.0,92.0,0.337,2.8,Too Recent,Direct Outreach
P0505,C-CACM-Client-01,CACM-Client-01,Climate and Carbon Markets,Stakeholder Engagement,2025-04-17,2025-11-17,2025-11-20,Completed,High,14,7,7,187380000.0,189250000.0,3.0,0.01,4.1,Too Recent,Competitive Tender
P1745,C-TAI-Client-05,TAI-Client-05,Technology and Innovation,Strategic Planning,2025-04-17,2025-11-17,2025-11-20,Completed,High,9,3,6,144590000.0,146040000.0,3.0,0.01,4.5,Too Recent,Repeat Client
P1750,C-TAI-Client-01,TAI-Client-01,Technology and Innovation,Market & Social Research,2025-04-18,2026-01-18,,Ongoing,High,14,4,10,234820000.0,,,,,Too Recent,Repeat Client
P0811,C-E-Client-08,E-Client-08,Energy,Market & Social Research,2025-04-19,2025-07-19,2025-09-27,Completed,Medium,4,2,2,26740000.0,35560000.0,70.0,0.33,2.8,Too Recent,Repeat Client
P1748,C-TAI-Client-06,TAI-Client-06,Technology and Innovation,Political Risk Management,2025-04-20,2025-10-20,2025-10-24,Completed,High,15,4,11,178520000.0,181200000.0,4.0,0.015,4.1,Too Recent,Referral
P1738,C-TAI-Client-02,TAI-Client-02,Technology and Innovation,Stakeholder Engagement,2025-04-20,2025-08-20,2025-08-23,Completed,Medium,4,1,3,27410000.0,28070000.0,3.0,0.024,3.4,Too Recent,Repeat Client
P1742,C-TAI-Client-01,TAI-Client-01,Technology and Innovation,Stakeholder Engagement,2025-04-22,2025-08-22,2025-08-24,Completed,Medium,5,1,4,35120000.0,35750000.0,2.0,0.018,4.5,Too Recent,Repeat Client
P1735,C-TAI-Client-02,TAI-Client-02,Technology and Innovation,Strategic Planning,2025-04-22,2026-01-22,,Ongoing,High,14,4,10,254820000.0,,,,,Too Recent,Repeat Client
P1025,C-FAI-Client-03,FAI-Client-03,Finance and Insurance,Political Risk Management,2025-04-22,2025-07-22,2025-08-25,Completed,Medium,8,2,6,57790000.0,73160000.0,34.0,0.266,3.0,Too Recent,Repeat Client
P0499,C-CACM-Client-08,CACM-Client-08,Climate and Carbon Markets,Stakeholder Engagement,2025-04-22,2025-06-22,2025-06-26,Completed,Medium,8,4,4,31950000.0,33960000.0,4.0,0.063,4.7,Too Recent,Repeat Client
P0512,C-CACM-Client-03,CACM-Client-03,Climate and Carbon Markets,Digital Transformation,2025-04-22,2026-01-22,,Ongoing,High,15,3,12,256450000.0,,,,,Too Recent,Referral
P1728,C-TAI-Client-08,TAI-Client-08,Technology and Innovation,Strategic Planning,2025-04-23,2025-09-23,2025-09-25,Completed,Medium,7,3,4,66980000.0,68050000.0,2.0,0.016,3.7,Too Recent,Competitive Tender
P1754,C-TAI-Client-08,TAI-Client-08,Technology and Innovation,Political Risk Management,2025-04-23,2025-07-23,2025-07-27,Completed,Low,3,1,2,12010000.0,12320000.0,4.0,0.026,3.8,Too Recent,Referral
P0206,C-A-Client-08,A-Client-08,Agriculture,Political Risk Management,2025-04-23,2025-10-23,2025-12-06,Completed,High,13,5,8,129630000.0,151930000.0,44.0,0.172,2.6,Too Recent,Direct Outreach
P0500,C-CACM-Client-02,CACM-Client-02,Climate and Carbon Markets,Strategic Planning,2025-04-23,2025-06-23,2025-06-25,Completed,Low,2,1,1,5130000.0,5240000.0,2.0,0.022,3.3,Too Recent,Repeat Client
P1732,C-TAI-Client-03,TAI-Client-03,Technology and Innovation,Political Risk Management,2025-04-24,2025-07-24,2025-07-24,Completed,Medium,7,2,5,40070000.0,40070000.0,0.0,0.0,4.4,Too Recent,Repeat Client
P1747,C-TAI-Client-05,TAI-Client-05,Technology and Innovation,Data Visualization & Analytics,2025-04-24,2025-08-24,2025-08-25,Completed,Medium,7,2,5,53440000.0,53710000.0,1.0,0.005,3.9,Too Recent,Referral
P0510,C-CACM-Client-07,CACM-Client-07,Climate and Carbon Markets,Data Visualization & Analytics,2025-04-25,2025-05-25,2025-05-25,Completed,Low,4,1,3,6830000.0,6830000.0,0.0,0.0,3.7,Too Recent,Competitive Tender
P1373,C-CEAT-Client-02,CEAT-Client-02,Creative Economy and Tourism,Political Risk Management,2025-04-25,2026-01-25,,Ongoing,High,15,7,8,191640000.0,,,,,Too Recent,Repeat Client
P1733,C-TAI-Client-05,TAI-Client-05,Technology and Innovation,Data Visualization & Analytics,2025-04-26,2025-05-26,2025-05-29,Completed,Low,2,1,1,3190000.0,3540000.0,3.0,0.11,4.0,Too Recent,Competitive Tender
P0501,C-CACM-Client-03,CACM-Client-03,Climate and Carbon Markets,Market & Social Research,2025-04-27,2025-07-27,2025-07-29,Completed,Medium,8,2,6,37980000.0,38740000.0,2.0,0.02,4.5,Too Recent,Repeat Client
P0513,C-CACM-Client-03,CACM-Client-03,Climate and Carbon Markets,Stakeholder Engagement,2025-04-28,2025-06-28,2025-07-01,Completed,Low,2,1,1,6470000.0,6800000.0,3.0,0.051,3.9,Too Recent,Referral
P1758,C-TAI-Client-02,TAI-Client-02,Technology and Innovation,Market & Social Research,2025-05-01,2025-08-01,2025-08-18,Completed,Medium,7,2,5,37450000.0,44570000.0,17.0,0.19,3.4,Too Recent,Direct Outreach
P0522,C-CACM-Client-04,CACM-Client-04,Climate and Carbon Markets,Stakeholder Engagement,2025-05-02,2025-07-02,2025-07-05,Completed,Low,3,1,2,10350000.0,10830000.0,3.0,0.046,4.5,Too Recent,Competitive Tender
P1027,C-FAI-Client-04,FAI-Client-04,Finance and Insurance,Strategic Planning,2025-05-02,2025-06-02,2025-06-05,Completed,Low,3,1,2,4880000.0,5460000.0,3.0,0.118,4.1,Too Recent,Referral
P0520,C-CACM-Client-08,CACM-Client-08,Climate and Carbon Markets,Stakeholder Engagement,2025-05-03,2025-09-03,2025-09-06,Completed,High,7,2,5,73390000.0,74860000.0,3.0,0.02,4.0,Too Recent,Repeat Client
P1201,C-PS-Client-02,PS-Client-02,Public Sector,Strategic Planning,2025-05-04,2025-10-04,2025-12-18,Completed,Medium,5,1,4,36460000.0,46090000.0,75.0,0.264,2.5,Too Recent,Repeat Client
P1379,C-CEAT-Client-08,CEAT-Client-08,Creative Economy and Tourism,Market & Social Research,2025-05-04,2025-11-04,2025-11-07,Completed,High,14,6,8,100220000.0,101320000.0,3.0,0.011,3.5,Too Recent,Competitive Tender
P1761,C-TAI-Client-01,TAI-Client-01,Technology and Innovation,Strategic Planning,2025-05-04,2025-07-04,2025-07-05,Completed,Low,2,1,1,5260000.0,5310000.0,1.0,0.01,4.3,Too Recent,Repeat Client
P1768,C-TAI-Client-02,TAI-Client-02,Technology and Innovation,Strategic Planning,2025-05-06,2025-08-06,2025-08-09,Completed,Medium,7,1,6,34270000.0,35640000.0,3.0,0.04,3.7,Too Recent,Repeat Client
P0518,C-CACM-Client-01,CACM-Client-01,Climate and Carbon Markets,Digital Transformation,2025-05-07,2025-08-07,2025-08-09,Completed,Low,2,1,1,9330000.0,9510000.0,2.0,0.019,3.9,Too Recent,Competitive Tender
P1029,C-FAI-Client-07,FAI-Client-07,Finance and Insurance,Political Risk Management,2025-05-07,2025-08-07,2025-08-11,Completed,Low,3,1,2,15290000.0,15920000.0,4.0,0.041,4.7,Too Recent,Referral
P0523,C-CACM-Client-05,CACM-Client-05,Climate and Carbon Markets,Market & Social Research,2025-05-07,2025-06-07,2025-06-11,Completed,Low,2,1,1,2970000.0,3420000.0,4.0,0.152,4.4,Too Recent,Competitive Tender
P0517,C-CACM-Client-03,CACM-Client-03,Climate and Carbon Markets,Data Visualization & Analytics,2025-05-08,2025-07-08,2025-07-08,Completed,Low,3,1,2,9840000.0,9840000.0,0.0,0.0,4.3,Too Recent,Repeat Client
P1204,C-PS-Client-01,PS-Client-01,Public Sector,Market & Social Research,2025-05-08,2026-01-08,,Ongoing,High,8,2,6,98700000.0,,,,,Too Recent,Repeat Client
P1376,C-CEAT-Client-05,CEAT-Client-05,Creative Economy and Tourism,Data Visualization & Analytics,2025-05-08,2025-06-08,2025-06-11,Completed,Low,4,2,2,3200000.0,3480000.0,3.0,0.086,4.2,Too Recent,Competitive Tender
P1028,C-FAI-Client-01,FAI-Client-01,Finance and Insurance,Digital Transformation,2025-05-09,2025-07-09,2025-07-10,Completed,Low,2,1,1,6010000.0,6110000.0,1.0,0.017,4.4,Too Recent,Competitive Tender
P1760,C-TAI-Client-06,TAI-Client-06,Technology and Innovation,Stakeholder Engagement,2025-05-10,2025-07-10,2025-07-13,Completed,Medium,7,2,5,21540000.0,22600000.0,3.0,0.049,4.4,Too Recent,Referral
P1770,C-TAI-Client-02,TAI-Client-02,Technology and Innovation,Data Visualization & Analytics,2025-05-10,2026-02-10,,Ongoing,High,9,4,5,185000000.0,,,,,Too Recent,Competitive Tender
P0525,C-CACM-Client-04,CACM-Client-04,Climate and Carbon Markets,Political Risk Management,2025-05-10,2025-06-10,2025-06-13,Completed,Low,4,2,2,5880000.0,6550000.0,3.0,0.114,4.0,Too Recent,Repeat Client
P0815,C-E-Client-02,E-Client-02,Energy,Political Risk Management,2025-05-11,2025-08-11,2025-08-13,Completed,Low,2,1,1,9710000.0,9970000.0,2.0,0.027,4.4,Too Recent,Repeat Client
P0514,C-CACM-Client-04,CACM-Client-04,Climate and Carbon Markets,Strategic Planning,2025-05-13,2025-08-13,2025-08-13,Completed,Low,2,1,1,10150000.0,10150000.0,0.0,0.0,5.0,Too Recent,Direct Outreach
P1377,C-CEAT-Client-06,CEAT-Client-06,Creative Economy and Tourism,Data Visualization & Analytics,2025-05-13,2025-06-13,2025-06-15,Completed,Low,4,2,2,3850000.0,4140000.0,2.0,0.076,4.1,Too Recent,Competitive Tender
P0519,C-CACM-Client-04,CACM-Client-04,Climate and Carbon Markets,Market & Social Research,2025-05-14,2025-08-14,2025-08-18,Completed,Low,2,1,1,8270000.0,8510000.0,4.0,0.029,3.8,Too Recent,Direct Outreach
P1375,C-CEAT-Client-08,CEAT-Client-08,Creative Economy and Tourism,Market & Social Research,2025-05-15,2025-11-15,2026-02-14,Completed,High,14,6,8,117280000.0,148480000.0,91.0,0.266,2.7,Too Recent,Referral
P0211,C-A-Client-06,A-Client-06,Agriculture,Data Visualization & Analytics,2025-05-15,2025-08-15,2025-08-17,Completed,Low,3,1,2,9880000.0,10110000.0,2.0,0.023,4.6,Too Recent,Competitive Tender
P1378,C-CEAT-Client-02,CEAT-Client-02,Creative Economy and Tourism,Political Risk Management,2025-05-15,2025-10-15,2025-10-17,Completed,Medium,4,1,3,20020000.0,20200000.0,2.0,0.009,4.2,Too Recent,Referral
P1762,C-TAI-Client-05,TAI-Client-05,Technology and Innovation,Stakeholder Engagement,2025-05-15,2025-10-15,2025-10-16,Completed,Medium,7,2,5,57130000.0,57470000.0,1.0,0.006,4.4,Too Recent,Repeat Client
P1773,C-TAI-Client-05,TAI-Client-05,Technology and Innovation,Stakeholder Engagement,2025-05-15,2025-10-15,2026-01-02,Completed,Medium,7,3,4,54400000.0,70340000.0,79.0,0.293,2.5,Too Recent,Repeat Client
P1030,C-FAI-Client-06,FAI-Client-06,Finance and Insurance,Strategic Planning,2025-05-15,2025-06-15,2025-06-19,Completed,Low,2,1,1,3640000.0,4010000.0,4.0,0.103,3.9,Too Recent,Repeat Client
P0215,C-A-Client-03,A-Client-03,Agriculture,Political Risk Management,2025-05-16,2025-10-16,2025-10-18,Completed,Medium,7,3,4,42550000.0,43150000.0,2.0,0.014,4.1,Too Recent,Repeat Client
P1771,C-TAI-Client-03,TAI-Client-03,Technology and Innovation,Data Visualization & Analytics,2025-05-16,2025-12-16,2025-12-16,Completed,High,11,4,7,148080000.0,148080000.0,0.0,0.0,4.6,Too Recent,Referral
P0817,C-E-Client-10,E-Client-10,Energy,Stakeholder Engagement,2025-05-17,2025-07-17,2025-07-17,Completed,Low,2,1,1,5890000.0,5890000.0,0.0,0.0,4.6,Too Recent,Competitive Tender
P1757,C-TAI-Client-04,TAI-Client-04,Technology and Innovation,Stakeholder Engagement,2025-05-17,2025-07-17,2025-07-17,Completed,Low,4,1,3,9940000.0,9940000.0,0.0,0.0,4.5,Too Recent,Repeat Client
P0816,C-E-Client-06,E-Client-06,Energy,Data Visualization & Analytics,2025-05-18,2025-07-18,2025-07-20,Completed,Low,4,1,3,11520000.0,11850000.0,2.0,0.029,4.4,Too Recent,Repeat Client
P0212,C-A-Client-06,A-Client-06,Agriculture,Market & Social Research,2025-05-18,2025-10-18,2025-10-20,Completed,Medium,7,3,4,49530000.0,50070000.0,2.0,0.011,4.0,Too Recent,Competitive Tender
P1202,C-PS-Client-08,PS-Client-08,Public Sector,Stakeholder Engagement,2025-05-19,2026-02-19,,Ongoing,High,13,4,9,210430000.0,,,,,Too Recent,Referral
P1374,C-CEAT-Client-08,CEAT-Client-08,Creative Economy and Tourism,Strategic Planning,2025-05-19,2025-06-19,2025-06-20,Completed,Low,2,1,1,1700000.0,1740000.0,1.0,0.021,4.2,Too Recent,Referral
P1767,C-TAI-Client-07,TAI-Client-07,Technology and Innovation,Data Visualization & Analytics,2025-05-20,2025-07-20,2025-07-22,Completed,Low,2,1,1,5060000.0,5170000.0,2.0,0.022,3.9,Too Recent,Referral
P1764,C-TAI-Client-03,TAI-Client-03,Technology and Innovation,Market & Social Research,2025-05-20,2025-10-20,2025-10-21,Completed,Medium,6,3,3,47440000.0,47770000.0,1.0,0.007,3.8,Too Recent,Repeat Client
P1203,C-PS-Client-01,PS-Client-01,Public Sector,Data Visualization & Analytics,2025-05-20,2026-02-20,,Ongoing,High,11,3,8,174700000.0,,,,,Too Recent,Direct Outreach
P1763,C-TAI-Client-01,TAI-Client-01,Technology and Innovation,Digital Transformation,2025-05-22,2025-09-22,2025-09-26,Completed,High,12,3,9,84150000.0,86930000.0,4.0,0.033,3.7,Too Recent,Repeat Client
P0521,C-CACM-Client-04,CACM-Client-04,Climate and Carbon Markets,Digital Transformation,2025-05-22,2025-08-22,2025-09-03,Completed,Low,2,1,1,8800000.0,9890000.0,12.0,0.124,3.8,Too Recent,Competitive Tender
P1772,C-TAI-Client-04,TAI-Client-04,Technology and Innovation,Political Risk Management,2025-05-22,2025-06-22,2025-06-24,Completed,Low,3,1,2,4550000.0,4910000.0,2.0,0.079,3.9,Too Recent,Direct Outreach
P1031,C-FAI-Client-05,FAI-Client-05,Finance and Insurance,Stakeholder Engagement,2025-05-23,2026-01-23,,Ongoing,High,11,5,6,212860000.0,,,,,Too Recent,Repeat Client
P0213,C-A-Client-07,A-Client-07,Agriculture,Market & Social Research,2025-05-23,2025-06-23,2025-06-23,Completed,Low,4,2,2,4460000.0,4460000.0,0.0,0.0,4.2,Too Recent,Referral
P0516,C-CACM-Client-07,CACM-Client-07,Climate and Carbon Markets,Market & Social Research,2025-05-24,2025-08-24,2025-08-27,Completed,Low,3,1,2,11400000.0,11660000.0,3.0,0.023,4.5,Too Recent,Referral
P0210,C-A-Client-08,A-Client-08,Agriculture,Market & Social Research,2025-05-24,2025-07-24,2025-07-24,Completed,Low,4,1,3,7760000.0,7760000.0,0.0,0.0,4.6,Too Recent,Repeat Client
P0515,C-CACM-Client-08,CACM-Client-08,Climate and Carbon Markets,Digital Transformation,2025-05-25,2025-07-25,2025-07-29,Completed,Medium,6,2,4,24620000.0,25850000.0,4.0,0.05,4.6,Too Recent,Repeat Client
P1759,C-TAI-Client-06,TAI-Client-06,Technology and Innovation,Strategic Planning,2025-05-25,2025-12-25,2025-12-28,Completed,High,8,4,4,122220000.0,124180000.0,3.0,0.016,4.5,Too Recent,Repeat Client
P1766,C-TAI-Client-02,TAI-Client-02,Technology and Innovation,Stakeholder Engagement,2025-05-26,2025-06-26,2025-06-28,Completed,Low,4,1,3,6300000.0,6730000.0,2.0,0.069,3.8,Too Recent,Repeat Client
P0814,C-E-Client-10,E-Client-10,Energy,Data Visualization & Analytics,2025-05-27,2025-08-27,2025-10-17,Completed,Low,2,1,1,8730000.0,12510000.0,51.0,0.433,2.6,Too Recent,Repeat Client
P0524,C-CACM-Client-06,CACM-Client-06,Climate and Carbon Markets,Market & Social Research,2025-05-27,2025-09-27,2025-09-28,Completed,Medium,8,3,5,68580000.0,69270000.0,1.0,0.01,4.3,Too Recent,Direct Outreach
P1200,C-PS-Client-01,PS-Client-01,Public Sector,Market & Social Research,2025-05-27,2025-08-27,2025-08-31,Completed,Medium,5,1,4,21690000.0,22510000.0,4.0,0.038,3.9,Too Recent,Direct Outreach
P1765,C-TAI-Client-05,TAI-Client-05,Technology and Innovation,Data Visualization & Analytics,2025-05-28,2025-06-28,2025-07-01,Completed,Low,4,2,2,6290000.0,6860000.0,3.0,0.09,4.3,Too Recent,Direct Outreach
P0214,C-A-Client-06,A-Client-06,Agriculture,Digital Transformation,2025-05-28,2025-07-28,2025-07-28,Completed,Low,2,1,1,4380000.0,4380000.0,0.0,0.0,4.6,Too Recent,Referral
P1769,C-TAI-Client-07,TAI-Client-07,Technology and Innovation,Political Risk Management,2025-05-28,2025-06-28,2025-07-02,Completed,Low,2,1,1,2360000.0,2580000.0,4.0,0.093,4.0,Too Recent,Referral
P1036,C-FAI-Client-08,FAI-Client-08,Finance and Insurance,Market & Social Research,2025-06-01,2026-02-01,,Ongoing,High,9,4,5,194360000.0,,,,,Too Recent,Referral
P1791,C-TAI-Client-08,TAI-Client-08,Technology and Innovation,Digital Transformation,2025-06-01,2025-09-01,2025-11-22,Completed,Medium,7,2,5,38800000.0,56960000.0,82.0,0.468,2.2,Too Recent,Referral
P0216,C-A-Client-06,A-Client-06,Agriculture,Strategic Planning,2025-06-02,2025-07-02,2025-07-03,Completed,Low,4,1,3,3520000.0,3660000.0,1.0,0.04,4.2,Too Recent,Competitive Tender
P1786,C-TAI-Client-05,TAI-Client-05,Technology and Innovation,Data Visualization & Analytics,2025-06-02,2025-10-02,2025-10-04,Completed,High,13,5,8,124160000.0,126270000.0,2.0,0.017,4.7,Too Recent,Referral
P1776,C-TAI-Client-04,TAI-Client-04,Technology and Innovation,Digital Transformation,2025-06-02,2025-10-02,2025-12-27,Completed,Medium,7,3,4,56010000.0,80090000.0,86.0,0.43,2.1,Too Recent,Competitive Tender
P1206,C-PS-Client-07,PS-Client-07,Public Sector,Data Visualization & Analytics,2025-06-02,2025-10-02,2025-10-05,Completed,Medium,8,2,6,42520000.0,43580000.0,3.0,0.025,4.0,Too Recent,Repeat Client
P0534,C-CACM-Client-02,CACM-Client-02,Climate and Carbon Markets,Stakeholder Engagement,2025-06-03,2025-11-03,2025-11-20,Completed,Medium,6,2,4,58060000.0,61660000.0,17.0,0.062,4.0,Too Recent,Repeat Client
P1781,C-TAI-Client-02,TAI-Client-02,Technology and Innovation,Stakeholder Engagement,2025-06-03,2025-07-03,2025-07-07,Completed,Low,4,2,2,6040000.0,6880000.0,4.0,0.139,4.4,Too Recent,Referral
P1784,C-TAI-Client-02,TAI-Client-02,Technology and Innovation,Digital Transformation,2025-06-03,2025-09-03,2025-09-07,Completed,Low,2,1,1,9750000.0,10290000.0,4.0,0.055,4.1,Too Recent,Repeat Client
P1381,C-CEAT-Client-02,CEAT-Client-02,Creative Economy and Tourism,Data Visualization & Analytics,2025-06-04,2025-08-04,2025-08-04,Completed,Low,4,2,2,7520000.0,7520000.0,0.0,0.0,3.8,Too Recent,Repeat Client
P0539,C-CACM-Client-04,CACM-Client-04,Climate and Carbon Markets,Political Risk Management,2025-06-04,2025-11-04,2025-11-06,Completed,Medium,5,2,3,54170000.0,55040000.0,2.0,0.016,4.2,Too Recent,Repeat Client
P1798,C-TAI-Client-01,TAI-Client-01,Technology and Innovation,Strategic Planning,2025-06-05,2025-11-05,2025-11-09,Completed,Medium,7,2,5,54160000.0,55510000.0,4.0,0.025,4.5,Too Recent,Repeat Client
P1779,C-TAI-Client-04,TAI-Client-04,Technology and Innovation,Stakeholder Engagement,2025-06-05,2025-09-05,2025-09-06,Completed,Medium,6,2,4,35960000.0,36320000.0,1.0,0.01,3.9,Too Recent,Repeat Client
P1038,C-FAI-Client-06,FAI-Client-06,Finance and Insurance,Stakeholder Engagement,2025-06-05,2025-11-05,2025-11-09,Completed,High,9,2,7,113640000.0,117280000.0,4.0,0.032,3.5,Too Recent,Referral
P0819,C-E-Client-10,E-Client-10,Energy,Strategic Planning,2025-06-05,2025-08-05,2025-08-09,Completed,Medium,4,1,3,15860000.0,16750000.0,4.0,0.056,4.0,Too Recent,Direct Outreach
P1794,C-TAI-Client-04,TAI-Client-04,Technology and Innovation,Strategic Planning,2025-06-05,2025-09-05,2025-10-25,Completed,Medium,4,2,2,18930000.0,24610000.0,50.0,0.3,3.0,Too Recent,Repeat Client
P1799,C-TAI-Client-08,TAI-Client-08,Technology and Innovation,Political Risk Management,2025-06-06,2025-07-06,2025-07-08,Completed,Low,4,1,3,5830000.0,6110000.0,2.0,0.048,4.1,Too Recent,Repeat Client
P0530,C-CACM-Client-04,CACM-Client-04,Climate and Carbon Markets,Market & Social Research,2025-06-06,2025-09-06,2025-09-28,Completed,Low,3,1,2,15120000.0,18950000.0,22.0,0.253,2.9,Too Recent,Repeat Client
P1796,C-TAI-Client-04,TAI-Client-04,Technology and Innovation,Political Risk Management,2025-06-07,2025-11-07,2025-11-07,Completed,Medium,5,2,3,37290000.0,37290000.0,0.0,0.0,4.4,Too Recent,Repeat Client
P0540,C-CACM-Client-07,CACM-Client-07,Climate and Carbon Markets,Political Risk Management,2025-06-08,2025-10-08,2025-11-24,Completed,Medium,6,2,4,45790000.0,55730000.0,47.0,0.217,3.3,Too Recent,Repeat Client
P1037,C-FAI-Client-05,FAI-Client-05,Finance and Insurance,Market & Social Research,2025-06-08,2025-08-08,2025-08-08,Completed,Medium,8,3,5,30160000.0,30160000.0,0.0,0.0,4.3,Too Recent,Repeat Client
P0533,C-CACM-Client-06,CACM-Client-06,Climate and Carbon Markets,Digital Transformation,2025-06-08,2025-08-08,2025-08-12,Completed,Low,2,1,1,6140000.0,6480000.0,4.0,0.056,4.4,Too Recent,Direct Outreach
P0821,C-E-Client-08,E-Client-08,Energy,Stakeholder Engagement,2025-06-09,2025-08-09,2025-08-10,Completed,Low,4,2,2,11400000.0,11590000.0,1.0,0.017,3.7,Too Recent,Repeat Client
P0531,C-CACM-Client-01,CACM-Client-01,Climate and Carbon Markets,Stakeholder Engagement,2025-06-10,2025-09-10,2025-09-10,Completed,Medium,7,2,5,45380000.0,45380000.0,0.0,0.0,4.6,Too Recent,Competitive Tender
P1380,C-CEAT-Client-03,CEAT-Client-03,Creative Economy and Tourism,Stakeholder Engagement,2025-06-10,2025-08-10,2025-08-10,Completed,Low,4,1,3,6800000.0,6800000.0,0.0,0.0,4.5,Too Recent,Repeat Client
P0526,C-CACM-Client-03,CACM-Client-03,Climate and Carbon Markets,Digital Transformation,2025-06-10,2025-08-10,2025-08-11,Completed,Low,2,1,1,6920000.0,7040000.0,1.0,0.018,4.8,Too Recent,Referral
P0538,C-CACM-Client-04,CACM-Client-04,Climate and Carbon Markets,Digital Transformation,2025-06-10,2025-07-10,2025-07-14,Completed,Low,2,1,1,3370000.0,3790000.0,4.0,0.126,3.4,Too Recent,Repeat Client
P1801,C-TAI-Client-06,TAI-Client-06,Technology and Innovation,Strategic Planning,2025-06-10,2025-11-10,2025-11-11,Completed,Medium,4,1,3,39770000.0,39930000.0,1.0,0.004,4.1,Too Recent,Repeat Client
P0528,C-CACM-Client-06,CACM-Client-06,Climate and Carbon Markets,Digital Transformation,2025-06-12,2026-03-12,,Ongoing,High,13,4,9,295150000.0,,,,,Too Recent,Direct Outreach
P0823,C-E-Client-01,E-Client-01,Energy,Political Risk Management,2025-06-13,2025-11-13,2026-03-05,Completed,High,13,3,10,163200000.0,205960000.0,112.0,0.262,2.4,Too Recent,Competitive Tender
P1792,C-TAI-Client-05,TAI-Client-05,Technology and Innovation,Stakeholder Engagement,2025-06-13,2026-03-13,,Ongoing,High,14,5,9,265220000.0,,,,,Too Recent,Repeat Client
P1034,C-FAI-Client-07,FAI-Client-07,Finance and Insurance,Data Visualization & Analytics,2025-06-13,2025-09-13,2025-10-31,Completed,Medium,8,2,6,51910000.0,63850000.0,48.0,0.23,3.2,Too Recent,Repeat Client
P1780,C-TAI-Client-01,TAI-Client-01,Technology and Innovation,Stakeholder Engagement,2025-06-14,2025-10-14,2025-10-16,Completed,Medium,8,2,6,53020000.0,53920000.0,2.0,0.017,4.5,Too Recent,Repeat Client
P0532,C-CACM-Client-03,CACM-Client-03,Climate and Carbon Markets,Political Risk Management,2025-06-14,2025-11-14,2025-11-14,Completed,Medium,8,4,4,72760000.0,72760000.0,0.0,0.0,4.3,Too Recent,Referral
P1782,C-TAI-Client-08,TAI-Client-08,Technology and Innovation,Digital Transformation,2025-06-14,2025-08-14,2025-08-17,Completed,Low,2,1,1,5750000.0,6050000.0,3.0,0.053,4.4,Too Recent,Repeat Client
P0529,C-CACM-Client-05,CACM-Client-05,Climate and Carbon Markets,Political Risk Management,2025-06-14,2026-01-14,,Ongoing,High,9,3,6,157730000.0,,,,,Too Recent,Repeat Client
P1778,C-TAI-Client-08,TAI-Client-08,Technology and Innovation,Data Visualization & Analytics,2025-06-15,2026-01-15,,Ongoing,High,8,2,6,103340000.0,,,,,Too Recent,Direct Outreach
P0219,C-A-Client-07,A-Client-07,Agriculture,Digital Transformation,2025-06-16,2025-08-16,2025-08-17,Completed,Low,3,1,2,5640000.0,5760000.0,1.0,0.021,4.7,Too Recent,Repeat Client
P1800,C-TAI-Client-04,TAI-Client-04,Technology and Innovation,Market & Social Research,2025-06-16,2025-08-16,2025-08-20,Completed,Medium,7,3,4,24860000.0,26230000.0,4.0,0.055,3.9,Too Recent,Competitive Tender
P0818,C-E-Client-07,E-Client-07,Energy,Market & Social Research,2025-06-17,2025-08-17,2025-09-16,Completed,Low,2,1,1,6390000.0,7860000.0,30.0,0.23,4.0,Too Recent,Repeat Client
P1032,C-FAI-Client-07,FAI-Client-07,Finance and Insurance,Data Visualization & Analytics,2025-06-18,2025-09-18,2025-09-18,Completed,Medium,7,2,5,42550000.0,42550000.0,0.0,0.0,4.7,Too Recent,Competitive Tender
P1790,C-TAI-Client-07,TAI-Client-07,Technology and Innovation,Strategic Planning,2025-06-18,2025-07-18,2025-07-19,Completed,Low,2,1,1,2620000.0,2710000.0,1.0,0.036,4.7,Too Recent,Repeat Client
P0541,C-CACM-Client-05,CACM-Client-05,Climate and Carbon Markets,Data Visualization & Analytics,2025-06-18,2025-10-18,2025-10-18,Completed,Medium,6,2,4,45130000.0,45130000.0,0.0,0.0,4.3,Too Recent,Repeat Client
P1787,C-TAI-Client-05,TAI-Client-05,Technology and Innovation,Data Visualization & Analytics,2025-06-19,2025-11-19,2025-11-19,Completed,Medium,7,3,4,65730000.0,65730000.0,0.0,0.0,4.3,Too Recent,Repeat Client
P1033,C-FAI-Client-09,FAI-Client-09,Finance and Insurance,Data Visualization & Analytics,2025-06-19,2025-09-19,2025-09-20,Completed,Low,2,1,1,9350000.0,9430000.0,1.0,0.009,4.2,Too Recent,Referral
P0822,C-E-Client-03,E-Client-03,Energy,Data Visualization & Analytics,2025-06-20,2025-08-20,2025-08-20,Completed,Low,2,1,1,7020000.0,7020000.0,0.0,0.0,4.1,Too Recent,Repeat Client
P1774,C-TAI-Client-07,TAI-Client-07,Technology and Innovation,Data Visualization & Analytics,2025-06-20,2025-08-20,2025-08-21,Completed,Low,2,1,1,5590000.0,5660000.0,1.0,0.012,4.1,Too Recent,Repeat Client
P1775,C-TAI-Client-07,TAI-Client-07,Technology and Innovation,Strategic Planning,2025-06-20,2025-09-20,2025-12-12,Completed,Medium,7,3,4,35700000.0,57120000.0,83.0,0.6,1.8,Too Recent,Repeat Client
P1205,C-PS-Client-08,PS-Client-08,Public Sector,Digital Transformation,2025-06-21,2025-08-21,2025-08-21,Completed,Low,2,1,1,4040000.0,4040000.0,0.0,0.0,4.1,Too Recent,Direct Outreach
P1785,C-TAI-Client-03,TAI-Client-03,Technology and Innovation,Political Risk Management,2025-06-22,2025-08-22,2025-08-22,Completed,Low,2,1,1,6450000.0,6450000.0,0.0,0.0,4.5,Too Recent,Repeat Client
P0536,C-CACM-Client-04,CACM-Client-04,Climate and Carbon Markets,Stakeholder Engagement,2025-06-22,2025-08-22,,Cancelled,Medium,4,1,3,12340000.0,12720000.0,,,,N/A,Repeat Client
P0527,C-CACM-Client-08,CACM-Client-08,Climate and Carbon Markets,Strategic Planning,2025-06-22,2025-08-22,,Cancelled,Low,4,2,2,11030000.0,11270000.0,,,,N/A,Referral
P1777,C-TAI-Client-02,TAI-Client-02,Technology and Innovation,Data Visualization & Analytics,2025-06-22,2025-09-22,2025-09-26,Completed,Medium,7,2,5,35470000.0,36430000.0,4.0,0.027,4.1,Too Recent,Repeat Client
P1783,C-TAI-Client-05,TAI-Client-05,Technology and Innovation,Stakeholder Engagement,2025-06-24,2025-10-24,2025-10-28,Completed,Medium,6,2,4,36300000.0,37460000.0,4.0,0.032,3.9,Too Recent,Competitive Tender
P0218,C-A-Client-03,A-Client-03,Agriculture,Strategic Planning,2025-06-24,2025-07-24,2025-07-26,Completed,Low,3,1,2,2980000.0,3160000.0,2.0,0.061,4.0,Too Recent,Repeat Client
P0535,C-CACM-Client-05,CACM-Client-05,Climate and Carbon Markets,Political Risk Management,2025-06-24,2025-07-24,2025-07-24,Completed,Low,2,1,1,3280000.0,3280000.0,0.0,0.0,4.2,Too Recent,Repeat Client
P0537,C-CACM-Client-04,CACM-Client-04,Climate and Carbon Markets,Data Visualization & Analytics,2025-06-24,2025-09-24,2025-12-08,Completed,Medium,7,3,4,38160000.0,55710000.0,75.0,0.46,2.6,Too Recent,Referral
P1789,C-TAI-Client-02,TAI-Client-02,Technology and Innovation,Political Risk Management,2025-06-24,2025-09-24,2025-09-25,Completed,Low,3,1,2,14110000.0,14250000.0,1.0,0.01,4.5,Too Recent,Referral
P0820,C-E-Client-06,E-Client-06,Energy,Political Risk Management,2025-06-26,2025-12-26,2025-12-27,Completed,High,15,5,10,232080000.0,233470000.0,1.0,0.006,3.8,Too Recent,Referral
P1207,C-PS-Client-05,PS-Client-05,Public Sector,Stakeholder Engagement,2025-06-26,2025-08-26,2025-08-27,Completed,Medium,8,2,6,22310000.0,22670000.0,1.0,0.016,4.0,Too Recent,Referral
P1035,C-FAI-Client-08,FAI-Client-08,Finance and Insurance,Stakeholder Engagement,2025-06-27,2025-10-27,2025-10-30,Completed,Medium,7,3,4,60990000.0,61900000.0,3.0,0.015,4.3,Too Recent,Referral
P1795,C-TAI-Client-04,TAI-Client-04,Technology and Innovation,Strategic Planning,2025-06-27,2025-07-27,2025-07-28,Completed,Low,4,1,3,5350000.0,5560000.0,1.0,0.04,4.4,Too Recent,Repeat Client
P1793,C-TAI-Client-05,TAI-Client-05,Technology and Innovation,Strategic Planning,2025-06-27,2025-10-27,2025-10-28,Completed,Medium,7,3,4,49460000.0,49810000.0,1.0,0.007,5.0,Too Recent,Competitive Tender
P1797,C-TAI-Client-05,TAI-Client-05,Technology and Innovation,Political Risk Management,2025-06-27,2025-09-27,2025-09-29,Completed,Medium,4,2,2,17620000.0,18060000.0,2.0,0.025,4.2,Too Recent,Repeat Client
P0217,C-A-Client-08,A-Client-08,Agriculture,Strategic Planning,2025-06-28,2026-01-28,,Ongoing,High,8,2,6,99870000.0,,,,,Too Recent,Referral
P1788,C-TAI-Client-03,TAI-Client-03,Technology and Innovation,Strategic Planning,2025-06-28,2025-11-28,2025-12-02,Completed,High,10,2,8,90320000.0,93120000.0,4.0,0.031,4.1,Too Recent,Repeat Client
P1208,C-PS-Client-05,PS-Client-05,Public Sector,Strategic Planning,2025-07-02,2025-10-02,2025-11-04,Completed,Low,2,1,1,6090000.0,7870000.0,33.0,0.293,2.8,Too Recent,Repeat Client
P0551,C-CACM-Client-01,CACM-Client-01,Climate and Carbon Markets,Political Risk Management,2025-07-02,2025-11-02,2025-11-24,Completed,High,7,1,6,65010000.0,75870000.0,22.0,0.167,3.6,Too Recent,Repeat Client
P0554,C-CACM-Client-01,CACM-Client-01,Climate and Carbon Markets,Strategic Planning,2025-07-02,2025-12-02,2025-12-06,Completed,Medium,7,3,4,56130000.0,57080000.0,4.0,0.017,4.3,Too Recent,Repeat Client
P0223,C-A-Client-02,A-Client-02,Agriculture,Political Risk Management,2025-07-03,2026-02-03,,Ongoing,High,8,3,5,84970000.0,,,,,Too Recent,Repeat Client
P0222,C-A-Client-04,A-Client-04,Agriculture,Digital Transformation,2025-07-03,2025-10-03,2025-10-07,Completed,Medium,6,1,5,25580000.0,26350000.0,4.0,0.03,4.2,Too Recent,Repeat Client
P0220,C-A-Client-07,A-Client-07,Agriculture,Data Visualization & Analytics,2025-07-03,2025-11-03,2025-11-06,Completed,Medium,8,4,4,46690000.0,47530000.0,3.0,0.018,4.2,Too Recent,Referral
P1802,C-TAI-Client-07,TAI-Client-07,Technology and Innovation,Political Risk Management,2025-07-04,2026-04-04,,Ongoing,High,13,4,9,228610000.0,,,,,Too Recent,Direct Outreach
P0558,C-CACM-Client-03,CACM-Client-03,Climate and Carbon Markets,Market & Social Research,2025-07-04,2025-08-04,2025-08-08,Completed,Low,4,2,2,6090000.0,6940000.0,4.0,0.139,4.1,Too Recent,Repeat Client
P0553,C-CACM-Client-08,CACM-Client-08,Climate and Carbon Markets,Data Visualization & Analytics,2025-07-05,2025-08-05,2025-08-09,Completed,Low,2,1,1,2790000.0,3100000.0,4.0,0.112,3.8,Too Recent,Competitive Tender
P0545,C-CACM-Client-07,CACM-Client-07,Climate and Carbon Markets,Data Visualization & Analytics,2025-07-05,2025-08-05,2025-08-05,Completed,Low,3,1,2,4240000.0,4240000.0,0.0,0.0,4.7,Too Recent,Repeat Client
P0552,C-CACM-Client-02,CACM-Client-02,Climate and Carbon Markets,Digital Transformation,2025-07-05,2025-10-05,2025-10-05,Completed,Low,2,1,1,8130000.0,8130000.0,0.0,0.0,4.9,Too Recent,Competitive Tender
P0546,C-CACM-Client-04,CACM-Client-04,Climate and Carbon Markets,Political Risk Management,2025-07-05,2025-08-05,2025-08-05,Completed,Low,3,1,2,3810000.0,3810000.0,0.0,0.0,4.1,Too Recent,Referral
P0827,C-E-Client-08,E-Client-08,Energy,Data Visualization & Analytics,2025-07-05,2025-09-05,2025-09-09,Completed,Low,4,2,2,12890000.0,13770000.0,4.0,0.068,3.7,Too Recent,Repeat Client
P1809,C-TAI-Client-04,TAI-Client-04,Technology and Innovation,Political Risk Management,2025-07-06,2025-09-06,2025-09-08,Completed,Low,4,2,2,10960000.0,11180000.0,2.0,0.02,4.5,Too Recent,Competitive Tender
P0224,C-A-Client-01,A-Client-01,Agriculture,Data Visualization & Analytics,2025-07-06,2025-11-06,2025-11-10,Completed,Medium,4,1,3,23240000.0,24100000.0,4.0,0.037,4.3,Too Recent,Direct Outreach
P1209,C-PS-Client-04,PS-Client-04,Public Sector,Stakeholder Engagement,2025-07-07,2025-09-07,2025-09-07,Completed,Medium,4,1,3,12080000.0,12080000.0,0.0,0.0,4.5,Too Recent,Direct Outreach
P0826,C-E-Client-02,E-Client-02,Energy,Market & Social Research,2025-07-09,2025-09-09,2025-09-19,Completed,Low,4,2,2,10920000.0,12220000.0,10.0,0.119,3.8,Too Recent,Direct Outreach
P1812,C-TAI-Client-07,TAI-Client-07,Technology and Innovation,Political Risk Management,2025-07-10,2025-10-10,2025-10-13,Completed,Low,4,1,3,14450000.0,14880000.0,3.0,0.03,4.1,Too Recent,Repeat Client
P0824,C-E-Client-08,E-Client-08,Energy,Data Visualization & Analytics,2025-07-11,2025-10-11,2025-12-05,Completed,Medium,4,1,3,21010000.0,29270000.0,55.0,0.393,2.9,Too Recent,Repeat Client
P1810,C-TAI-Client-04,TAI-Client-04,Technology and Innovation,Stakeholder Engagement,2025-07-12,2025-12-12,2025-12-13,Completed,Medium,5,2,3,36710000.0,36890000.0,1.0,0.005,4.2,Too Recent,Referral
P0825,C-E-Client-05,E-Client-05,Energy,Data Visualization & Analytics,2025-07-12,2025-11-12,2025-11-14,Completed,High,12,5,7,123000000.0,124970000.0,2.0,0.016,4.5,Too Recent,Repeat Client
P0544,C-CACM-Client-04,CACM-Client-04,Climate and Carbon Markets,Digital Transformation,2025-07-14,2025-09-14,2025-09-15,Completed,Medium,8,3,5,33840000.0,34550000.0,1.0,0.021,4.5,Too Recent,Repeat Client
P1383,C-CEAT-Client-07,CEAT-Client-07,Creative Economy and Tourism,Market & Social Research,2025-07-15,2025-12-15,2026-01-31,Completed,Medium,8,2,6,46840000.0,54010000.0,47.0,0.153,2.8,Too Recent,Referral
P0543,C-CACM-Client-06,CACM-Client-06,Climate and Carbon Markets,Data Visualization & Analytics,2025-07-16,2025-11-16,2025-11-17,Completed,Medium,5,1,4,43240000.0,43630000.0,1.0,0.009,4.6,Too Recent,Repeat Client
P1804,C-TAI-Client-08,TAI-Client-08,Technology and Innovation,Market & Social Research,2025-07-16,2025-12-16,2025-12-17,Completed,Medium,7,2,5,58920000.0,59160000.0,1.0,0.004,4.6,Too Recent,Referral
P0556,C-CACM-Client-05,CACM-Client-05,Climate and Carbon Markets,Strategic Planning,2025-07-17,2025-10-17,2025-10-19,Completed,Low,3,1,2,15490000.0,15720000.0,2.0,0.015,3.8,Too Recent,Repeat Client
P0542,C-CACM-Client-02,CACM-Client-02,Climate and Carbon Markets,Digital Transformation,2025-07-17,2025-09-17,2025-09-19,Completed,Low,3,1,2,10490000.0,10710000.0,2.0,0.021,3.8,Too Recent,Referral
P0557,C-CACM-Client-07,CACM-Client-07,Climate and Carbon Markets,Market & Social Research,2025-07-17,2025-10-17,2025-10-21,Completed,Low,4,2,2,19930000.0,20990000.0,4.0,0.053,4.1,Too Recent,Repeat Client
P0555,C-CACM-Client-01,CACM-Client-01,Climate and Carbon Markets,Strategic Planning,2025-07-18,2025-10-18,2025-10-21,Completed,Low,3,1,2,11990000.0,12310000.0,3.0,0.027,4.4,Too Recent,Referral
P1382,C-CEAT-Client-05,CEAT-Client-05,Creative Economy and Tourism,Stakeholder Engagement,2025-07-18,2025-10-18,2025-10-19,Completed,Low,2,1,1,4930000.0,4990000.0,1.0,0.012,4.8,Too Recent,Referral
P0550,C-CACM-Client-01,CACM-Client-01,Climate and Carbon Markets,Stakeholder Engagement,2025-07-18,2025-09-18,2025-10-21,Completed,Low,2,1,1,5150000.0,7440000.0,33.0,0.444,2.6,Too Recent,Repeat Client
P1806,C-TAI-Client-02,TAI-Client-02,Technology and Innovation,Data Visualization & Analytics,2025-07-19,2025-09-19,2025-09-21,Completed,Low,4,1,3,11910000.0,12240000.0,2.0,0.028,4.4,Too Recent,Competitive Tender
P0547,C-CACM-Client-06,CACM-Client-06,Climate and Carbon Markets,Data Visualization & Analytics,2025-07-19,2025-10-19,2025-10-21,Completed,Medium,7,2,5,37410000.0,38420000.0,2.0,0.027,4.3,Too Recent,Competitive Tender
P1384,C-CEAT-Client-03,CEAT-Client-03,Creative Economy and Tourism,Political Risk Management,2025-07-20,2025-10-20,2025-10-22,Completed,Medium,8,4,4,31150000.0,31620000.0,2.0,0.015,4.4,Too Recent,Repeat Client
P1808,C-TAI-Client-07,TAI-Client-07,Technology and Innovation,Strategic Planning,2025-07-20,2025-11-20,2025-11-20,Completed,Medium,7,2,5,43580000.0,43580000.0,0.0,0.0,5.0,Too Recent,Direct Outreach
P0221,C-A-Client-01,A-Client-01,Agriculture,Stakeholder Engagement,2025-07-21,2025-12-21,2025-12-23,Completed,Medium,8,2,6,59830000.0,60790000.0,2.0,0.016,4.0,Too Recent,Direct Outreach
P1807,C-TAI-Client-02,TAI-Client-02,Technology and Innovation,Political Risk Management,2025-07-21,2025-12-21,2025-12-24,Completed,Medium,7,3,4,55970000.0,56810000.0,3.0,0.015,3.2,Too Recent,Direct Outreach
P1811,C-TAI-Client-08,TAI-Client-08,Technology and Innovation,Market & Social Research,2025-07-22,2025-09-22,2025-09-22,Completed,Low,4,1,3,12780000.0,12780000.0,0.0,0.0,4.8,Too Recent,Repeat Client
P1039,C-FAI-Client-04,FAI-Client-04,Finance and Insurance,Political Risk Management,2025-07-23,2025-08-23,2025-10-08,Completed,Low,4,1,3,7550000.0,11090000.0,46.0,0.469,2.3,Too Recent,Referral
P1805,C-TAI-Client-01,TAI-Client-01,Technology and Innovation,Political Risk Management,2025-07-23,2025-11-23,2026-03-28,Completed,High,15,7,8,136270000.0,206720000.0,125.0,0.517,1.9,Too Recent,Repeat Client
P0549,C-CACM-Client-03,CACM-Client-03,Climate and Carbon Markets,Digital Transformation,2025-07-24,2026-01-24,,Ongoing,High,9,3,6,142700000.0,,,,,Too Recent,Repeat Client
P1803,C-TAI-Client-05,TAI-Client-05,Technology and Innovation,Strategic Planning,2025-07-24,2026-03-24,,Ongoing,High,15,7,8,237520000.0,,,,,Too Recent,Repeat Client
P0548,C-CACM-Client-08,CACM-Client-08,Climate and Carbon Markets,Market & Social Research,2025-07-25,2025-12-25,2026-03-19,Completed,Medium,7,2,5,74140000.0,105500000.0,84.0,0.423,2.5,Too Recent,Direct Outreach
P0566,C-CACM-Client-08,CACM-Client-08,Climate and Carbon Markets,Data Visualization & Analytics,2025-08-02,2026-01-02,,Ongoing,High,10,4,6,126470000.0,,,,,Too Recent,Repeat Client
P0567,C-CACM-Client-01,CACM-Client-01,Climate and Carbon Markets,Market & Social Research,2025-08-02,2025-10-02,2025-11-13,Completed,Medium,6,2,4,19280000.0,29230000.0,42.0,0.516,2.5,Too Recent,Repeat Client
P1825,C-TAI-Client-03,TAI-Client-03,Technology and Innovation,Digital Transformation,2025-08-02,2025-11-02,2025-11-05,Completed,Low,2,1,1,9050000.0,9320000.0,3.0,0.03,4.0,Too Recent,Repeat Client
P0829,C-E-Client-04,E-Client-04,Energy,Political Risk Management,2025-08-03,2025-11-03,2025-11-05,Completed,Medium,7,3,4,44290000.0,45530000.0,2.0,0.028,4.4,Too Recent,Referral
P0560,C-CACM-Client-08,CACM-Client-08,Climate and Carbon Markets,Stakeholder Engagement,2025-08-03,2025-12-03,2025-12-05,Completed,Medium,7,2,5,44220000.0,44840000.0,2.0,0.014,4.1,Too Recent,Repeat Client
P1826,C-TAI-Client-03,TAI-Client-03,Technology and Innovation,Digital Transformation,2025-08-04,2025-11-04,2025-11-04,Completed,Medium,6,3,3,30410000.0,30410000.0,0.0,0.0,4.3,Too Recent,Repeat Client
P0569,C-CACM-Client-02,CACM-Client-02,Climate and Carbon Markets,Data Visualization & Analytics,2025-08-05,2026-05-05,,Ongoing,High,13,5,8,273240000.0,,,,,Too Recent,Repeat Client
P1815,C-TAI-Client-08,TAI-Client-08,Technology and Innovation,Strategic Planning,2025-08-06,2025-11-06,2025-11-09,Completed,Medium,5,2,3,24740000.0,25560000.0,3.0,0.033,4.7,Too Recent,Competitive Tender
P1817,C-TAI-Client-01,TAI-Client-01,Technology and Innovation,Data Visualization & Analytics,2025-08-07,2026-04-07,,Ongoing,High,7,2,5,110540000.0,,,,,Too Recent,Repeat Client
P0559,C-CACM-Client-05,CACM-Client-05,Climate and Carbon Markets,Political Risk Management,2025-08-07,2025-12-07,2025-12-07,Completed,Medium,6,2,4,49570000.0,49570000.0,0.0,0.0,4.0,Too Recent,Repeat Client
P1814,C-TAI-Client-08,TAI-Client-08,Technology and Innovation,Market & Social Research,2025-08-07,2025-12-07,2025-12-08,Completed,Medium,4,2,2,27070000.0,27210000.0,1.0,0.005,4.1,Too Recent,Referral
P1211,C-PS-Client-03,PS-Client-03,Public Sector,Stakeholder Engagement,2025-08-08,2025-11-08,2025-12-09,Completed,Low,4,1,3,12360000.0,15570000.0,31.0,0.26,3.0,Too Recent,Direct Outreach
P0561,C-CACM-Client-05,CACM-Client-05,Climate and Carbon Markets,Digital Transformation,2025-08-08,2026-05-08,,Ongoing,High,10,3,7,190220000.0,,,,,Too Recent,Repeat Client
P1818,C-TAI-Client-03,TAI-Client-03,Technology and Innovation,Market & Social Research,2025-08-09,2025-10-09,2025-10-09,Completed,Low,4,2,2,11370000.0,11370000.0,0.0,0.0,4.0,Too Recent,Repeat Client
P0828,C-E-Client-10,E-Client-10,Energy,Digital Transformation,2025-08-09,2025-11-09,2025-11-10,Completed,Low,3,1,2,15290000.0,15500000.0,1.0,0.014,4.6,Too Recent,Repeat Client
P1827,C-TAI-Client-08,TAI-Client-08,Technology and Innovation,Digital Transformation,2025-08-10,2025-11-10,2025-11-14,Completed,Low,3,1,2,11040000.0,11390000.0,4.0,0.032,3.8,Too Recent,Repeat Client
P0563,C-CACM-Client-08,CACM-Client-08,Climate and Carbon Markets,Strategic Planning,2025-08-13,2026-03-13,,Ongoing,High,13,4,9,225580000.0,,,,,Too Recent,Repeat Client
P1210,C-PS-Client-09,PS-Client-09,Public Sector,Digital Transformation,2025-08-13,2025-09-13,2025-09-16,Completed,Low,2,1,1,2550000.0,2810000.0,3.0,0.103,3.6,Too Recent,Direct Outreach
P0226,C-A-Client-07,A-Client-07,Agriculture,Stakeholder Engagement,2025-08-14,2025-11-14,2025-11-15,Completed,Medium,5,2,3,20770000.0,21040000.0,1.0,0.013,4.1,Too Recent,Repeat Client
P1820,C-TAI-Client-04,TAI-Client-04,Technology and Innovation,Strategic Planning,2025-08-14,2025-09-14,2025-09-16,Completed,Low,4,1,3,5640000.0,6020000.0,2.0,0.067,3.8,Too Recent,Referral
P1041,C-FAI-Client-03,FAI-Client-03,Finance and Insurance,Digital Transformation,2025-08-16,2026-01-16,,Ongoing,Medium,5,2,3,46950000.0,,,,,Too Recent,Referral
P0565,C-CACM-Client-02,CACM-Client-02,Climate and Carbon Markets,Stakeholder Engagement,2025-08-16,2026-01-16,,Cancelled,Medium,6,2,4,65720000.0,65720000.0,,,,N/A,Repeat Client
P0831,C-E-Client-05,E-Client-05,Energy,Digital Transformation,2025-08-17,2025-09-17,2025-09-19,Completed,Low,2,1,1,3680000.0,3850000.0,2.0,0.045,4.1,Too Recent,Repeat Client
P0832,C-E-Client-09,E-Client-09,Energy,Stakeholder Engagement,2025-08-17,2025-10-17,2025-10-17,Completed,Low,2,1,1,6990000.0,6990000.0,0.0,0.0,4.4,Too Recent,Referral
P1821,C-TAI-Client-05,TAI-Client-05,Technology and Innovation,Data Visualization & Analytics,2025-08-18,2026-01-18,,Ongoing,High,14,6,8,147370000.0,,,,,Too Recent,Direct Outreach
P0228,C-A-Client-04,A-Client-04,Agriculture,Political Risk Management,2025-08-20,2026-01-20,,Ongoing,Medium,8,4,4,56250000.0,,,,,Too Recent,Repeat Client
P0564,C-CACM-Client-03,CACM-Client-03,Climate and Carbon Markets,Strategic Planning,2025-08-21,2025-09-21,2025-09-25,Completed,Low,4,1,3,7070000.0,7880000.0,4.0,0.115,4.1,Too Recent,Direct Outreach
P0227,C-A-Client-03,A-Client-03,Agriculture,Strategic Planning,2025-08-22,2025-09-22,,Cancelled,Low,2,1,1,1770000.0,1940000.0,,,,N/A,Direct Outreach
P0830,C-E-Client-06,E-Client-06,Energy,Strategic Planning,2025-08-24,2025-10-24,2025-10-26,Completed,Low,4,1,3,13150000.0,13570000.0,2.0,0.032,4.3,Too Recent,Repeat Client
P1816,C-TAI-Client-05,TAI-Client-05,Technology and Innovation,Market & Social Research,2025-08-26,2025-10-26,2025-10-29,Completed,Low,3,1,2,7890000.0,8250000.0,3.0,0.046,3.9,Too Recent,Competitive Tender
P1822,C-TAI-Client-05,TAI-Client-05,Technology and Innovation,Market & Social Research,2025-08-26,2025-12-26,2025-12-30,Completed,Medium,4,1,3,24170000.0,25020000.0,4.0,0.035,3.7,Too Recent,Repeat Client
P1040,C-FAI-Client-08,FAI-Client-08,Finance and Insurance,Digital Transformation,2025-08-26,2025-12-26,2025-12-30,Completed,Medium,4,2,2,33630000.0,34470000.0,4.0,0.025,4.8,Too Recent,Repeat Client
P0225,C-A-Client-06,A-Client-06,Agriculture,Data Visualization & Analytics,2025-08-26,2025-12-26,2025-12-28,Completed,High,11,5,6,59690000.0,60700000.0,2.0,0.017,4.2,Too Recent,Competitive Tender
P1824,C-TAI-Client-02,TAI-Client-02,Technology and Innovation,Stakeholder Engagement,2025-08-27,2025-12-27,2026-04-13,Completed,High,8,2,6,68120000.0,95910000.0,107.0,0.408,2.6,Too Recent,Repeat Client
P1819,C-TAI-Client-02,TAI-Client-02,Technology and Innovation,Data Visualization & Analytics,2025-08-27,2026-04-27,,Ongoing,High,7,3,4,118410000.0,,,,,Too Recent,Referral
P1813,C-TAI-Client-03,TAI-Client-03,Technology and Innovation,Stakeholder Engagement,2025-08-27,2025-12-27,2025-12-30,Completed,Medium,7,3,4,55200000.0,56140000.0,3.0,0.017,4.1,Too Recent,Referral
P1829,C-TAI-Client-04,TAI-Client-04,Technology and Innovation,Political Risk Management,2025-08-27,2025-11-27,2025-11-29,Completed,Medium,4,1,3,20350000.0,20840000.0,2.0,0.024,5.0,Too Recent,Repeat Client
P0562,C-CACM-Client-01,CACM-Client-01,Climate and Carbon Markets,Strategic Planning,2025-08-27,2025-09-27,2025-09-28,Completed,Low,4,1,3,6720000.0,6960000.0,1.0,0.036,4.1,Too Recent,Repeat Client
P0568,C-CACM-Client-04,CACM-Client-04,Climate and Carbon Markets,Stakeholder Engagement,2025-08-28,2025-10-28,2025-11-27,Completed,Low,2,1,1,6930000.0,9110000.0,30.0,0.314,3.7,Too Recent,Competitive Tender
P1823,C-TAI-Client-08,TAI-Client-08,Technology and Innovation,Political Risk Management,2025-08-28,2025-10-28,2025-11-01,Completed,Medium,4,2,2,14040000.0,14730000.0,4.0,0.049,4.3,Too Recent,Repeat Client
P1828,C-TAI-Client-06,TAI-Client-06,Technology and Innovation,Data Visualization & Analytics,2025-08-28,2025-09-28,2025-09-28,Completed,Low,2,1,1,2770000.0,2770000.0,0.0,0.0,4.3,Too Recent,Repeat Client
P0840,C-E-Client-03,E-Client-03,Energy,Stakeholder Engagement,2025-09-01,2025-11-01,2025-12-16,Completed,Low,2,1,1,6100000.0,7740000.0,45.0,0.269,3.3,Too Recent,Repeat Client
P0833,C-E-Client-04,E-Client-04,Energy,Strategic Planning,2025-09-01,2025-10-01,2025-10-02,Completed,Low,2,1,1,2770000.0,2860000.0,1.0,0.034,4.6,Too Recent,Referral
P0575,C-CACM-Client-08,CACM-Client-08,Climate and Carbon Markets,Political Risk Management,2025-09-01,2026-06-01,,Ongoing,High,11,3,8,216780000.0,,,,,Too Recent,Repeat Client
P1839,C-TAI-Client-05,TAI-Client-05,Technology and Innovation,Political Risk Management,2025-09-02,2026-06-02,,Ongoing,High,15,5,10,278730000.0,,,,,Too Recent,Direct Outreach
P1838,C-TAI-Client-03,TAI-Client-03,Technology and Innovation,Stakeholder Engagement,2025-09-02,2026-04-02,,Ongoing,High,7,3,4,97440000.0,,,,,Too Recent,Repeat Client
P0584,C-CACM-Client-02,CACM-Client-02,Climate and Carbon Markets,Stakeholder Engagement,2025-09-03,2025-11-03,2025-11-04,Completed,Low,4,2,2,12630000.0,12830000.0,1.0,0.016,4.4,Too Recent,Competitive Tender
P0582,C-CACM-Client-08,CACM-Client-08,Climate and Carbon Markets,Stakeholder Engagement,2025-09-03,2026-02-03,,Ongoing,High,13,6,7,150750000.0,,,,,Too Recent,Direct Outreach
P0573,C-CACM-Client-02,CACM-Client-02,Climate and Carbon Markets,Data Visualization & Analytics,2025-09-04,2025-11-04,2025-11-07,Completed,Low,2,1,1,5430000.0,5760000.0,3.0,0.06,4.3,Too Recent,Referral
P1043,C-FAI-Client-09,FAI-Client-09,Finance and Insurance,Strategic Planning,2025-09-05,2025-12-05,2025-12-05,Completed,Medium,5,2,3,37180000.0,37180000.0,0.0,0.0,4.0,Too Recent,Repeat Client
P1834,C-TAI-Client-07,TAI-Client-07,Technology and Innovation,Political Risk Management,2025-09-05,2026-02-05,,Ongoing,Medium,7,2,5,63590000.0,,,,,Too Recent,Repeat Client
P1045,C-FAI-Client-01,FAI-Client-01,Finance and Insurance,Digital Transformation,2025-09-06,2025-12-06,2025-12-06,Completed,Low,3,1,2,13800000.0,13800000.0,0.0,0.0,4.7,Too Recent,Referral
P0570,C-CACM-Client-07,CACM-Client-07,Climate and Carbon Markets,Digital Transformation,2025-09-06,2026-05-06,,Ongoing,High,10,2,8,172890000.0,,,,,Too Recent,Repeat Client
P0577,C-CACM-Client-05,CACM-Client-05,Climate and Carbon Markets,Market & Social Research,2025-09-06,2026-02-06,,Ongoing,Medium,4,1,3,36060000.0,,,,,Too Recent,Repeat Client
P0842,C-E-Client-07,E-Client-07,Energy,Stakeholder Engagement,2025-09-07,2025-11-07,2025-11-10,Completed,Low,4,2,2,12700000.0,13110000.0,3.0,0.032,3.9,Too Recent,Competitive Tender
P0834,C-E-Client-01,E-Client-01,Energy,Data Visualization & Analytics,2025-09-08,2025-10-08,2025-10-11,Completed,Low,3,1,2,4910000.0,5360000.0,3.0,0.092,4.1,Too Recent,Repeat Client
P0576,C-CACM-Client-07,CACM-Client-07,Climate and Carbon Markets,Political Risk Management,2025-09-08,2025-11-08,2025-11-09,Completed,Low,4,2,2,13650000.0,13810000.0,1.0,0.012,4.3,Too Recent,Repeat Client
P0230,C-A-Client-01,A-Client-01,Agriculture,Political Risk Management,2025-09-09,2025-11-09,2025-11-09,Completed,Low,3,1,2,6420000.0,6420000.0,0.0,0.0,4.5,Too Recent,Competitive Tender
P1831,C-TAI-Client-02,TAI-Client-02,Technology and Innovation,Data Visualization & Analytics,2025-09-10,2025-12-10,2025-12-11,Completed,Low,2,1,1,8790000.0,8890000.0,1.0,0.011,4.3,Too Recent,Direct Outreach
P0231,C-A-Client-03,A-Client-03,Agriculture,Strategic Planning,2025-09-10,2025-12-10,2025-12-12,Completed,Low,4,1,3,11880000.0,12200000.0,2.0,0.027,3.7,Too Recent,Competitive Tender
P1837,C-TAI-Client-03,TAI-Client-03,Technology and Innovation,Political Risk Management,2025-09-11,2026-01-11,,Ongoing,Medium,7,2,5,53350000.0,,,,,Too Recent,Referral
P1844,C-TAI-Client-05,TAI-Client-05,Technology and Innovation,Strategic Planning,2025-09-12,2026-02-12,,Ongoing,Medium,5,2,3,45390000.0,,,,,Too Recent,Referral
P0580,C-CACM-Client-01,CACM-Client-01,Climate and Carbon Markets,Data Visualization & Analytics,2025-09-12,2025-11-12,2025-12-18,Completed,Medium,4,2,2,12980000.0,15970000.0,36.0,0.23,3.4,Too Recent,Repeat Client
P0839,C-E-Client-02,E-Client-02,Energy,Data Visualization & Analytics,2025-09-12,2025-12-12,2025-12-14,Completed,Medium,6,2,4,34140000.0,34720000.0,2.0,0.017,4.8,Too Recent,Referral
P0837,C-E-Client-08,E-Client-08,Energy,Market & Social Research,2025-09-12,2025-11-12,2025-11-13,Completed,Low,4,2,2,14760000.0,14970000.0,1.0,0.014,3.9,Too Recent,Referral
P1832,C-TAI-Client-06,TAI-Client-06,Technology and Innovation,Digital Transformation,2025-09-12,2025-12-12,2025-12-13,Completed,Low,3,1,2,14920000.0,15050000.0,1.0,0.009,4.3,Too Recent,Competitive Tender
P1840,C-TAI-Client-05,TAI-Client-05,Technology and Innovation,Digital Transformation,2025-09-13,2025-12-13,2025-12-15,Completed,Low,4,2,2,18170000.0,18680000.0,2.0,0.028,3.9,Too Recent,Competitive Tender
P0579,C-CACM-Client-07,CACM-Client-07,Climate and Carbon Markets,Data Visualization & Analytics,2025-09-13,2026-06-13,,Ongoing,High,9,4,5,161820000.0,,,,,Too Recent,Repeat Client
P1385,C-CEAT-Client-04,CEAT-Client-04,Creative Economy and Tourism,Digital Transformation,2025-09-13,2025-11-13,2025-11-13,Completed,Medium,6,2,4,11740000.0,11740000.0,0.0,0.0,4.4,Too Recent,Repeat Client
P1830,C-TAI-Client-08,TAI-Client-08,Technology and Innovation,Data Visualization & Analytics,2025-09-14,2025-10-14,2025-10-18,Completed,Low,2,1,1,2810000.0,3170000.0,4.0,0.129,4.1,Too Recent,Competitive Tender
P0232,C-A-Client-05,A-Client-05,Agriculture,Digital Transformation,2025-09-15,2026-01-15,,Ongoing,Medium,8,4,4,43330000.0,,,,,Too Recent,Repeat Client
P0581,C-CACM-Client-02,CACM-Client-02,Climate and Carbon Markets,Market & Social Research,2025-09-15,2026-01-15,,Ongoing,Medium,6,2,4,47870000.0,,,,,Too Recent,Competitive Tender
P0836,C-E-Client-01,E-Client-01,Energy,Market & Social Research,2025-09-17,2026-02-17,,Ongoing,Medium,4,1,3,44230000.0,,,,,Too Recent,Referral
P1842,C-TAI-Client-07,TAI-Client-07,Technology and Innovation,Political Risk Management,2025-09-17,2025-12-17,2025-12-18,Completed,Low,2,1,1,7310000.0,7370000.0,1.0,0.008,4.5,Too Recent,Repeat Client
P0583,C-CACM-Client-02,CACM-Client-02,Climate and Carbon Markets,Strategic Planning,2025-09-18,2026-05-18,,Ongoing,High,13,3,10,245200000.0,,,,,Too Recent,Referral
P0571,C-CACM-Client-03,CACM-Client-03,Climate and Carbon Markets,Digital Transformation,2025-09-18,2026-03-18,,Ongoing,High,13,3,10,158750000.0,,,,,Too Recent,Repeat Client
P1386,C-CEAT-Client-06,CEAT-Client-06,Creative Economy and Tourism,Stakeholder Engagement,2025-09-19,2026-02-19,,Ongoing,Medium,7,3,4,38500000.0,,,,,Too Recent,Repeat Client
P0229,C-A-Client-08,A-Client-08,Agriculture,Digital Transformation,2025-09-19,2025-12-19,2026-03-03,Completed,Medium,5,2,3,16710000.0,26230000.0,74.0,0.57,2.0,Too Recent,Repeat Client
P1044,C-FAI-Client-03,FAI-Client-03,Finance and Insurance,Data Visualization & Analytics,2025-09-19,2025-10-19,2025-10-22,Completed,Low,2,1,1,3490000.0,3730000.0,3.0,0.068,3.8,Too Recent,Referral
P0574,C-CACM-Client-07,CACM-Client-07,Climate and Carbon Markets,Data Visualization & Analytics,2025-09-20,2025-12-20,2026-01-28,Completed,Low,4,1,3,20720000.0,26250000.0,39.0,0.267,2.9,Too Recent,Repeat Client
P0585,C-CACM-Client-01,CACM-Client-01,Climate and Carbon Markets,Data Visualization & Analytics,2025-09-20,2026-01-20,,Ongoing,Medium,7,2,5,50900000.0,,,,,Too Recent,Direct Outreach
P1843,C-TAI-Client-08,TAI-Client-08,Technology and Innovation,Digital Transformation,2025-09-21,2025-12-21,2025-12-25,Completed,Medium,8,2,6,46080000.0,48250000.0,4.0,0.047,3.8,Too Recent,Repeat Client
P1833,C-TAI-Client-07,TAI-Client-07,Technology and Innovation,Market & Social Research,2025-09-22,2025-10-22,2025-10-25,Completed,Low,2,1,1,3270000.0,3560000.0,3.0,0.088,3.9,Too Recent,Repeat Client
P1388,C-CEAT-Client-02,CEAT-Client-02,Creative Economy and Tourism,Stakeholder Engagement,2025-09-23,2026-05-23,,Ongoing,High,14,6,8,174080000.0,,,,,Too Recent,Direct Outreach
P0835,C-E-Client-06,E-Client-06,Energy,Political Risk Management,2025-09-23,2025-12-23,2026-01-08,Completed,Medium,6,1,5,31830000.0,36160000.0,16.0,0.136,4.2,Too Recent,Referral
P0578,C-CACM-Client-05,CACM-Client-05,Climate and Carbon Markets,Market & Social Research,2025-09-23,2025-10-23,2025-11-16,Completed,Low,2,1,1,3530000.0,5400000.0,24.0,0.529,3.0,Too Recent,Referral
P1387,C-CEAT-Client-02,CEAT-Client-02,Creative Economy and Tourism,Digital Transformation,2025-09-23,2025-10-23,2025-10-26,Completed,Low,2,1,1,1760000.0,1970000.0,3.0,0.117,4.6,Too Recent,Repeat Client
P1841,C-TAI-Client-01,TAI-Client-01,Technology and Innovation,Data Visualization & Analytics,2025-09-24,2025-11-24,2025-11-28,Completed,Low,3,1,2,8230000.0,8740000.0,4.0,0.062,4.2,Too Recent,Repeat Client
P0572,C-CACM-Client-06,CACM-Client-06,Climate and Carbon Markets,Strategic Planning,2025-09-24,2025-11-24,2025-11-26,Completed,Medium,8,3,5,26830000.0,27470000.0,2.0,0.024,4.4,Too Recent,Repeat Client
P1836,C-TAI-Client-02,TAI-Client-02,Technology and Innovation,Strategic Planning,2025-09-25,2025-10-25,2025-10-29,Completed,Low,4,2,2,6310000.0,6930000.0,4.0,0.099,4.0,Too Recent,Referral
P0841,C-E-Client-04,E-Client-04,Energy,Digital Transformation,2025-09-25,2025-12-25,2025-12-25,Completed,Medium,5,1,4,30700000.0,30700000.0,0.0,0.0,4.2,Too Recent,Repeat Client
P1042,C-FAI-Client-04,FAI-Client-04,Finance and Insurance,Strategic Planning,2025-09-27,2026-02-27,,Ongoing,Medium,4,1,3,47670000.0,,,,,Too Recent,Repeat Client
P0838,C-E-Client-09,E-Client-09,Energy,Data Visualization & Analytics,2025-09-28,2025-11-28,2026-01-17,Completed,Low,4,1,3,11800000.0,18440000.0,50.0,0.563,2.1,Too Recent,Direct Outreach
P1835,C-TAI-Client-08,TAI-Client-08,Technology and Innovation,Market & Social Research,2025-09-28,2026-01-28,,Ongoing,Medium,4,1,3,23830000.0,,,,,Too Recent,Competitive Tender
P0843,C-E-Client-08,E-Client-08,Energy,Market & Social Research,2025-10-01,2026-01-01,,Ongoing,Low,2,1,1,11610000.0,,,,,Too Recent,Repeat Client
P1845,C-TAI-Client-07,TAI-Client-07,Technology and Innovation,Digital Transformation,2025-10-02,2026-01-02,,Ongoing,Low,3,1,2,11000000.0,,,,,Too Recent,Direct Outreach
P1847,C-TAI-Client-05,TAI-Client-05,Technology and Innovation,Stakeholder Engagement,2025-10-03,2026-01-03,,Ongoing,Low,4,1,3,18670000.0,,,,,Too Recent,Repeat Client
P0589,C-CACM-Client-05,CACM-Client-05,Climate and Carbon Markets,Political Risk Management,2025-10-03,2025-11-03,2025-11-10,Completed,Low,3,1,2,4520000.0,5460000.0,7.0,0.208,3.7,Too Recent,Repeat Client
P1391,C-CEAT-Client-07,CEAT-Client-07,Creative Economy and Tourism,Data Visualization & Analytics,2025-10-03,2026-01-03,,Ongoing,Low,2,1,1,6160000.0,,,,,Too Recent,Repeat Client
P1852,C-TAI-Client-01,TAI-Client-01,Technology and Innovation,Political Risk Management,2025-10-04,2026-03-04,,Ongoing,Medium,6,3,3,48110000.0,,,,,Too Recent,Referral
P0592,C-CACM-Client-01,CACM-Client-01,Climate and Carbon Markets,Political Risk Management,2025-10-04,2026-01-04,,Ongoing,Medium,6,1,5,34440000.0,,,,,Too Recent,Repeat Client
P1857,C-TAI-Client-07,TAI-Client-07,Technology and Innovation,Strategic Planning,2025-10-04,2026-03-04,,Ongoing,High,13,6,7,157630000.0,,,,,Too Recent,Repeat Client
P0591,C-CACM-Client-04,CACM-Client-04,Climate and Carbon Markets,Political Risk Management,2025-10-08,2026-03-08,,Ongoing,Medium,8,3,5,84480000.0,,,,,Too Recent,Repeat Client
P0845,C-E-Client-07,E-Client-07,Energy,Political Risk Management,2025-10-09,2026-02-09,,Ongoing,Medium,6,2,4,49220000.0,,,,,Too Recent,Repeat Client
P0588,C-CACM-Client-08,CACM-Client-08,Climate and Carbon Markets,Market & Social Research,2025-10-09,2026-02-09,,Ongoing,Medium,6,2,4,38300000.0,,,,,Too Recent,Referral
P1851,C-TAI-Client-01,TAI-Client-01,Technology and Innovation,Digital Transformation,2025-10-09,2026-02-09,,Ongoing,Medium,4,2,2,25800000.0,,,,,Too Recent,Direct Outreach
P1854,C-TAI-Client-03,TAI-Client-03,Technology and Innovation,Digital Transformation,2025-10-10,2026-02-10,,Ongoing,Medium,8,3,5,64850000.0,,,,,Too Recent,Referral
P0590,C-CACM-Client-06,CACM-Client-06,Climate and Carbon Markets,Data Visualization & Analytics,2025-10-10,2026-03-10,,Ongoing,Medium,4,1,3,41210000.0,,,,,Too Recent,Repeat Client
P1853,C-TAI-Client-04,TAI-Client-04,Technology and Innovation,Data Visualization & Analytics,2025-10-11,2026-01-11,,Ongoing,Medium,8,4,4,46770000.0,,,,,Too Recent,Repeat Client
P1848,C-TAI-Client-01,TAI-Client-01,Technology and Innovation,Strategic Planning,2025-10-11,2026-01-11,,Ongoing,Low,2,1,1,7330000.0,,,,,Too Recent,Repeat Client
P0593,C-CACM-Client-08,CACM-Client-08,Climate and Carbon Markets,Data Visualization & Analytics,2025-10-11,2026-03-11,,Ongoing,Medium,6,3,3,60420000.0,,,,,Too Recent,Repeat Client
P0596,C-CACM-Client-08,CACM-Client-08,Climate and Carbon Markets,Stakeholder Engagement,2025-10-13,2026-02-13,,Ongoing,Medium,6,1,5,41690000.0,,,,,Too Recent,Repeat Client
P1855,C-TAI-Client-02,TAI-Client-02,Technology and Innovation,Data Visualization & Analytics,2025-10-13,2026-06-13,,Ongoing,High,10,3,7,172440000.0,,,,,Too Recent,Repeat Client
P0234,C-A-Client-04,A-Client-04,Agriculture,Political Risk Management,2025-10-13,2026-03-13,,Ongoing,Medium,4,1,3,26300000.0,,,,,Too Recent,Repeat Client
P0594,C-CACM-Client-06,CACM-Client-06,Climate and Carbon Markets,Stakeholder Engagement,2025-10-14,2026-01-14,,Ongoing,Medium,6,2,4,30300000.0,,,,,Too Recent,Repeat Client
P1850,C-TAI-Client-01,TAI-Client-01,Technology and Innovation,Data Visualization & Analytics,2025-10-14,2026-01-14,,Ongoing,Low,2,1,1,9800000.0,,,,,Too Recent,Repeat Client
P0586,C-CACM-Client-04,CACM-Client-04,Climate and Carbon Markets,Stakeholder Engagement,2025-10-14,2026-03-14,,Ongoing,Medium,4,1,3,41640000.0,,,,,Too Recent,Repeat Client
P0233,C-A-Client-05,A-Client-05,Agriculture,Market & Social Research,2025-10-14,2026-02-14,,Ongoing,Medium,7,2,5,39550000.0,,,,,Too Recent,Competitive Tender
P0847,C-E-Client-10,E-Client-10,Energy,Political Risk Management,2025-10-15,2026-02-15,,Ongoing,Medium,8,2,6,61900000.0,,,,,Too Recent,Repeat Client
P1047,C-FAI-Client-03,FAI-Client-03,Finance and Insurance,Market & Social Research,2025-10-15,2026-03-15,,Ongoing,Medium,7,3,4,64790000.0,,,,,Too Recent,Repeat Client
P0587,C-CACM-Client-03,CACM-Client-03,Climate and Carbon Markets,Market & Social Research,2025-10-17,2026-03-17,,Ongoing,High,13,4,9,152930000.0,,,,,Too Recent,Referral
P1856,C-TAI-Client-06,TAI-Client-06,Technology and Innovation,Political Risk Management,2025-10-17,2026-01-17,,Ongoing,Low,2,1,1,7950000.0,,,,,Too Recent,Referral
P0235,C-A-Client-05,A-Client-05,Agriculture,Digital Transformation,2025-10-19,2025-12-19,2025-12-22,Completed,Low,4,1,3,8650000.0,8920000.0,3.0,0.031,4.1,Too Recent,Repeat Client
P1389,C-CEAT-Client-09,CEAT-Client-09,Creative Economy and Tourism,Strategic Planning,2025-10-20,2026-03-20,,Ongoing,Medium,6,2,4,33110000.0,,,,,Too Recent,Repeat Client
P0844,C-E-Client-01,E-Client-01,Energy,Market & Social Research,2025-10-21,2026-01-21,,Ongoing,Medium,8,4,4,55170000.0,,,,,Too Recent,Repeat Client
P0595,C-CACM-Client-06,CACM-Client-06,Climate and Carbon Markets,Market & Social Research,2025-10-23,2026-03-23,,Ongoing,High,14,4,10,137650000.0,,,,,Too Recent,Referral
P1846,C-TAI-Client-05,TAI-Client-05,Technology and Innovation,Market & Social Research,2025-10-24,2026-01-24,,Ongoing,Medium,8,4,4,45680000.0,,,,,Too Recent,Referral
P1046,C-FAI-Client-02,FAI-Client-02,Finance and Insurance,Market & Social Research,2025-10-24,2026-07-24,,Ongoing,High,11,3,8,307270000.0,,,,,Too Recent,Repeat Client
P1212,C-PS-Client-02,PS-Client-02,Public Sector,Digital Transformation,2025-10-24,2026-01-24,,Ongoing,Low,3,1,2,11000000.0,,,,,Too Recent,Referral
P1849,C-TAI-Client-05,TAI-Client-05,Technology and Innovation,Digital Transformation,2025-10-26,2026-02-26,,Ongoing,Medium,5,2,3,30340000.0,,,,,Too Recent,Referral
P1390,C-CEAT-Client-05,CEAT-Client-05,Creative Economy and Tourism,Political Risk Management,2025-10-27,2025-12-27,2025-12-27,Completed,Low,2,1,1,3430000.0,3430000.0,0.0,0.0,4.1,Too Recent,Referral
P1048,C-FAI-Client-03,FAI-Client-03,Finance and Insurance,Stakeholder Engagement,2025-10-27,2026-03-27,,Ongoing,Medium,8,2,6,89210000.0,,,,,Too Recent,Repeat Client
P1049,C-FAI-Client-09,FAI-Client-09,Finance and Insurance,Data Visualization & Analytics,2025-10-27,2026-01-27,,Ongoing,Medium,8,2,6,45610000.0,,,,,Too Recent,Repeat Client
P0846,C-E-Client-05,E-Client-05,Energy,Market & Social Research,2025-10-28,2026-04-28,,Ongoing,High,14,6,8,205530000.0,,,,,Too Recent,Repeat Client
P1858,C-TAI-Client-03,TAI-Client-03,Technology and Innovation,Political Risk Management,2025-11-03,2025-12-03,2025-12-04,Completed,Low,3,1,2,4920000.0,5120000.0,1.0,0.041,4.7,Too Recent,Repeat Client
P1394,C-CEAT-Client-05,CEAT-Client-05,Creative Economy and Tourism,Political Risk Management,2025-11-05,2026-04-05,,Ongoing,Medium,8,3,5,42150000.0,,,,,Too Recent,Repeat Client
P1866,C-TAI-Client-02,TAI-Client-02,Technology and Innovation,Stakeholder Engagement,2025-11-06,2026-02-06,,Ongoing,Low,3,1,2,14830000.0,,,,,Too Recent,Repeat Client
P1050,C-FAI-Client-06,FAI-Client-06,Finance and Insurance,Political Risk Management,2025-11-06,2026-02-06,,Ongoing,Low,4,2,2,20300000.0,,,,,Too Recent,Repeat Client
P1872,C-TAI-Client-02,TAI-Client-02,Technology and Innovation,Stakeholder Engagement,2025-11-06,2026-04-06,,Ongoing,Medium,4,2,2,31620000.0,,,,,Too Recent,Direct Outreach
P1865,C-TAI-Client-01,TAI-Client-01,Technology and Innovation,Digital Transformation,2025-11-07,2026-01-07,,Ongoing,Low,3,1,2,9420000.0,,,,,Too Recent,Referral
P1859,C-TAI-Client-06,TAI-Client-06,Technology and Innovation,Digital Transformation,2025-11-07,2026-04-07,,Ongoing,Medium,4,1,3,35240000.0,,,,,Too Recent,Direct Outreach
P0599,C-CACM-Client-03,CACM-Client-03,Climate and Carbon Markets,Digital Transformation,2025-11-07,2026-02-07,,Ongoing,Low,4,1,3,21620000.0,,,,,Too Recent,Repeat Client
P0610,C-CACM-Client-04,CACM-Client-04,Climate and Carbon Markets,Political Risk Management,2025-11-09,2025-12-09,2026-01-06,Completed,Low,4,1,3,6860000.0,8870000.0,28.0,0.293,2.6,Too Recent,Repeat Client
P0603,C-CACM-Client-07,CACM-Client-07,Climate and Carbon Markets,Strategic Planning,2025-11-09,2026-02-09,,Ongoing,Medium,7,2,5,33610000.0,,,,,Too Recent,Referral
P0850,C-E-Client-08,E-Client-08,Energy,Strategic Planning,2025-11-10,2026-03-10,,Ongoing,Medium,4,2,2,33290000.0,,,,,Too Recent,Repeat Client
P0851,C-E-Client-05,E-Client-05,Energy,Data Visualization & Analytics,2025-11-11,2026-05-11,,Ongoing,High,12,6,6,204620000.0,,,,,Too Recent,Competitive Tender
P1869,C-TAI-Client-05,TAI-Client-05,Technology and Innovation,Data Visualization & Analytics,2025-11-12,2026-01-12,,Ongoing,Low,3,1,2,9240000.0,,,,,Too Recent,Competitive Tender
P1873,C-TAI-Client-07,TAI-Client-07,Technology and Innovation,Political Risk Management,2025-11-12,2025-12-12,2025-12-16,Completed,Low,2,1,1,3210000.0,3660000.0,4.0,0.139,4.5,Too Recent,Referral
P0611,C-CACM-Client-03,CACM-Client-03,Climate and Carbon Markets,Data Visualization & Analytics,2025-11-12,2026-06-12,,Ongoing,High,14,6,8,262780000.0,,,,,Too Recent,Competitive Tender
P1052,C-FAI-Client-01,FAI-Client-01,Finance and Insurance,Market & Social Research,2025-11-13,2026-02-13,,Ongoing,Medium,4,1,3,23510000.0,,,,,Too Recent,Repeat Client
P1871,C-TAI-Client-05,TAI-Client-05,Technology and Innovation,Market & Social Research,2025-11-14,2025-12-14,2025-12-17,Completed,Low,3,1,2,4340000.0,4690000.0,3.0,0.081,3.4,Too Recent,Referral
P0604,C-CACM-Client-07,CACM-Client-07,Climate and Carbon Markets,Stakeholder Engagement,2025-11-15,2026-04-15,,Ongoing,Medium,8,2,6,77890000.0,,,,,Too Recent,Competitive Tender
P1870,C-TAI-Client-03,TAI-Client-03,Technology and Innovation,Stakeholder Engagement,2025-11-16,2026-01-16,,Ongoing,Medium,5,2,3,17710000.0,,,,,Too Recent,Repeat Client
P1392,C-CEAT-Client-04,CEAT-Client-04,Creative Economy and Tourism,Market & Social Research,2025-11-16,2026-01-16,,Ongoing,Medium,4,1,3,9460000.0,,,,,Too Recent,Repeat Client
P0605,C-CACM-Client-01,CACM-Client-01,Climate and Carbon Markets,Data Visualization & Analytics,2025-11-17,2026-02-17,,Ongoing,Low,3,1,2,13640000.0,,,,,Too Recent,Repeat Client
P1863,C-TAI-Client-08,TAI-Client-08,Technology and Innovation,Market & Social Research,2025-11-17,2026-02-17,,Ongoing,Medium,7,3,4,35640000.0,,,,,Too Recent,Repeat Client
P1053,C-FAI-Client-07,FAI-Client-07,Finance and Insurance,Market & Social Research,2025-11-17,2026-02-17,,Ongoing,Low,4,1,3,24360000.0,,,,,Too Recent,Repeat Client
P1860,C-TAI-Client-07,TAI-Client-07,Technology and Innovation,Data Visualization & Analytics,2025-11-17,2026-01-17,,Ongoing,Low,4,2,2,10320000.0,,,,,Too Recent,Repeat Client
P0853,C-E-Client-10,E-Client-10,Energy,Political Risk Management,2025-11-17,2025-12-17,2025-12-19,Completed,Low,2,1,1,3430000.0,3650000.0,2.0,0.065,4.4,Too Recent,Referral
P0848,C-E-Client-09,E-Client-09,Energy,Digital Transformation,2025-11-19,2026-01-19,,Ongoing,Medium,4,1,3,18580000.0,,,,,Too Recent,Repeat Client
P1393,C-CEAT-Client-03,CEAT-Client-03,Creative Economy and Tourism,Digital Transformation,2025-11-19,2026-02-19,,Ongoing,Low,2,1,1,5540000.0,,,,,Too Recent,Competitive Tender
P1868,C-TAI-Client-03,TAI-Client-03,Technology and Innovation,Strategic Planning,2025-11-19,2026-03-19,,Ongoing,Medium,4,2,2,27560000.0,,,,,Too Recent,Repeat Client
P1874,C-TAI-Client-08,TAI-Client-08,Technology and Innovation,Data Visualization & Analytics,2025-11-19,2026-03-19,,Ongoing,Medium,8,3,5,58220000.0,,,,,Too Recent,Repeat Client
P1213,C-PS-Client-07,PS-Client-07,Public Sector,Strategic Planning,2025-11-19,2026-03-19,,Ongoing,Medium,7,2,5,38360000.0,,,,,Too Recent,Repeat Client
P1861,C-TAI-Client-07,TAI-Client-07,Technology and Innovation,Political Risk Management,2025-11-19,2026-01-19,,Ongoing,Low,4,2,2,10500000.0,,,,,Too Recent,Repeat Client
P1051,C-FAI-Client-04,FAI-Client-04,Finance and Insurance,Political Risk Management,2025-11-20,2026-02-20,,Ongoing,Low,2,1,1,11690000.0,,,,,Too Recent,Repeat Client
P0608,C-CACM-Client-07,CACM-Client-07,Climate and Carbon Markets,Data Visualization & Analytics,2025-11-20,2025-12-20,2026-01-04,Completed,Low,4,2,2,6230000.0,8190000.0,15.0,0.315,2.9,Too Recent,Referral
P1055,C-FAI-Client-09,FAI-Client-09,Finance and Insurance,Strategic Planning,2025-11-20,2025-12-20,2025-12-21,Completed,Low,4,1,3,7790000.0,8100000.0,1.0,0.04,4.4,Too Recent,Repeat Client
P1054,C-FAI-Client-08,FAI-Client-08,Finance and Insurance,Stakeholder Engagement,2025-11-20,2025-12-20,2025-12-23,Completed,Low,2,1,1,4130000.0,4470000.0,3.0,0.082,4.2,Too Recent,Competitive Tender
P0852,C-E-Client-04,E-Client-04,Energy,Market & Social Research,2025-11-21,2026-08-21,,Ongoing,High,11,4,7,259030000.0,,,,,Too Recent,Referral
P0602,C-CACM-Client-05,CACM-Client-05,Climate and Carbon Markets,Market & Social Research,2025-11-22,2026-06-22,,Ongoing,High,9,4,5,148720000.0,,,,,Too Recent,Competitive Tender
P1864,C-TAI-Client-02,TAI-Client-02,Technology and Innovation,Digital Transformation,2025-11-23,2026-02-23,,Ongoing,Low,4,2,2,16670000.0,,,,,Too Recent,Repeat Client
P0606,C-CACM-Client-02,CACM-Client-02,Climate and Carbon Markets,Strategic Planning,2025-11-23,2026-02-23,,Ongoing,Low,4,2,2,15940000.0,,,,,Too Recent,Repeat Client
P1862,C-TAI-Client-03,TAI-Client-03,Technology and Innovation,Market & Social Research,2025-11-23,2026-06-23,,Ongoing,High,13,5,8,229080000.0,,,,,Too Recent,Referral
P0607,C-CACM-Client-03,CACM-Client-03,Climate and Carbon Markets,Digital Transformation,2025-11-25,2026-04-25,,Ongoing,High,12,5,7,163470000.0,,,,,Too Recent,Referral
P0600,C-CACM-Client-04,CACM-Client-04,Climate and Carbon Markets,Political Risk Management,2025-11-25,2026-01-25,,Ongoing,Medium,7,2,5,30590000.0,,,,,Too Recent,Competitive Tender
P1875,C-TAI-Client-03,TAI-Client-03,Technology and Innovation,Market & Social Research,2025-11-26,2026-06-26,,Ongoing,High,14,7,7,216490000.0,,,,,Too Recent,Referral
P0609,C-CACM-Client-01,CACM-Client-01,Climate and Carbon Markets,Strategic Planning,2025-11-26,2026-04-26,,Ongoing,Medium,4,2,2,35640000.0,,,,,Too Recent,Repeat Client
P0597,C-CACM-Client-07,CACM-Client-07,Climate and Carbon Markets,Data Visualization & Analytics,2025-11-26,2026-02-26,,Ongoing,Medium,6,3,3,36720000.0,,,,,Too Recent,Direct Outreach
P0601,C-CACM-Client-02,CACM-Client-02,Climate and Carbon Markets,Political Risk Management,2025-11-26,2026-01-26,,Ongoing,Low,4,1,3,11060000.0,,,,,Too Recent,Direct Outreach
P0598,C-CACM-Client-02,CACM-Client-02,Climate and Carbon Markets,Stakeholder Engagement,2025-11-27,2026-06-27,,Ongoing,High,12,5,7,223040000.0,,,,,Too Recent,Repeat Client
P0849,C-E-Client-10,E-Client-10,Energy,Stakeholder Engagement,2025-11-27,2026-03-27,,Ongoing,Medium,8,2,6,70810000.0,,,,,Too Recent,Repeat Client
P1867,C-TAI-Client-02,TAI-Client-02,Technology and Innovation,Data Visualization & Analytics,2025-11-28,2026-06-28,,Ongoing,High,8,2,6,106630000.0,,,,,Too Recent,Direct Outreach
P0612,C-CACM-Client-05,CACM-Client-05,Climate and Carbon Markets,Political Risk Management,2025-12-01,2026-02-01,,Ongoing,Low,2,1,1,6790000.0,,,,,Too Recent,Direct Outreach
P0623,C-CACM-Client-04,CACM-Client-04,Climate and Carbon Markets,Data Visualization & Analytics,2025-12-01,2026-09-01,,Ongoing,High,10,4,6,184890000.0,,,,,Too Recent,Repeat Client
P0237,C-A-Client-01,A-Client-01,Agriculture,Stakeholder Engagement,2025-12-01,2026-03-01,,Ongoing,Low,4,2,2,11250000.0,,,,,Too Recent,Referral
P1881,C-TAI-Client-05,TAI-Client-05,Technology and Innovation,Stakeholder Engagement,2025-12-01,2026-03-01,,Ongoing,Low,4,1,3,15370000.0,,,,,Too Recent,Repeat Client
P1894,C-TAI-Client-05,TAI-Client-05,Technology and Innovation,Political Risk Management,2025-12-01,2026-03-01,,Ongoing,Low,2,1,1,8240000.0,,,,,Too Recent,Competitive Tender
P1888,C-TAI-Client-06,TAI-Client-06,Technology and Innovation,Political Risk Management,2025-12-02,2026-02-02,,Ongoing,Low,2,1,1,6790000.0,,,,,Too Recent,Referral
P0617,C-CACM-Client-06,CACM-Client-06,Climate and Carbon Markets,Digital Transformation,2025-12-02,2026-02-02,,Ongoing,Medium,4,1,3,13060000.0,,,,,Too Recent,Competitive Tender
P0613,C-CACM-Client-03,CACM-Client-03,Climate and Carbon Markets,Data Visualization & Analytics,2025-12-03,2026-01-03,,Ongoing,Low,4,1,3,7380000.0,,,,,Too Recent,Repeat Client
P1056,C-FAI-Client-03,FAI-Client-03,Finance and Insurance,Stakeholder Engagement,2025-12-03,2026-02-03,,Ongoing,Low,4,1,3,15810000.0,,,,,Too Recent,Referral
P1895,C-TAI-Client-07,TAI-Client-07,Technology and Innovation,Data Visualization & Analytics,2025-12-04,2026-02-04,,Ongoing,Low,2,1,1,6540000.0,,,,,Too Recent,Competitive Tender
P0618,C-CACM-Client-03,CACM-Client-03,Climate and Carbon Markets,Stakeholder Engagement,2025-12-04,2026-03-04,,Ongoing,Medium,5,1,4,27470000.0,,,,,Too Recent,Referral
P0626,C-CACM-Client-06,CACM-Client-06,Climate and Carbon Markets,Stakeholder Engagement,2025-12-04,2026-04-04,,Ongoing,Medium,7,3,4,57600000.0,,,,,Too Recent,Repeat Client
P1214,C-PS-Client-07,PS-Client-07,Public Sector,Stakeholder Engagement,2025-12-06,2026-05-06,,Ongoing,High,15,7,8,157730000.0,,,,,Too Recent,Competitive Tender
P1889,C-TAI-Client-06,TAI-Client-06,Technology and Innovation,Political Risk Management,2025-12-06,2026-02-06,,Ongoing,Low,2,1,1,6570000.0,,,,,Too Recent,Competitive Tender
P1891,C-TAI-Client-03,TAI-Client-03,Technology and Innovation,Data Visualization & Analytics,2025-12-06,2026-02-06,,Ongoing,Low,2,1,1,5490000.0,,,,,Too Recent,Repeat Client
P0625,C-CACM-Client-04,CACM-Client-04,Climate and Carbon Markets,Political Risk Management,2025-12-06,2026-04-06,,Ongoing,Medium,6,1,5,44740000.0,,,,,Too Recent,Repeat Client
P0619,C-CACM-Client-07,CACM-Client-07,Climate and Carbon Markets,Political Risk Management,2025-12-06,2026-02-06,,Ongoing,Low,4,1,3,14250000.0,,,,,Too Recent,Repeat Client
P1879,C-TAI-Client-01,TAI-Client-01,Technology and Innovation,Digital Transformation,2025-12-08,2026-02-08,,Ongoing,Low,3,1,2,9070000.0,,,,,Too Recent,Repeat Client
P1897,C-TAI-Client-04,TAI-Client-04,Technology and Innovation,Political Risk Management,2025-12-08,2026-03-08,,Ongoing,Low,4,2,2,16220000.0,,,,,Too Recent,Referral
P0630,C-CACM-Client-03,CACM-Client-03,Climate and Carbon Markets,Data Visualization & Analytics,2025-12-08,2026-02-08,,Ongoing,Low,2,1,1,6180000.0,,,,,Too Recent,Repeat Client
P1059,C-FAI-Client-06,FAI-Client-06,Finance and Insurance,Stakeholder Engagement,2025-12-08,2026-05-08,,Ongoing,Medium,7,3,4,80170000.0,,,,,Too Recent,Repeat Client
P0620,C-CACM-Client-03,CACM-Client-03,Climate and Carbon Markets,Digital Transformation,2025-12-08,2026-05-08,,Ongoing,Medium,5,2,3,55410000.0,,,,,Too Recent,Referral
P0861,C-E-Client-02,E-Client-02,Energy,Market & Social Research,2025-12-09,2026-03-09,,Cancelled,Medium,6,3,3,38390000.0,38390000.0,,,,N/A,Direct Outreach
P1890,C-TAI-Client-02,TAI-Client-02,Technology and Innovation,Stakeholder Engagement,2025-12-09,2026-02-09,,Ongoing,Medium,4,2,2,12970000.0,,,,,Too Recent,Repeat Client
P1896,C-TAI-Client-01,TAI-Client-01,Technology and Innovation,Market & Social Research,2025-12-09,2026-07-09,,Ongoing,High,8,3,5,139350000.0,,,,,Too Recent,Repeat Client
P0860,C-E-Client-03,E-Client-03,Energy,Digital Transformation,2025-12-10,2026-02-10,,Ongoing,Medium,7,3,4,28470000.0,,,,,Too Recent,Referral
P0236,C-A-Client-07,A-Client-07,Agriculture,Data Visualization & Analytics,2025-12-10,2026-01-10,,Ongoing,Low,4,1,3,4870000.0,,,,,Too Recent,Repeat Client
P0614,C-CACM-Client-04,CACM-Client-04,Climate and Carbon Markets,Stakeholder Engagement,2025-12-10,2026-06-10,,Ongoing,High,14,7,7,165260000.0,,,,,Too Recent,Repeat Client
P1396,C-CEAT-Client-07,CEAT-Client-07,Creative Economy and Tourism,Digital Transformation,2025-12-11,2026-06-11,,Ongoing,High,11,5,6,79800000.0,,,,,Too Recent,Repeat Client
P1215,C-PS-Client-09,PS-Client-09,Public Sector,Stakeholder Engagement,2025-12-11,2026-09-11,,Ongoing,High,9,4,5,147680000.0,,,,,Too Recent,Repeat Client
P1397,C-CEAT-Client-01,CEAT-Client-01,Creative Economy and Tourism,Stakeholder Engagement,2025-12-12,2026-01-12,,Ongoing,Low,4,2,2,4430000.0,,,,,Too Recent,Repeat Client
P1058,C-FAI-Client-09,FAI-Client-09,Finance and Insurance,Political Risk Management,2025-12-12,2026-01-12,,Ongoing,Low,4,2,2,7740000.0,,,,,Too Recent,Repeat Client
P0628,C-CACM-Client-05,CACM-Client-05,Climate and Carbon Markets,Stakeholder Engagement,2025-12-12,2026-07-12,,Ongoing,High,9,3,6,144360000.0,,,,,Too Recent,Competitive Tender
P0862,C-E-Client-05,E-Client-05,Energy,Political Risk Management,2025-12-12,2026-01-12,,Ongoing,Low,4,1,3,7740000.0,,,,,Too Recent,Competitive Tender
P0627,C-CACM-Client-02,CACM-Client-02,Climate and Carbon Markets,Data Visualization & Analytics,2025-12-13,2026-03-13,,Ongoing,Low,3,1,2,14600000.0,,,,,Too Recent,Repeat Client
P0856,C-E-Client-10,E-Client-10,Energy,Digital Transformation,2025-12-13,2026-03-13,,Ongoing,Low,2,1,1,9440000.0,,,,,Too Recent,Repeat Client
P1880,C-TAI-Client-03,TAI-Client-03,Technology and Innovation,Digital Transformation,2025-12-15,2026-04-15,,Ongoing,Medium,4,1,3,26230000.0,,,,,Too Recent,Repeat Client
P1877,C-TAI-Client-06,TAI-Client-06,Technology and Innovation,Strategic Planning,2025-12-15,2026-01-15,,Ongoing,Low,4,2,2,5170000.0,,,,,Too Recent,Repeat Client
P0615,C-CACM-Client-02,CACM-Client-02,Climate and Carbon Markets,Political Risk Management,2025-12-16,2026-04-16,,Ongoing,Medium,7,2,5,59540000.0,,,,,Too Recent,Direct Outreach
P0855,C-E-Client-07,E-Client-07,Energy,Political Risk Management,2025-12-16,2026-04-16,,Ongoing,Medium,6,3,3,52120000.0,,,,,Too Recent,Competitive Tender
P1398,C-CEAT-Client-05,CEAT-Client-05,Creative Economy and Tourism,Strategic Planning,2025-12-17,2026-05-17,,Ongoing,Medium,5,1,4,34630000.0,,,,,Too Recent,Repeat Client
P1876,C-TAI-Client-08,TAI-Client-08,Technology and Innovation,Digital Transformation,2025-12-17,2026-03-17,,Ongoing,Low,3,1,2,12240000.0,,,,,Too Recent,Repeat Client
P1884,C-TAI-Client-01,TAI-Client-01,Technology and Innovation,Strategic Planning,2025-12-17,2026-05-17,,Ongoing,High,14,5,9,132150000.0,,,,,Too Recent,Competitive Tender
P0858,C-E-Client-09,E-Client-09,Energy,Data Visualization & Analytics,2025-12-18,2026-05-18,,Ongoing,Medium,6,2,4,66910000.0,,,,,Too Recent,Referral
P1057,C-FAI-Client-09,FAI-Client-09,Finance and Insurance,Political Risk Management,2025-12-18,2026-04-18,,Ongoing,High,13,6,7,137310000.0,,,,,Too Recent,Repeat Client
P0629,C-CACM-Client-06,CACM-Client-06,Climate and Carbon Markets,Strategic Planning,2025-12-19,2026-04-19,,Ongoing,High,9,3,6,75740000.0,,,,,Too Recent,Repeat Client
P0857,C-E-Client-04,E-Client-04,Energy,Digital Transformation,2025-12-19,2026-01-19,,Ongoing,Low,3,1,2,5610000.0,,,,,Too Recent,Referral
P1395,C-CEAT-Client-04,CEAT-Client-04,Creative Economy and Tourism,Digital Transformation,2025-12-20,2026-05-20,,Ongoing,Medium,5,2,3,33280000.0,,,,,Too Recent,Repeat Client
P0622,C-CACM-Client-07,CACM-Client-07,Climate and Carbon Markets,Political Risk Management,2025-12-20,2026-01-20,,Ongoing,Low,3,1,2,4330000.0,,,,,Too Recent,Direct Outreach
P1883,C-TAI-Client-01,TAI-Client-01,Technology and Innovation,Stakeholder Engagement,2025-12-20,2026-03-20,,Ongoing,Low,4,2,2,14720000.0,,,,,Too Recent,Repeat Client
P1882,C-TAI-Client-02,TAI-Client-02,Technology and Innovation,Market & Social Research,2025-12-21,2026-01-21,,Ongoing,Low,4,2,2,6150000.0,,,,,Too Recent,Direct Outreach
P1893,C-TAI-Client-06,TAI-Client-06,Technology and Innovation,Market & Social Research,2025-12-22,2026-01-22,,Ongoing,Low,2,1,1,2740000.0,,,,,Too Recent,Repeat Client
P0621,C-CACM-Client-01,CACM-Client-01,Climate and Carbon Markets,Digital Transformation,2025-12-22,2026-02-22,,Ongoing,Low,3,1,2,10390000.0,,,,,Too Recent,Repeat Client
P0854,C-E-Client-01,E-Client-01,Energy,Digital Transformation,2025-12-22,2026-04-22,,Ongoing,Medium,5,1,4,41430000.0,,,,,Too Recent,Repeat Client
P1885,C-TAI-Client-01,TAI-Client-01,Technology and Innovation,Data Visualization & Analytics,2025-12-22,2026-03-22,,Ongoing,Low,2,1,1,8080000.0,,,,,Too Recent,Competitive Tender
P0616,C-CACM-Client-02,CACM-Client-02,Climate and Carbon Markets,Data Visualization & Analytics,2025-12-24,2026-05-24,,Ongoing,Medium,6,1,5,56630000.0,,,,,Too Recent,Repeat Client
P0238,C-A-Client-04,A-Client-04,Agriculture,Stakeholder Engagement,2025-12-24,2026-02-24,,Ongoing,Low,3,1,2,7020000.0,,,,,Too Recent,Referral
P0624,C-CACM-Client-02,CACM-Client-02,Climate and Carbon Markets,Stakeholder Engagement,2025-12-25,2026-02-25,,Ongoing,Medium,8,2,6,25940000.0,,,,,Too Recent,Repeat Client
P1892,C-TAI-Client-05,TAI-Client-05,Technology and Innovation,Political Risk Management,2025-12-25,2026-02-25,,Ongoing,Medium,5,2,3,20000000.0,,,,,Too Recent,Repeat Client
P1886,C-TAI-Client-08,TAI-Client-08,Technology and Innovation,Strategic Planning,2025-12-26,2026-01-26,,Ongoing,Low,2,1,1,2760000.0,,,,,Too Recent,Competitive Tender
P1060,C-FAI-Client-03,FAI-Client-03,Finance and Insurance,Data Visualization & Analytics,2025-12-26,2026-02-26,,Ongoing,Medium,7,2,5,26850000.0,,,,,Too Recent,Repeat Client
P1878,C-TAI-Client-07,TAI-Client-07,Technology and Innovation,Political Risk Management,2025-12-26,2026-03-26,,Ongoing,Low,4,1,3,19740000.0,,,,,Too Recent,Repeat Client
P1887,C-TAI-Client-07,TAI-Client-07,Technology and Innovation,Stakeholder Engagement,2025-12-26,2026-08-26,,Ongoing,High,12,3,9,235370000.0,,,,,Too Recent,Referral
P0859,C-E-Client-09,E-Client-09,Energy,Market & Social Research,2025-12-28,2026-01-28,,Ongoing,Low,4,2,2,7510000.0,,,,,Too Recent,Competitive Tender
